venue,city,country,match_type,match_date,temperature,humidity,wind_speed,dew_point,cloud_cover,pitch_age_days,ground_avg_1st_innings,ground_pace_wickets_pct,ground_spin_wickets_pct,season,day_night,pitch_type
M. Chinnaswamy Stadium,Bengaluru,India,T20,2010-01-01,21.5,60.03989091431705,15.0,23.326113085119374,38.870903339569885,2,180.0042831094962,49.31563153929011,50.68436846070989,Post-Monsoon,0,0
Wankhede Stadium,Mumbai,India,Test,2021-02-14,25.25,44.60328003132448,21.8,20.40415173369988,10.231538450911364,4,355.93026148258303,53.56180857209095,46.43819142790905,Post-Monsoon,1,2
Eden Gardens,Kolkata,India,T20,2018-01-26,19.4,73.06303658601348,9.4,21.761657077453265,67.05537442693972,2,182.27586362407746,70.07127441674234,29.92872558325766,Monsoon,1,1
Narendra Modi Stadium,Ahmedabad,India,Test,2015-08-02,27.65,60.67815694982484,18.4,15.696728124769473,38.82710252661615,3,347.556870689184,43.31616675091642,56.68383324908358,Summer,0,0
Rajiv Gandhi International Stadium,Hyderabad,India,ODI,2007-08-16,26.0,59.928034876278524,19.8,22.033480674163762,29.832609980829666,3,314.8064661207607,44.51704171667719,55.48295828332281,Winter,1,0
Eden Gardens,Kolkata,India,T20,2004-12-02,22.799999999999997,42.44288182806861,10.4,13.944439247924347,8.68137522831168,4,143.60858370287198,29.956223069074298,70.0437769309257,Winter,1,2
Maharashtra Cricket Association Stadium,Pune,India,T20,2018-07-02,25.4,91.84509049733522,23.2,24.963228631854705,77.7189024617758,1,174.59925933123918,62.857802108469144,37.142197891530856,Post-Monsoon,0,1
Wankhede Stadium,Mumbai,India,T20,2018-12-09,24.450000000000003,43.9399043307608,19.6,12.716749571052247,27.35186622291413,2,197.30748808069612,46.736456672656935,53.263543327343065,Post-Monsoon,1,0
Maharashtra Cricket Association Stadium,Pune,India,T20,2016-06-26,23.9,84.8718619879707,14.5,23.819221762279554,67.3160533657176,1,187.46262302074402,66.82455902712522,33.17544097287478,Winter,1,1
Eden Gardens,Kolkata,India,T20,2011-02-04,21.2,80.53385406422917,10.7,20.178940793636674,79.70732067452921,1,164.4117714334434,54.507840154517375,45.492159845482625,Post-Monsoon,1,1
Rajiv Gandhi International Stadium,Hyderabad,India,T20,2020-09-02,26.9,47.31221645053265,13.3,20.123468120090248,26.08557151924934,4,178.90098151634834,54.27820689194105,45.72179310805895,Post-Monsoon,1,0
Narendra Modi Stadium,Ahmedabad,India,ODI,2001-04-25,33.2,31.3115430812337,14.1,12.950747016735093,22.748437559244532,7,252.37582965226298,32.75327599381848,67.24672400618152,Winter,1,2
M. A. Chidambaram Stadium,Chennai,India,ODI,2019-08-17,28.0,87.6,38.3,25.6,63.9,2,285.03788050900744,60.100803565492946,39.899196434507054,Winter,1,1
Wankhede Stadium,Mumbai,India,T20,2005-01-25,23.55,76.24936772159806,16.0,21.979382728776585,66.06750807618285,2,169.22837857539682,56.40831126129477,43.59168873870523,Post-Monsoon,0,1
Maharashtra Cricket Association Stadium,Pune,India,T20,2017-05-06,31.299999999999997,54.68374261224393,17.5,11.80901476075037,10.43248127548328,3,208.9983438193696,56.40897020061688,43.59102979938312,Summer,1,0
Maharashtra Cricket Association Stadium,Pune,India,T20,2000-09-23,25.799999999999997,56.85999385558362,10.8,19.839200952349024,20.540778375633295,4,204.53788386875271,48.532192435171346,51.467807564828654,Summer,1,0
Narendra Modi Stadium,Ahmedabad,India,T20,2000-12-21,22.35,43.2835405323875,14.7,11.306769978942247,9.01634360714296,6,175.3842437356535,46.123523888252706,53.876476111747294,Summer,1,2
M. Chinnaswamy Stadium,Bengaluru,India,ODI,2010-03-29,28.200000000000003,50.32567430138997,10.4,15.782765289353822,44.6589262496437,2,284.907870928994,47.0723189210089,52.9276810789911,Summer,0,0
M. A. Chidambaram Stadium,Chennai,India,T20,2008-03-30,27.9,79.9,14.8,24.1,57.0,1,150.79002198080764,58.794303741812186,41.205696258187814,Monsoon,1,1
Wankhede Stadium,Mumbai,India,T20,2006-08-06,25.6,80.25946452039098,33.0,26.59908382631729,81.8564679327759,1,147.38661391890182,53.19493638709345,46.80506361290655,Winter,1,1
Eden Gardens,Kolkata,India,ODI,2012-03-09,27.799999999999997,81.29844374932806,12.5,22.94894555045944,72.75685870365969,1,263.23948739282525,63.421129538764475,36.578870461235525,Monsoon,0,1
Wankhede Stadium,Mumbai,India,T20,2012-12-26,25.950000000000003,59.60551438549941,14.4,22.12867162426319,18.17538276763809,4,159.60237913845646,50.896849703874736,49.103150296125264,Summer,1,0
Eden Gardens,Kolkata,India,T20,2010-12-15,18.65,82.58960236066294,14.3,25.684923853594345,68.91502069497133,2,194.59280993253077,65.07314256808158,34.92685743191842,Monsoon,1,1
Rajiv Gandhi International Stadium,Hyderabad,India,T20,2004-09-09,25.3,53.43423129159227,22.5,18.584824959124546,22.103444342243147,3,186.63399305656569,52.76339420232317,47.23660579767683,Winter,0,0
Eden Gardens,Kolkata,India,ODI,2000-10-08,28.049999999999997,90.24918883424948,9.2,23.424537271865244,57.781388223251135,1,250.86287135307643,64.10357865359869,35.89642134640131,Winter,1,1
M. A. Chidambaram Stadium,Chennai,India,ODI,2018-05-01,32.8,70.7,25.9,26.3,40.1,7,242.94780885743876,37.27378897785771,62.72621102214229,Summer,0,2
Maharashtra Cricket Association Stadium,Pune,India,Test,2012-06-04,29.15,81.53112998913537,15.1,24.951008993720958,66.37695424443456,2,309.8885314988211,63.096373317001294,36.903626682998706,Winter,0,1
Rajiv Gandhi International Stadium,Hyderabad,India,ODI,2023-03-11,26.5,45.82664028750375,13.7,16.90611557042501,39.49518974290642,4,318.70036570348134,46.870241888620114,53.129758111379886,Summer,1,0
Maharashtra Cricket Association Stadium,Pune,India,Test,2001-10-01,24.950000000000003,78.61264698140802,11.9,19.706962151008117,68.88273987044889,1,299.2660986458316,57.357772939293156,42.642227060706844,Monsoon,1,1
Wankhede Stadium,Mumbai,India,ODI,2010-09-21,27.5,62.84266035076793,13.0,15.911452340921912,38.09872622866183,3,318.8085099488362,43.83935303281157,56.16064696718843,Summer,1,0
Narendra Modi Stadium,Ahmedabad,India,ODI,2023-12-05,23.0,68.0,18.7,21.18734287606162,41.600607328763104,3,313.2174076524472,57.32388885815433,42.67611114184567,Summer,0,2
Maharashtra Cricket Association Stadium,Pune,India,ODI,2018-10-21,27.15,83.46191635008498,14.1,27.0610967082285,92.67762506513905,2,311.63234504910685,61.82411815352987,38.17588184647013,Post-Monsoon,1,1
Narendra Modi Stadium,Ahmedabad,India,Test,2022-02-10,22.049999999999997,53.20973583647413,16.9,20.192343847758757,8.307044183395249,4,359.34129610741195,51.23805427074045,48.76194572925955,Post-Monsoon,0,2
Punjab Cricket Association IS Bindra Stadium,Mohali,India,T20,2009-01-03,15.200000000000001,89.22845850039667,10.6,24.13103029511997,73.95706127522716,2,177.30387093809665,65.5164424272364,34.4835575727636,Monsoon,1,1
Wankhede Stadium,Mumbai,India,T20,2013-01-27,23.7,79.21478093009021,14.6,25.279676822108975,62.31531076028299,1,154.20858099414636,71.18148001130422,28.818519988695783,Post-Monsoon,1,1
M. Chinnaswamy Stadium,Bengaluru,India,T20,2009-11-26,22.2,47.02208982079439,13.0,21.540383937781787,17.812383880112375,3,193.1316093616924,56.754532173685334,43.245467826314666,Summer,1,0
Sawai Mansingh Stadium,Jaipur,India,Test,2008-02-23,21.8,44.12764362180987,13.4,14.271979808264398,35.68512701914592,5,262.1118476378889,40.61041943985696,59.38958056014304,Summer,0,2
Narendra Modi Stadium,Ahmedabad,India,ODI,2008-11-12,24.85,38.986475235539665,9.3,9.679732968238605,33.80274494276421,6,243.07789144282873,38.085644323142645,61.914355676857355,Winter,0,2
M. A. Chidambaram Stadium,Chennai,India,T20,2007-12-07,24.3,83.6,13.0,21.3,66.5,5,183.77149994359735,39.32287007377235,60.67712992622765,Summer,0,1
Maharashtra Cricket Association Stadium,Pune,India,ODI,2001-01-11,23.65,77.63185603108134,11.9,21.85688698714727,67.89440086165598,2,263.8303423421714,59.13427863526879,40.86572136473121,Monsoon,1,1
Sawai Mansingh Stadium,Jaipur,India,ODI,2008-08-12,26.4,34.17468060387076,15.9,16.74135812020527,15.781294329650652,5,264.23128245440233,39.8047745721772,60.1952254278228,Summer,0,2
Maharashtra Cricket Association Stadium,Pune,India,Test,2007-04-22,28.25,81.13107353194212,15.3,20.066072503624962,87.89866171824909,2,302.5896878407783,67.95672698993243,32.043273010067566,Winter,0,1
Sawai Mansingh Stadium,Jaipur,India,Test,2024-04-03,27.7,26.89292559208114,12.4,11.027635077896269,27.619024932622047,5,287.8495989255334,43.01071040319815,56.98928959680185,Summer,0,2
M. A. Chidambaram Stadium,Chennai,India,T20,2020-12-24,25.0,74.5,18.4,19.7,49.8,5,143.64583476516344,48.0,52.0,Summer,0,2
M. A. Chidambaram Stadium,Chennai,India,Test,2019-05-20,32.8,68.8,22.3,25.9,31.4,5,297.5794049865559,29.73657509027055,70.26342490972945,Summer,1,2
Wankhede Stadium,Mumbai,India,T20,2002-09-13,26.25,80.31304523556425,11.2,20.753852851056408,83.4002211204328,2,128.23588591061122,58.57260906823195,41.42739093176805,Monsoon,0,1
Maharashtra Cricket Association Stadium,Pune,India,T20,2000-08-08,24.45,58.08676011015593,12.9,18.17777791689493,9.847265203059358,4,171.74237267349454,53.12194628651895,46.87805371348105,Summer,1,0
M. Chinnaswamy Stadium,Bengaluru,India,ODI,2011-05-13,25.9,50.12925073151393,8.6,16.18815662683364,36.93728770482258,4,327.4044773648775,51.31433636601419,48.68566363398581,Post-Monsoon,1,0
Maharashtra Cricket Association Stadium,Pune,India,T20,2008-01-09,22.9,49.620582143302826,8.0,14.201095992138631,16.85800892748606,3,165.0719891815457,48.876667851887554,51.123332148112446,Summer,1,0
Wankhede Stadium,Mumbai,India,T20,2017-03-10,24.45,87.26891147154294,18.4,25.87101936871835,84.02173831430896,1,204.48247049383565,63.29216084492766,36.70783915507234,Winter,1,1
Maharashtra Cricket Association Stadium,Pune,India,T20,2003-10-24,25.9,83.07146256668928,12.2,24.09531373110237,72.93365861309792,2,165.06218910884328,61.90025235701187,38.09974764298813,Post-Monsoon,1,1
Narendra Modi Stadium,Ahmedabad,India,ODI,2006-08-27,27.8,48.711379745444574,24.9,10.942993712231491,23.24025841930522,3,286.9335045019734,44.569584380280865,55.430415619719135,Post-Monsoon,1,2
M. A. Chidambaram Stadium,Chennai,India,T20,2012-02-06,25.7,78.9,18.4,21.5,38.9,5,157.73849154576487,41.93341821244142,58.06658178755858,Summer,0,2
Narendra Modi Stadium,Ahmedabad,India,T20,2023-04-03,29.65,45.35566693154243,17.0,15.853016110177274,17.33098686526555,3,198.86456400236187,54.22602356155894,45.77397643844106,Winter,1,0
Rajiv Gandhi International Stadium,Hyderabad,India,T20,2018-01-09,20.799999999999997,52.35351553934969,11.6,14.42710380572237,29.591582858021184,4,182.5855714520749,44.60404445853863,55.39595554146137,Post-Monsoon,1,0
M. Chinnaswamy Stadium,Bengaluru,India,T20,2023-12-27,21.5,49.25110705312403,19.9,16.25952428467142,10.505269506108446,4,181.1514219968002,50.393173429466856,49.606826570533144,Summer,0,0
Narendra Modi Stadium,Ahmedabad,India,T20,2021-09-29,26.8,48.121151646850585,35.6,18.001846462615035,31.367602448296438,4,173.9216481030056,60.0,40.0,Post-Monsoon,1,2
Punjab Cricket Association IS Bindra Stadium,Mohali,India,T20,2008-07-24,32.45,83.55479256298477,15.0,20.103020947982166,69.29426874851133,1,150.07168760485388,56.82091023085372,43.17908976914628,Monsoon,0,1
Maharashtra Cricket Association Stadium,Pune,India,T20,2012-12-03,25.25,80.21505371080487,14.2,22.5670844941689,77.21351049594614,1,136.9038295340961,65.30576448494519,34.694235515054814,Post-Monsoon,1,1
Punjab Cricket Association IS Bindra Stadium,Mohali,India,T20,2006-12-30,13.399999999999999,87.9323368043318,9.8,25.129748171912954,68.71864472160081,1,188.2382678908407,59.93451752562959,40.06548247437041,Monsoon,1,1
M. Chinnaswamy Stadium,Bengaluru,India,ODI,2010-05-26,26.4,42.11715364737183,21.3,13.152223999104857,11.22993702261273,3,329.8163885588444,52.15329492664192,47.84670507335808,Post-Monsoon,0,0
Wankhede Stadium,Mumbai,India,T20,2013-10-11,26.15,83.0820864805322,14.2,25.53522281177441,75.43191801754637,1,171.43862694499518,61.795328415133405,38.204671584866595,Monsoon,1,1
Maharashtra Cricket Association Stadium,Pune,India,Test,2000-04-25,27.6,52.81700252444922,17.7,18.006974478461707,29.779809638422204,3,349.81855690560593,56.16359543026559,43.83640456973441,Summer,1,0
Maharashtra Cricket Association Stadium,Pune,India,ODI,2009-01-31,27.15,87.07496994289944,9.7,25.935498364110376,83.32895171891363,2,293.7120494583531,57.79452308629576,42.20547691370424,Monsoon,1,1
Narendra Modi Stadium,Ahmedabad,India,ODI,2004-06-19,31.0,50.76739788798448,25.5,20.990965156479138,42.83959178871574,3,292.881232895777,50.78718455176317,49.21281544823683,Post-Monsoon,0,0
Arun Jaitley Stadium,Delhi,India,T20,2014-02-24,16.375,69.375,5.3375,16.274164085940388,9.440928691349942,6,167.01215823544655,38.99974735468032,61.00025264531968,Summer,1,2
M. A. Chidambaram Stadium,Chennai,India,Test,2017-07-08,30.2,69.1,16.6,23.8,50.6,1,337.5632232024987,58.75682223571818,41.24317776428182,Monsoon,1,1
M. A. Chidambaram Stadium,Chennai,India,ODI,2010-12-21,24.2,84.9,22.3,21.3,55.4,6,257.2373007433608,44.53236974736691,55.46763025263309,Summer,0,2
M. Chinnaswamy Stadium,Bengaluru,India,ODI,2018-08-29,22.85,61.47441928825581,20.3,17.485092174796335,37.64024909972123,4,299.47023965719427,41.58241537694678,58.41758462305322,Post-Monsoon,0,0
Eden Gardens,Kolkata,India,T20,2019-02-07,23.0,78.20923196243744,9.5,23.07117697777357,74.94758862055303,1,141.53784316103332,53.0,47.0,Monsoon,0,1
Wankhede Stadium,Mumbai,India,T20,2022-07-18,25.4,68.7847598325073,18.5,26.63506100756317,79.13209563475581,1,127.02640857248733,59.31367269654604,40.68632730345396,Monsoon,0,1
Maharashtra Cricket Association Stadium,Pune,India,Test,2024-04-24,31.950000000000003,53.948053694647996,11.3,12.317358929859495,32.69949149371413,2,382.23331448689896,50.647840204175175,49.352159795824825,Winter,0,0
Narendra Modi Stadium,Ahmedabad,India,ODI,2000-10-29,28.85,59.59669737299708,11.1,12.633851337767805,21.430658371565254,4,290.8803899000167,47.36816774464789,52.63183225535211,Post-Monsoon,1,0
Narendra Modi Stadium,Ahmedabad,India,T20,2005-06-21,31.6,56.648899379603534,24.3,16.000766025616525,5.0,2,181.37664282574087,46.526337061638,53.473662938362,Winter,1,0
Eden Gardens,Kolkata,India,T20,2014-06-29,29.049999999999997,27.884557110582293,13.5,7.094196289509487,31.819346293024807,4,151.9582558834064,40.12819530173837,59.87180469826163,Summer,1,2
Eden Gardens,Kolkata,India,Test,2000-07-11,28.6,33.70244964789266,21.6,12.189225506621202,20.44464153521984,4,306.2857559906902,35.53100627032272,64.46899372967728,Winter,0,2
Narendra Modi Stadium,Ahmedabad,India,T20,2007-03-19,29.75,59.67406916582316,12.4,18.495144509336345,41.61811616943741,2,171.26474457239357,49.32884467243311,50.67115532756689,Summer,0,0
M. A. Chidambaram Stadium,Chennai,India,ODI,2020-04-04,29.7,71.5,20.5,23.8,32.6,7,254.21905776894965,39.84476399755723,60.15523600244277,Summer,0,2
Arun Jaitley Stadium,Delhi,India,T20,2018-01-31,18.45,36.82920220927624,23.4,8.395306477955858,24.32344171747387,7,166.3031075745664,42.783341794550424,57.216658205449576,Summer,0,2
Wankhede Stadium,Mumbai,India,Test,2012-03-07,23.9,86.40080672410801,17.1,20.4316616094537,64.47596959436478,2,321.53623906382506,57.182631461446604,42.817368538553396,Post-Monsoon,1,1
Narendra Modi Stadium,Ahmedabad,India,T20,2022-03-09,28.700000000000003,41.20247926647738,14.8,11.906774655456385,17.093168017281545,4,156.8784661765291,36.46733743551086,63.53266256448914,Summer,1,2
Sawai Mansingh Stadium,Jaipur,India,T20,2020-04-12,29.849999999999998,43.6903574783492,16.5,14.807975954113498,25.12035602408113,5,145.05994521939408,40.55210950254205,59.44789049745795,Summer,0,2
Rajiv Gandhi International Stadium,Hyderabad,India,T20,2002-12-02,23.200000000000003,68.0,10.9,17.47055908488305,26.757752492400446,4,196.11594929067513,53.10658514248261,46.89341485751739,Summer,0,0
Eden Gardens,Kolkata,India,T20,2011-10-02,28.5,28.607933391818854,8.7,10.783335132958273,26.979395274398577,6,184.2796865699445,44.35413632180625,55.64586367819375,Summer,0,2
Sawai Mansingh Stadium,Jaipur,India,T20,2011-08-19,27.5,42.402104567521064,14.0,16.84527966230344,17.504262295724136,4,172.6544622564307,44.599900555368485,55.400099444631515,Winter,1,2
M. A. Chidambaram Stadium,Chennai,India,T20,2004-07-02,28.3,72.6,27.7,22.9,80.0,1,147.9181314460629,73.30738207012075,26.692617929879248,Monsoon,1,1
Punjab Cricket Association IS Bindra Stadium,Mohali,India,T20,2020-08-24,28.25,85.31164610654425,24.0,24.645848656029028,64.5226320577167,2,161.04541600058462,57.54959116699613,42.45040883300387,Monsoon,1,1
Arun Jaitley Stadium,Delhi,India,T20,2000-05-20,36.45,44.79092738108351,16.8,6.770139529956666,21.641621797097134,6,157.4382037252505,41.13838814592914,58.86161185407086,Summer,1,2
Narendra Modi Stadium,Ahmedabad,India,ODI,2018-12-29,17.35,51.75036002439887,15.9,4.9953627666839635,13.65463335155109,7,268.3515663714602,39.927360590312155,60.072639409687845,Summer,0,2
Sawai Mansingh Stadium,Jaipur,India,Test,2001-11-30,17.9,48.910897838511275,12.7,8.84155930014563,5.979972351672824,4,286.8475673810105,48.0,52.0,Winter,0,2
Eden Gardens,Kolkata,India,T20,2017-09-03,29.15,79.28079012386348,11.3,23.953558292605123,71.83110677635182,2,160.26430446157894,62.45067249211514,37.54932750788486,Monsoon,1,1
Sawai Mansingh Stadium,Jaipur,India,Test,2000-09-13,28.95,26.78343168604756,18.0,7.293127702013949,17.13503329426463,6,274.864684938007,38.09018483257596,61.90981516742404,Summer,1,2
M. A. Chidambaram Stadium,Chennai,India,ODI,2002-09-16,30.5,44.74539448018135,16.5,11.896754457752452,23.407830846455386,5,256.2560003203445,39.95413375908935,60.04586624091065,Winter,1,2
Maharashtra Cricket Association Stadium,Pune,India,T20,2010-07-04,24.4,41.63730172572719,14.2,17.255825269898143,17.63293719764386,2,191.14805854586993,47.50063591318929,52.49936408681071,Post-Monsoon,1,0
M. A. Chidambaram Stadium,Chennai,India,ODI,2024-06-01,48.0,73.6,14.3,32.0,43.5,2,241.33357006497067,68.06130936323578,31.93869063676422,Post-Monsoon,1,1
M. Chinnaswamy Stadium,Bengaluru,India,ODI,2011-07-05,23.049999999999997,57.19083802290962,19.9,17.644528928167485,17.83416770255331,3,310.8461850451072,50.61957590343038,49.38042409656962,Post-Monsoon,1,0
M. A. Chidambaram Stadium,Chennai,India,T20,2001-04-22,30.65,46.0239752036058,16.8,13.646592919829533,19.72083387537171,4,159.73719024383138,41.57826854420307,58.42173145579693,Winter,1,2
Eden Gardens,Kolkata,India,T20,2014-09-26,29.15,89.11481225709596,12.2,26.892453338726746,55.0,2,171.01238852669795,59.422231558362405,40.577768441637595,Monsoon,0,1
Wankhede Stadium,Mumbai,India,T20,2022-01-07,23.6,74.29399753523688,15.5,25.29590534257439,78.56482687487599,2,160.39739359575412,54.86933384478299,45.13066615521701,Monsoon,0,1
Narendra Modi Stadium,Ahmedabad,India,T20,2018-09-30,28.65,58.51502936753016,10.4,19.236135068874283,39.20791527413573,4,189.64495859917665,49.55666291667884,50.44333708332116,Winter,1,0
M. A. Chidambaram Stadium,Chennai,India,T20,2009-05-21,31.4,68.9,16.6,24.8,87.5,1,172.09336320112357,70.72735974057296,29.272640259427035,Winter,1,1
M. A. Chidambaram Stadium,Chennai,India,T20,2020-05-25,32.6,74.3,22.3,27.2,33.1,2,171.3710652137921,69.23079374388222,30.769206256117783,Post-Monsoon,1,1
M. A. Chidambaram Stadium,Chennai,India,T20,2015-02-12,26.3,76.3,22.3,21.4,37.5,1,175.98683873676387,58.48391467860738,41.51608532139262,Monsoon,1,1
Punjab Cricket Association IS Bindra Stadium,Mohali,India,T20,2014-08-22,33.0,47.125,8.5625,22.40177507030899,57.76599895357988,1,167.705171890305,56.90461836068442,43.09538163931558,Monsoon,0,1
Maharashtra Cricket Association Stadium,Pune,India,ODI,2018-03-09,27.7,40.0,15.0,23.57813949184134,29.80429270032669,3,317.36683648245963,49.08703657221002,50.91296342778998,Winter,1,0
M. Chinnaswamy Stadium,Bengaluru,India,T20,2018-02-05,20.05,58.98809063702473,14.9,15.098664991308144,24.701905373390698,3,187.4448121332019,46.823364337342944,53.176635662657056,Winter,1,0
Eden Gardens,Kolkata,India,T20,2003-07-13,28.4,77.82251602332829,13.8,23.63201516323822,64.0620453491288,1,149.14923374401934,59.66752643890209,40.33247356109791,Monsoon,1,1
Wankhede Stadium,Mumbai,India,Test,2021-02-13,24.7,81.24253372339132,22.0,26.818630864948776,66.50834141701905,2,329.3711504515825,62.25124487829481,37.74875512170519,Post-Monsoon,1,1
Wankhede Stadium,Mumbai,India,T20,2000-01-19,26.85,55.10579045723418,14.8,19.43115811811397,10.612952025460082,3,163.7334727540158,49.421169063147126,50.578830936852874,Post-Monsoon,1,0
Eden Gardens,Kolkata,India,Test,2005-02-27,24.15,78.82288578059317,11.2,25.37408822713261,83.11090544386362,2,312.67072261191106,71.38016716981795,28.619832830182048,Post-Monsoon,1,1
Sawai Mansingh Stadium,Jaipur,India,T20,2014-03-26,24.55,34.48221598813409,12.6,9.204347795719,22.531263061372847,5,165.78754157639662,46.98490057887588,53.01509942112412,Winter,0,2
Wankhede Stadium,Mumbai,India,ODI,2013-05-23,30.3,62.17649994452454,18.5,13.460138215650435,12.826074098753155,4,318.7449305348981,52.07249609047894,47.92750390952106,Post-Monsoon,1,0
Maharashtra Cricket Association Stadium,Pune,India,ODI,2013-12-18,20.6,60.67168422224456,8.5,14.521627269260117,25.81294372573541,3,312.240016175303,60.0,40.0,Post-Monsoon,0,0
Narendra Modi Stadium,Ahmedabad,India,ODI,2021-02-27,28.85,53.66600233998915,17.1,18.18712652980582,42.091714974091445,4,300.3091306017818,56.60610391596095,43.39389608403905,Winter,1,0
Punjab Cricket Association IS Bindra Stadium,Mohali,India,T20,2011-05-13,32.8,89.21216370382285,16.8,28.23371663442701,57.767411756464845,2,152.93338025195135,61.74913849267847,38.25086150732153,Monsoon,1,1
Eden Gardens,Kolkata,India,T20,2014-01-09,16.1,40.81256626369967,10.6,8.198178642061208,13.916473208741763,4,171.25118261135884,45.95286168056655,54.04713831943345,Winter,0,2
Rajiv Gandhi International Stadium,Hyderabad,India,ODI,2020-05-20,31.95,52.320332511181334,20.2,19.319476781760596,38.26219762257678,4,315.0428546216248,42.23229691288237,57.76770308711763,Winter,1,0
Wankhede Stadium,Mumbai,India,T20,2008-07-06,27.8,61.48624050854504,26.4,15.870069940835279,14.148539435099636,2,173.73148520790457,43.27095151138754,56.72904848861246,Winter,1,0
Eden Gardens,Kolkata,India,Test,2006-08-28,28.45,80.16847925459587,19.2,26.679423138738834,79.45387308843212,1,298.6533823585512,67.52296253729986,32.47703746270014,Winter,0,1
Eden Gardens,Kolkata,India,ODI,2021-12-13,19.35,37.27942243353116,13.2,9.751744636200414,20.70141614963756,6,267.94668571598595,36.13154054450616,63.86845945549384,Summer,0,2
Sawai Mansingh Stadium,Jaipur,India,ODI,2024-12-15,15.799999999999999,44.47827808222575,8.0,9.58782823324548,25.3892332429513,4,254.5782722742654,46.607856060997726,53.392143939002274,Summer,1,2
Wankhede Stadium,Mumbai,India,T20,2014-01-27,27.75,79.75116672806445,17.6,19.48077894932286,61.16329219722632,2,167.5318920588189,59.293142401207454,40.706857598792546,Winter,0,1
Maharashtra Cricket Association Stadium,Pune,India,T20,2024-12-17,20.65,87.54538891570353,9.3,22.94327117515317,61.60155899614273,1,139.2588888611943,60.24007867602602,39.75992132397398,Monsoon,1,1
M. Chinnaswamy Stadium,Bengaluru,India,ODI,2016-05-23,27.3,50.18890062055622,18.0,21.3971688170795,12.384828243910778,2,302.55504687429453,53.96960789503223,46.03039210496777,Post-Monsoon,1,0
Wankhede Stadium,Mumbai,India,T20,2004-06-05,28.9,49.60192507394016,18.9,18.85346843076778,22.783475944379447,2,180.30740374572224,54.39667898719281,45.60332101280719,Post-Monsoon,1,0
Eden Gardens,Kolkata,India,T20,2004-05-27,28.95,23.41346285181768,10.0,8.334246125729113,26.39122972137266,7,123.90233554818312,25.0,75.0,Summer,0,2
Wankhede Stadium,Mumbai,India,T20,2011-06-06,29.5,78.65147800111941,19.4,25.565390701930532,55.531075179513365,2,153.64792103555894,56.909152410498905,43.090847589501095,Monsoon,0,1
Wankhede Stadium,Mumbai,India,T20,2023-05-24,30.4,67.68678464293824,19.9,16.896625601606676,31.31330605707724,2,202.2412625992958,50.4134927766241,49.5865072233759,Winter,1,0
Punjab Cricket Association IS Bindra Stadium,Mohali,India,T20,2004-09-12,31.05,78.81487835513654,11.8,19.55297816804943,73.03096032509804,1,145.64369806001366,58.681086875891026,41.318913124108974,Winter,1,1
M. A. Chidambaram Stadium,Chennai,India,T20,2012-06-13,32.5,54.6,27.7,21.9,43.3,5,158.2003338731551,33.823763058448634,66.17623694155137,Winter,0,2
M. Chinnaswamy Stadium,Bengaluru,India,T20,2014-02-09,22.450000000000003,60.157572466087274,10.5,20.183173527063584,29.750196534079247,3,206.6330487877053,40.0,60.0,Summer,0,0
M. A. Chidambaram Stadium,Chennai,India,ODI,2011-08-16,29.4,73.9,22.3,24.0,63.3,1,256.94851347397355,63.36565826496378,36.63434173503622,Winter,1,1
Narendra Modi Stadium,Ahmedabad,India,ODI,2016-03-29,28.799999999999997,65.00340695150643,10.1,15.079807913098902,12.618586197000123,4,288.4274413619721,56.78967751051208,43.21032248948792,Post-Monsoon,0,2
Narendra Modi Stadium,Ahmedabad,India,ODI,2011-12-08,23.65,40.2675314859571,10.2,10.085233487182514,12.477363366577794,5,247.81817739236732,36.990521756967794,63.009478243032206,Winter,1,2
Maharashtra Cricket Association Stadium,Pune,India,T20,2005-10-02,24.35,84.94395757248395,9.1,18.958669564739623,81.92916660201928,1,164.91172313224638,60.11856020172752,39.88143979827248,Winter,1,1
Maharashtra Cricket Association Stadium,Pune,India,Test,2009-07-08,24.35,78.65275933557838,11.3,22.471592522842222,71.94009143786444,1,301.11358771842595,62.66361054115985,37.33638945884015,Post-Monsoon,1,1
Wankhede Stadium,Mumbai,India,T20,2023-09-19,26.9,52.86985210429206,22.3,13.901528906632416,20.435395064075802,2,196.06192297023958,53.325503476106185,46.674496523893815,Summer,1,0
Sawai Mansingh Stadium,Jaipur,India,ODI,2008-06-19,27.85,26.469193602127568,10.9,15.07028947239189,12.040136490194868,5,223.09350304582034,36.918823017233436,63.081176982766564,Winter,0,2
Maharashtra Cricket Association Stadium,Pune,India,T20,2023-10-19,26.25,46.615100228908595,13.7,15.961515919700618,14.066748414886662,4,179.96199597731857,52.095984594985445,47.904015405014555,Winter,0,0
Wankhede Stadium,Mumbai,India,ODI,2016-05-12,30.200000000000003,84.49143953536972,19.6,23.364651077061772,61.73179863226492,1,242.5577096216221,59.39961274780876,40.60038725219124,Monsoon,1,1
M. A. Chidambaram Stadium,Chennai,India,T20,2012-09-01,30.3,65.5,25.9,22.8,63.2,2,142.8878503811316,58.357388717975795,41.642611282024205,Monsoon,0,1
M. Chinnaswamy Stadium,Bengaluru,India,ODI,2009-07-24,22.9,48.12159004665314,26.7,18.41701847377094,33.90249247000564,4,311.4999244571315,48.59134257993257,51.40865742006743,Winter,1,0
Maharashtra Cricket Association Stadium,Pune,India,T20,2022-08-26,24.6,90.55278503949656,18.5,21.208796524698652,69.2845956149442,1,160.7759467893195,61.6650329099405,38.3349670900595,Monsoon,1,1
Eden Gardens,Kolkata,India,Test,2001-01-09,17.6,84.5354128970949,9.5,23.12462852141468,81.58913292455175,1,297.32288913805957,68.00394627655652,31.99605372344348,Post-Monsoon,0,1
M. A. Chidambaram Stadium,Chennai,India,T20,2015-04-01,30.1,75.9,22.3,25.1,38.3,2,155.07300028492233,56.45467344581107,43.54532655418893,Monsoon,0,1
Wankhede Stadium,Mumbai,India,T20,2020-08-19,26.95,48.05738712604345,27.1,17.55622065614292,10.19683792218429,3,148.52389293684706,47.64228655271242,52.35771344728758,Post-Monsoon,1,0
Eden Gardens,Kolkata,India,ODI,2008-12-23,19.9,82.15445605529544,12.0,23.56837495014444,62.62338490652745,2,252.42987462569803,65.20422200413523,34.79577799586477,Monsoon,1,1
M. Chinnaswamy Stadium,Bengaluru,India,T20,2004-05-15,25.35,40.0,15.7,19.824339329140734,31.733590062591027,3,173.73348237469878,40.0,60.0,Post-Monsoon,1,2
Rajiv Gandhi International Stadium,Hyderabad,India,ODI,2000-11-05,25.3,64.27416476771126,8.8,14.909565271334099,14.454985926139067,4,307.4216860530747,42.19034466161129,57.80965533838871,Winter,1,0
Eden Gardens,Kolkata,India,ODI,2004-09-21,27.7,49.82663280352183,9.4,7.233019381113284,21.897294542605362,7,261.5873802686586,47.437355966903795,52.562644033096205,Summer,0,2
Eden Gardens,Kolkata,India,T20,2018-09-22,27.45,77.148750868368,14.0,19.654748038305343,76.16188678673572,2,123.13108616825437,62.325117870851415,37.674882129148585,Post-Monsoon,1,1
Narendra Modi Stadium,Ahmedabad,India,T20,2018-04-05,31.349999999999998,57.71236806146528,14.2,16.92267604590806,33.228490983695856,4,174.00941082527493,45.632403653283795,54.367596346716205,Post-Monsoon,0,2
Maharashtra Cricket Association Stadium,Pune,India,Test,2001-08-14,24.0,89.29969275279167,15.2,23.822604469527313,77.39863194476608,1,296.6512358825248,64.68007721571647,35.319922784283534,Monsoon,1,1
Eden Gardens,Kolkata,India,T20,2011-10-14,27.95,35.766232646306534,7.3,10.165711121036273,19.806878690532418,4,186.17568697989694,38.37557640587708,61.62442359412292,Summer,0,2
Wankhede Stadium,Mumbai,India,ODI,2012-06-21,28.1,51.67545224494433,22.2,15.855839023430775,6.38116919862351,2,310.5169754940766,52.029604424309916,47.970395575690084,Winter,0,0
Sawai Mansingh Stadium,Jaipur,India,T20,2019-11-24,21.75,25.18408389434942,10.0,11.30364609727176,18.826194897673155,6,159.51172593425346,45.590764140534986,54.409235859465014,Winter,1,2
Narendra Modi Stadium,Ahmedabad,India,T20,2019-05-03,32.85,37.33719098665962,20.2,16.65667071069233,26.03374375190314,6,163.39231092069764,41.47547327951144,58.52452672048856,Summer,0,2
Wankhede Stadium,Mumbai,India,T20,2019-01-04,22.8,73.11109019684483,16.3,26.19028010236604,77.22654810864421,1,172.4562965795359,61.56536180918242,38.43463819081758,Post-Monsoon,0,1
M. A. Chidambaram Stadium,Chennai,India,T20,2015-06-03,30.7,67.4,18.4,23.5,49.4,4,134.26749475809623,43.10259310324331,56.89740689675669,Summer,1,2
Eden Gardens,Kolkata,India,T20,2016-11-05,22.65,77.93374145592362,20.1,21.233339302382777,57.26899427364347,2,137.89140162673417,62.732040634345005,37.267959365654995,Monsoon,0,1
Narendra Modi Stadium,Ahmedabad,India,T20,2017-07-10,29.55,50.2854980996845,19.9,21.130724458419326,6.883281020195014,2,202.46239513862258,58.20030619184647,41.79969380815353,Winter,1,0
Punjab Cricket Association IS Bindra Stadium,Mohali,India,T20,2017-12-06,17.450000000000003,78.48248285634533,11.8,21.025594191466592,67.48244076927179,1,149.6551017454787,66.52011942890839,33.47988057109161,Monsoon,1,1
Eden Gardens,Kolkata,India,Test,2015-03-01,25.65,33.19694056866919,9.2,11.125563427347434,29.93253213159013,7,291.0657606847591,39.015103477037,60.984896522963,Summer,0,2
M. A. Chidambaram Stadium,Chennai,India,Test,2006-05-02,31.1,80.6,22.3,27.2,50.8,4,284.9328958390513,46.08280074690564,53.91719925309436,Summer,0,1
M. A. Chidambaram Stadium,Chennai,India,Test,2011-10-01,30.0,72.2,18.4,24.0,25.7,7,297.65154517338857,39.905690766375244,60.094309233624756,Summer,1,2
Rajiv Gandhi International Stadium,Hyderabad,India,T20,2012-05-21,34.4,68.0,15.3,18.50352967513728,37.75755411339087,3,195.86681716498174,48.66510159432847,51.33489840567153,Post-Monsoon,1,0
Punjab Cricket Association IS Bindra Stadium,Mohali,India,ODI,2015-08-28,32.0,63.5,2.3125,22.624816095125333,70.05552748660652,2,277.2598405450044,59.51189981585615,40.48810018414385,Monsoon,0,1
Eden Gardens,Kolkata,India,T20,2008-07-14,27.75,37.939461626950795,12.5,8.686309501296083,31.259008961859973,4,181.06036327846704,43.415459007925875,56.584540992074125,Summer,1,2
Eden Gardens,Kolkata,India,ODI,2019-09-21,29.200000000000003,34.43456355157432,10.1,11.211768726252014,18.20616154955993,5,289.59360446555,39.08535623230521,60.91464376769479,Summer,1,2
Narendra Modi Stadium,Ahmedabad,India,Test,2006-06-20,32.8,39.018899805251884,13.7,13.194477223822805,11.226047256927838,6,298.3644596077239,45.37786143071508,54.62213856928492,Summer,1,2
M. A. Chidambaram Stadium,Chennai,India,T20,2001-08-18,31.049999999999997,29.648705803284273,20.5,9.183651536384104,30.156197434473476,5,157.71526100478707,35.59538268400401,64.40461731599599,Summer,1,2
Maharashtra Cricket Association Stadium,Pune,India,T20,2020-10-11,24.5,61.63961094807352,10.5,19.784270254345415,41.54167688712748,2,214.35120765669583,50.66880943112496,49.33119056887504,Summer,1,0
Narendra Modi Stadium,Ahmedabad,India,T20,2010-07-07,28.799999999999997,62.57739334231954,16.8,10.0,27.2453301476215,3,164.70729124280064,49.30910130063552,50.69089869936448,Summer,1,0
Eden Gardens,Kolkata,India,ODI,2024-05-30,32.2,40.249385325147834,29.0,8.402180348503142,4.820029607620491,6,252.68118679122963,38.54633411066589,61.45366588933411,Summer,0,2
Arun Jaitley Stadium,Delhi,India,Test,2002-03-09,23.3,35.46701755950514,19.8,13.97742984074916,27.801291640798844,6,284.97118213828765,43.335752568841855,56.664247431158145,Summer,0,2
Narendra Modi Stadium,Ahmedabad,India,ODI,2003-05-20,33.85,49.54024315209447,22.7,12.68689953417841,25.761291787247842,5,237.53769211854464,46.88405500470234,53.11594499529766,Winter,1,2
Narendra Modi Stadium,Ahmedabad,India,T20,2015-01-23,19.3,42.24978582874065,10.5,11.553100121526992,33.607547861493536,4,162.56653284220724,40.13716677091862,59.86283322908138,Summer,0,2
Arun Jaitley Stadium,Delhi,India,Test,2015-01-23,14.625,85.0,1.1625,10.947415255153468,7.65892158401687,7,295.1713677304197,42.09791921325501,57.90208078674499,Summer,0,2
Narendra Modi Stadium,Ahmedabad,India,T20,2018-01-27,20.200000000000003,68.0,11.3,19.32035390141226,27.432737056806907,4,194.01732867492595,51.933749079573545,48.066250920426455,Winter,1,0
Wankhede Stadium,Mumbai,India,T20,2013-02-15,25.5,70.82633819192515,17.4,21.62694620360007,63.83330666377278,1,177.64739182743932,58.64444995276651,41.35555004723349,Monsoon,1,1
Narendra Modi Stadium,Ahmedabad,India,ODI,2015-03-11,26.450000000000003,43.3316110914907,13.4,16.44313639718457,5.247653235658163,3,271.1409445988249,53.29103989025832,46.70896010974168,Winter,1,2
Arun Jaitley Stadium,Delhi,India,T20,2001-12-25,13.55,26.015681796871625,9.0,12.694751843818736,23.52073132140316,4,147.1514647108874,44.905496837341076,55.094503162658924,Summer,0,2
Sawai Mansingh Stadium,Jaipur,India,T20,2016-03-14,23.3,36.11000293901049,13.0,13.975683019101787,21.4147238401714,6,160.18239570552964,42.24031367071124,57.75968632928876,Summer,0,2
Rajiv Gandhi International Stadium,Hyderabad,India,Test,2007-06-13,29.0,60.12905396458963,10.7,21.977646229922073,19.467300889320214,3,357.3624389678431,47.22858776082336,52.77141223917664,Winter,1,0
Wankhede Stadium,Mumbai,India,T20,2009-11-21,25.05,53.552091286654054,11.8,13.554103966909615,30.62551861907346,2,174.71294439651265,46.395558215959866,53.604441784040134,Post-Monsoon,0,1
Punjab Cricket Association IS Bindra Stadium,Mohali,India,ODI,2023-08-30,31.9,93.03962853995112,15.8,20.601997749559814,61.820854543446565,1,285.32861721631036,65.97213984868277,34.02786015131723,Winter,1,1
Wankhede Stadium,Mumbai,India,ODI,2023-10-05,27.450000000000003,88.5710646784623,15.8,19.892684941479406,67.03480189964309,2,253.8132625350741,59.948960593400635,40.051039406599365,Monsoon,1,1
Narendra Modi Stadium,Ahmedabad,India,T20,2019-06-19,31.35,53.95151016633399,21.9,17.06678180874581,15.04261888872993,2,171.42232927497514,50.03095988221333,49.96904011778667,Winter,0,0
M. A. Chidambaram Stadium,Chennai,India,ODI,2006-10-30,25.1,90.6,14.8,23.5,94.8,4,239.24526691615281,43.730491283262566,56.269508716737434,Summer,1,1
Wankhede Stadium,Mumbai,India,ODI,2017-01-23,26.45,54.23380257516231,16.4,19.598767989326046,47.18687174646668,2,312.6360184946945,50.6830153788644,49.3169846211356,Summer,0,0
Wankhede Stadium,Mumbai,India,ODI,2022-06-21,26.45,86.4994775099297,21.0,24.032065767891098,74.7756044955483,1,239.72040101690715,63.376812918321015,36.623187081678985,Post-Monsoon,0,1
Eden Gardens,Kolkata,India,T20,2023-09-21,28.0,37.473369690608614,23.8,8.968106173798905,21.429982299628367,7,152.851163572447,34.612607286401584,65.38739271359842,Summer,1,2
Maharashtra Cricket Association Stadium,Pune,India,T20,2004-07-27,22.200000000000003,84.0799052010333,11.4,22.74219318588149,70.00059862011736,2,148.88838964361418,61.69835041138211,38.30164958861789,Monsoon,1,1
Wankhede Stadium,Mumbai,India,T20,2000-10-14,27.6,78.30931894644799,11.5,20.305929607251052,72.96948580923728,1,157.79001254212864,53.617851010445776,46.382148989554224,Post-Monsoon,1,1
M. Chinnaswamy Stadium,Bengaluru,India,T20,2014-11-18,20.25,54.39519185215921,16.7,23.189539102678946,31.857615200979954,3,212.00489768092532,49.12225158071438,50.87774841928562,Winter,0,0
Narendra Modi Stadium,Ahmedabad,India,ODI,2007-06-04,31.2,32.75156050687226,12.2,15.737556508944895,21.956453242582825,6,276.62939995220717,35.131682443279544,64.86831755672046,Summer,0,2
M. A. Chidambaram Stadium,Chennai,India,T20,2023-12-02,26.5,89.5,19.2,24.6,89.6,4,159.28057072403882,32.865076163867656,67.13492383613234,Summer,0,1
Narendra Modi Stadium,Ahmedabad,India,T20,2015-09-01,29.05,54.81042749024172,13.5,16.4621159910656,17.324469455703607,4,180.3154624908466,48.452518780688344,51.547481219311656,Post-Monsoon,1,0
Rajiv Gandhi International Stadium,Hyderabad,India,T20,2002-01-22,25.55,68.0,14.6,16.191658325963946,44.429985179902964,3,177.4896986867376,55.92412503249009,44.07587496750991,Summer,1,0
M. Chinnaswamy Stadium,Bengaluru,India,T20,2003-05-19,27.6,43.56846730368841,21.3,18.96693442935065,33.89196229044568,4,203.0215407649313,51.76444960516677,48.23555039483323,Winter,1,0
M. A. Chidambaram Stadium,Chennai,India,ODI,2021-08-17,28.9,80.4,18.4,25.0,82.4,1,293.30890196326584,63.755871907970636,36.244128092029364,Post-Monsoon,1,1
M. A. Chidambaram Stadium,Chennai,India,ODI,2012-12-15,25.7,76.7,25.9,21.0,40.0,1,253.85945534454936,62.353659294802306,37.646340705197694,Post-Monsoon,0,1
Maharashtra Cricket Association Stadium,Pune,India,T20,2007-04-30,31.45,85.27163899292329,15.0,24.975206781114284,68.73849781949386,1,152.03792675787906,65.5942324420725,34.405767557927504,Monsoon,1,1
Eden Gardens,Kolkata,India,T20,2014-05-23,33.150000000000006,78.37897650703347,17.3,23.727115003533967,87.41290471816168,2,160.93082554218088,66.10851805860057,33.891481941399434,Monsoon,0,1
M. Chinnaswamy Stadium,Bengaluru,India,T20,2017-08-16,24.1,60.60147547009744,14.2,14.305474553624874,28.895354409560426,2,148.21044216101447,58.61702199266408,41.38297800733592,Winter,1,0
Punjab Cricket Association IS Bindra Stadium,Mohali,India,ODI,2017-07-21,30.049999999999997,83.35359790334904,19.4,24.156624740614085,67.09477496907327,2,246.46739974587337,61.91364542772154,38.08635457227846,Post-Monsoon,1,1
Punjab Cricket Association IS Bindra Stadium,Mohali,India,ODI,2024-11-24,21.7,85.0692119346016,9.7,21.439721664064827,70.55855841190991,1,278.70247743424346,63.470534118636216,36.529465881363784,Post-Monsoon,0,1
Eden Gardens,Kolkata,India,T20,2000-08-02,28.75,52.51740279143175,16.6,16.34568867759478,24.001608999570553,4,148.63937840181185,40.328153409432936,59.671846590567064,Summer,0,2
M. A. Chidambaram Stadium,Chennai,India,T20,2021-06-28,28.8,80.9,16.6,24.9,65.2,7,161.78673971888588,40.939995507583994,59.060004492416006,Summer,0,2
M. A. Chidambaram Stadium,Chennai,India,ODI,2006-07-13,29.8,59.3,29.5,20.6,63.9,5,258.6177003052377,42.04449545104395,57.95550454895605,Summer,1,2
M. Chinnaswamy Stadium,Bengaluru,India,ODI,2020-07-01,23.5,55.93821591092169,18.7,22.57453285081463,29.83081552082186,2,310.7270910598489,59.54583641657351,40.45416358342649,Summer,1,0
Eden Gardens,Kolkata,India,T20,2004-05-11,33.65,29.60562531268954,23.9,14.058521180603972,21.353604866324844,6,147.0393128719817,34.52422959343701,65.47577040656299,Summer,0,2
Punjab Cricket Association IS Bindra Stadium,Mohali,India,Test,2008-12-25,15.3,83.40772099053792,10.0,24.858754006073934,82.66822930187519,1,325.4870846014703,63.294949496370144,36.705050503629856,Monsoon,0,1
Punjab Cricket Association IS Bindra Stadium,Mohali,India,ODI,2020-04-17,30.05,70.32201064620128,20.4,19.0789088794501,85.5400906860226,1,256.6584139225126,62.042779574524786,37.957220425475214,Winter,0,1
Arun Jaitley Stadium,Delhi,India,T20,2016-09-02,30.73913043478261,71.73913043478261,13.204347826086956,15.587940436901885,18.516717255545775,7,147.8373268146235,48.0,52.0,Summer,0,2
Rajiv Gandhi International Stadium,Hyderabad,India,T20,2006-05-08,32.1,52.02631961541822,13.5,12.289758167183846,18.72483899384409,4,192.36022509145937,46.81786776709966,53.18213223290034,Summer,1,0
Narendra Modi Stadium,Ahmedabad,India,Test,2022-09-06,28.7,42.76194767760702,10.4,14.056770526046305,19.508289464053338,4,354.6791962276387,47.497471698980206,52.502528301019794,Summer,1,2
Rajiv Gandhi International Stadium,Hyderabad,India,T20,2004-02-07,20.9,42.80651534675184,15.8,14.07673753661086,23.788518587053375,2,191.25874825748582,47.1559180917123,52.8440819082877,Summer,1,0
Wankhede Stadium,Mumbai,India,T20,2009-08-15,26.45,85.38548139811107,14.5,23.364355997597592,72.08137014107818,2,168.30054587271158,62.626238496325946,37.373761503674054,Monsoon,1,1
Eden Gardens,Kolkata,India,ODI,2014-12-09,21.6,23.318143388439744,7.1,10.006458817843553,16.951177152357626,6,253.96722042984493,42.28196214912799,57.71803785087201,Winter,1,2
Wankhede Stadium,Mumbai,India,T20,2019-07-16,26.95,82.18322982749103,17.1,19.571247146389627,78.71767216587465,1,155.57341231164312,57.377499040275374,42.622500959724626,Monsoon,1,1
Sawai Mansingh Stadium,Jaipur,India,ODI,2015-01-25,13.35,42.29041145766618,9.4,8.995189984084107,20.054270252110854,7,243.6964377795896,36.50163362323569,63.49836637676431,Summer,0,2
M. Chinnaswamy Stadium,Bengaluru,India,T20,2005-11-04,21.950000000000003,59.510488006520006,16.1,22.828856792633644,20.94977648259885,4,173.32532831667206,40.0,60.0,Winter,1,0
Wankhede Stadium,Mumbai,India,T20,2010-09-27,29.0,74.20379992455713,8.9,21.107685374008962,55.0,2,170.2616922080292,65.2828643000495,34.717135699950504,Monsoon,1,1
Wankhede Stadium,Mumbai,India,T20,2021-12-13,25.1,89.68077561382965,15.7,24.127631705109067,67.16853425038886,1,148.10009929601537,62.419502965649606,37.580497034350394,Post-Monsoon,0,1
Wankhede Stadium,Mumbai,India,Test,2014-03-10,25.799999999999997,49.95008030126507,16.2,23.0285348935706,29.392964263093454,2,385.83002643518364,49.52192575417844,50.47807424582156,Summer,1,0
M. A. Chidambaram Stadium,Chennai,India,Test,2002-03-28,29.65,30.273501446526517,18.8,11.306271874664246,15.551919015225529,7,315.87149768882966,43.59701909843488,56.40298090156512,Winter,1,2
Punjab Cricket Association IS Bindra Stadium,Mohali,India,T20,2011-03-12,20.3,85.20082907568354,17.1,22.52649333048376,77.65811572086827,2,164.93331818384974,53.56105034845824,46.43894965154176,Monsoon,1,1
Wankhede Stadium,Mumbai,India,T20,2000-04-09,28.65,76.94224080492465,17.3,22.183490508508516,72.6076509764441,1,170.9044764038146,53.0,47.0,Winter,1,1
Wankhede Stadium,Mumbai,India,T20,2012-11-04,27.6,69.84260905609158,12.5,26.35507586436119,63.85355139161952,1,151.48979867719794,58.21367055807273,41.78632944192727,Monsoon,1,1
Wankhede Stadium,Mumbai,India,Test,2015-09-19,28.0,83.22247737385679,25.0,21.909345632131483,71.96484875143173,2,291.1162721379334,61.962565060655535,38.037434939344465,Monsoon,1,1
Rajiv Gandhi International Stadium,Hyderabad,India,ODI,2017-01-30,23.299999999999997,58.781743942518624,11.1,16.454077189130583,44.9476950913031,2,309.2428519381908,54.97799379751112,45.02200620248888,Summer,0,0
Eden Gardens,Kolkata,India,T20,2005-10-03,26.299999999999997,78.66659682144088,10.4,21.59193230763651,67.26196822592306,1,155.5342795502614,59.706352287174,40.293647712826,Monsoon,1,1
Narendra Modi Stadium,Ahmedabad,India,T20,2018-09-23,27.2,66.17431178588568,17.9,21.046318532201038,23.906424952321704,4,186.9663282078086,60.0,40.0,Winter,1,2
Eden Gardens,Kolkata,India,T20,2011-11-27,22.45,34.05278927693857,9.8,4.02388587537714,19.89460893430422,4,161.89711785208263,42.267191491842965,57.732808508157035,Summer,1,2
M. A. Chidambaram Stadium,Chennai,India,ODI,2004-10-05,29.1,66.5,24.1,22.1,88.0,4,268.26056869676074,42.5850711247718,57.4149288752282,Summer,1,2
Wankhede Stadium,Mumbai,India,T20,2005-03-31,28.15,55.67277046216052,20.0,18.436192589851025,16.05761261710484,4,202.60564296712127,46.762921749412506,53.237078250587494,Post-Monsoon,1,0
Arun Jaitley Stadium,Delhi,India,Test,2024-07-04,28.65,44.40942697825383,13.1,14.864198210786554,15.638266343034712,6,302.5882759680304,37.66192586716156,62.33807413283844,Summer,0,2
Wankhede Stadium,Mumbai,India,T20,2001-02-22,24.65,52.14865397995716,15.3,17.461464817745,15.757956654468826,4,193.15851105958262,48.643303970286325,51.356696029713675,Winter,1,0
M. A. Chidambaram Stadium,Chennai,India,Test,2003-12-19,24.15,74.73449298880215,17.6,22.38164890011584,81.22508239498066,1,305.6356948481724,53.0,47.0,Monsoon,1,1
Sawai Mansingh Stadium,Jaipur,India,T20,2015-06-12,32.25,32.22302183817128,14.6,4.0,16.340574106425517,6,169.756396510967,42.72285365947456,57.27714634052544,Summer,0,2
Maharashtra Cricket Association Stadium,Pune,India,T20,2009-02-17,26.950000000000003,79.67038993485002,10.9,20.633442187701046,83.10007834108964,1,161.4663541994153,57.132758236891085,42.867241763108915,Winter,0,1
Narendra Modi Stadium,Ahmedabad,India,T20,2021-03-27,31.55,50.46327956330664,11.9,16.55149947399496,16.395434437612646,4,178.3779484943768,49.64264204178854,50.35735795821146,Summer,0,2
Punjab Cricket Association IS Bindra Stadium,Mohali,India,ODI,2003-07-02,30.1,94.13317034155342,18.0,25.58003274419855,55.0,1,281.6411848296535,66.5108281995977,33.4891718004023,Monsoon,0,1
Eden Gardens,Kolkata,India,T20,2022-04-24,32.650000000000006,79.53525692559676,18.1,22.989188186641936,62.859619074266234,2,193.54875196349906,53.0,47.0,Monsoon,1,1
Narendra Modi Stadium,Ahmedabad,India,T20,2007-04-02,30.25,53.38366669422871,16.3,16.673882094626705,38.63221239101415,3,175.47253320930136,60.0,40.0,Post-Monsoon,1,0
Eden Gardens,Kolkata,India,T20,2020-02-25,19.45,84.38090876188674,17.6,19.88854266829637,76.64871305846708,2,142.14191823198848,58.20579016535937,41.79420983464063,Monsoon,1,1
Rajiv Gandhi International Stadium,Hyderabad,India,T20,2024-01-20,24.15,59.82835178738218,14.0,18.50732445562017,5.674791935269358,3,180.80437516787845,56.83023501191059,43.16976498808941,Summer,1,0
Narendra Modi Stadium,Ahmedabad,India,ODI,2011-07-08,27.35,60.32630810102877,13.3,19.431560593644683,16.797321110443313,4,289.3540301969048,50.46416976176235,49.53583023823765,Post-Monsoon,1,2
Narendra Modi Stadium,Ahmedabad,India,T20,2017-04-27,30.8,31.795124165907165,15.3,9.589973842953958,6.847073249972684,4,153.3363999189114,34.41082799725139,65.58917200274861,Winter,0,2
Arun Jaitley Stadium,Delhi,India,T20,2006-02-17,23.2,36.91877114374067,21.3,8.743913832615322,16.681244947361883,7,162.67114021176013,33.82000758618304,66.17999241381696,Winter,1,2
M. A. Chidambaram Stadium,Chennai,India,T20,2009-10-22,29.6,67.4,13.0,22.2,38.7,7,155.9163228094235,42.27862505420255,57.72137494579745,Summer,0,2
Arun Jaitley Stadium,Delhi,India,ODI,2022-03-06,20.0,30.900879823980368,11.3,9.068527958082493,23.077685136720035,6,239.63544884936607,39.01802697494906,60.98197302505094,Summer,0,2
Wankhede Stadium,Mumbai,India,Test,2003-07-17,25.9,87.46236831890855,20.8,25.381251348980165,73.35914402307563,1,288.9471489705661,59.53590822114777,40.46409177885223,Post-Monsoon,1,1
Rajiv Gandhi International Stadium,Hyderabad,India,ODI,2006-09-28,25.85,68.0,18.8,17.11609015265186,25.558858827113895,3,267.1982337765294,49.02807887519254,50.97192112480746,Winter,1,0
Eden Gardens,Kolkata,India,T20,2001-10-07,28.25,84.25754140169403,6.9,23.8196772048275,79.99126789598083,1,181.8553800022035,58.535716681480565,41.464283318519435,Post-Monsoon,1,1
Maharashtra Cricket Association Stadium,Pune,India,T20,2023-11-20,25.6,87.93017005152113,12.8,21.286233019294926,84.71301116217684,2,160.96959592129917,54.66261538446943,45.33738461553057,Monsoon,0,1
Eden Gardens,Kolkata,India,T20,2014-03-10,23.8,31.530956241019556,11.1,14.380829429636897,25.79726152560162,6,148.31605096313493,43.6678817175052,56.3321182824948,Summer,1,2
M. A. Chidambaram Stadium,Chennai,India,T20,2015-07-16,32.0,61.7,24.1,23.1,36.3,6,178.81581904506385,33.40480332042384,66.59519667957616,Summer,0,2
Eden Gardens,Kolkata,India,Test,2022-12-08,20.7,29.741898635377304,11.5,8.333608060307245,17.43455694678343,7,283.5169708385543,39.74428970723919,60.25571029276081,Summer,0,2
Narendra Modi Stadium,Ahmedabad,India,T20,2000-06-22,32.650000000000006,43.920113890434685,21.2,12.022374224006317,3.7311109622865324,5,138.8023856353997,42.780959794245625,57.219040205754375,Winter,1,2
Narendra Modi Stadium,Ahmedabad,India,ODI,2000-01-28,20.1,25.764911473533765,18.7,10.802305886573347,23.06560347767448,5,241.37939180330744,42.74743588780482,57.25256411219518,Summer,0,2
Arun Jaitley Stadium,Delhi,India,ODI,2013-04-14,28.25,39.375,6.487499999999999,13.120548922697152,23.301327763083872,6,266.3480016412689,38.074810311719496,61.925189688280504,Winter,0,2
Punjab Cricket Association IS Bindra Stadium,Mohali,India,ODI,2001-04-04,26.35,79.58932277373735,11.5,26.08739389926029,88.63663696954572,2,284.8143131734218,57.1886716236806,42.8113283763194,Monsoon,1,1
M. Chinnaswamy Stadium,Bengaluru,India,T20,2011-07-02,22.5,50.15759344882581,19.1,16.515130133920586,28.703107937577048,2,196.10749267142802,52.25306262270862,47.74693737729138,Winter,1,0
Narendra Modi Stadium,Ahmedabad,India,ODI,2000-10-04,31.1,46.19994829137239,7.6,12.364566125075758,38.747413581614836,3,311.3091146089709,59.28642452719245,40.71357547280755,Post-Monsoon,1,0
Arun Jaitley Stadium,Delhi,India,ODI,2013-12-27,11.875,79.875,1.1625,11.551090504280213,26.609389242276684,4,249.76384797976775,48.0,52.0,Summer,0,2
Eden Gardens,Kolkata,India,Test,2003-02-03,22.45,31.182729552275248,13.9,13.986470848835955,25.769112054583292,7,291.7416076267198,39.859889064870615,60.140110935129385,Summer,0,2
Narendra Modi Stadium,Ahmedabad,India,Test,2013-04-25,33.0,44.454238644384816,16.6,12.11530292165859,25.39660285276149,6,287.82584292987707,41.48572368615071,58.51427631384929,Summer,0,2
Maharashtra Cricket Association Stadium,Pune,India,ODI,2015-11-17,26.1,80.73254032233233,13.4,21.37623127440918,90.85691665785589,2,268.5502097933268,62.16440889258113,37.83559110741887,Post-Monsoon,0,1
Sawai Mansingh Stadium,Jaipur,India,ODI,2003-02-14,18.4,55.0,9.7,8.920439161572663,16.609900885102718,5,255.73247428964177,39.53911446236584,60.46088553763416,Winter,1,2
Maharashtra Cricket Association Stadium,Pune,India,T20,2021-03-18,28.700000000000003,49.58251753153569,17.9,16.47988835389684,34.0586705948358,3,165.7486628576002,47.75868074390882,52.24131925609118,Summer,1,0
Maharashtra Cricket Association Stadium,Pune,India,Test,2006-10-14,25.5,81.33418731201864,12.3,22.46226572153339,61.99795800014225,1,323.1446253091033,66.1509269930075,33.8490730069925,Winter,0,1
M. Chinnaswamy Stadium,Bengaluru,India,T20,2023-01-17,21.25,55.89230462565614,16.0,14.89075827217977,31.704179527719333,4,190.29939152792363,56.00230846741762,43.99769153258238,Winter,0,0
Arun Jaitley Stadium,Delhi,India,Test,2010-03-03,24.6,48.043261683893135,13.0,10.43557194458571,9.903767992667714,5,307.70104366286597,35.835243961886576,64.16475603811342,Summer,0,2
Narendra Modi Stadium,Ahmedabad,India,T20,2024-04-17,35.2,52.98598147060746,17.5,17.790540472433808,28.377072898879668,3,183.97424966190917,41.87787743379665,58.12212256620335,Summer,0,2
Eden Gardens,Kolkata,India,Test,2013-08-08,28.0,37.57633069069578,15.9,8.87678366156019,5.181802181192044,6,314.439290324264,40.170130013415374,59.829869986584626,Summer,1,2
M. A. Chidambaram Stadium,Chennai,India,T20,2008-11-08,26.5,66.4,11.2,19.5,39.5,1,163.68589525760737,56.12836531691545,43.87163468308455,Post-Monsoon,1,1
M. Chinnaswamy Stadium,Bengaluru,India,ODI,2021-11-21,23.0,67.90842186746451,11.8,10.0,41.59527173469356,4,290.914754022192,48.02253019424303,51.97746980575697,Post-Monsoon,0,0
Maharashtra Cricket Association Stadium,Pune,India,T20,2017-03-18,27.2,88.34397425791516,18.4,23.454081153820876,71.5721442637473,2,123.65869241234662,57.596655613750784,42.403344386249216,Winter,0,1
Arun Jaitley Stadium,Delhi,India,T20,2014-07-14,32.375,67.875,6.725,12.826671549731094,10.767286670807358,5,161.81831188269086,36.86711805104498,63.13288194895502,Winter,0,2
Narendra Modi Stadium,Ahmedabad,India,ODI,2017-11-02,26.450000000000003,56.388174090789946,11.3,10.338809340667641,31.230021213018254,4,307.8858342164825,49.4442416940326,50.5557583059674,Winter,1,2
Rajiv Gandhi International Stadium,Hyderabad,India,T20,2006-11-07,23.0,59.82416283564384,13.9,11.318049256509688,11.746184974272323,2,226.81505083788605,49.40224711216563,50.59775288783437,Summer,1,0
Narendra Modi Stadium,Ahmedabad,India,T20,2022-08-04,28.4,43.18059282449349,9.1,5.6708970834613375,26.156087341317036,7,173.6907837657185,34.19953576678225,65.80046423321775,Summer,1,2
Sawai Mansingh Stadium,Jaipur,India,T20,2018-10-17,28.15,46.47378991117057,17.2,11.11673962070438,11.23963737624679,7,163.16907357125535,45.4184941367903,54.5815058632097,Winter,1,2
Arun Jaitley Stadium,Delhi,India,ODI,2003-11-28,14.5,26.66392869517611,9.0,10.913174803055705,21.074671674507265,7,247.08639477267909,41.83797733080093,58.16202266919907,Winter,1,2
M. A. Chidambaram Stadium,Chennai,India,T20,2016-01-01,26.6,68.0,22.3,20.0,55.2,4,162.84363845607083,34.02007910809115,65.97992089190885,Summer,0,2
Narendra Modi Stadium,Ahmedabad,India,ODI,2019-12-15,20.15,50.49150561442859,16.4,9.860580464630315,11.976864662171032,7,279.41227925526755,41.6313100251152,58.3686899748848,Winter,0,2
Punjab Cricket Association IS Bindra Stadium,Mohali,India,Test,2014-08-11,31.125,72.125,3.0125,20.937923558106018,80.04677428132315,2,319.9074374144433,59.91191450095275,40.08808549904725,Monsoon,1,1
Maharashtra Cricket Association Stadium,Pune,India,ODI,2017-04-25,28.1,63.768374417210275,22.5,20.19417760065337,43.858716677604704,3,299.21067737290565,42.099579667702436,57.900420332297564,Summer,0,0
Arun Jaitley Stadium,Delhi,India,ODI,2013-01-03,7.166666666666667,87.0,4.633333333333334,10.298358467246194,26.80954026703359,5,244.94202040905876,42.60365895699142,57.39634104300858,Winter,0,2
M. A. Chidambaram Stadium,Chennai,India,ODI,2019-02-15,28.1,72.1,18.4,22.1,23.7,6,276.9716977057505,41.73081034317349,58.26918965682651,Summer,0,2
Wankhede Stadium,Mumbai,India,ODI,2020-12-22,24.15,43.455764512977915,14.1,13.271945169732799,17.35078094192573,3,323.5053451200987,51.14742457767107,48.85257542232893,Winter,1,0
Sawai Mansingh Stadium,Jaipur,India,T20,2003-04-01,27.849999999999998,32.91357954761895,18.4,12.631421743753718,11.54204955632467,5,189.99740777004985,36.212880909748094,63.787119090251906,Summer,1,2
Maharashtra Cricket Association Stadium,Pune,India,T20,2002-05-07,30.65,81.33989925546524,12.6,18.663112494013326,85.39735044898603,2,171.10614708005238,59.39050793107165,40.60949206892835,Post-Monsoon,1,1
M. A. Chidambaram Stadium,Chennai,India,T20,2003-11-09,26.5,35.59388332122612,19.3,10.022905669778813,15.381556557959808,7,151.35481770137798,42.81735712712535,57.18264287287465,Summer,0,2
Arun Jaitley Stadium,Delhi,India,ODI,2024-05-17,35.45,33.512567992967696,21.3,11.408774918760477,27.596435758606617,5,269.39000657187705,30.222567280181053,69.77743271981895,Summer,0,2
Rajiv Gandhi International Stadium,Hyderabad,India,T20,2019-11-29,24.0,68.0,11.3,16.415079447528484,14.073241822821021,2,192.17197585465127,49.36565611923987,50.63434388076013,Summer,1,0
Rajiv Gandhi International Stadium,Hyderabad,India,T20,2018-06-25,27.75,54.80082003187487,28.3,18.075705359619036,35.79097630911976,2,172.76231369608152,50.164036037280425,49.835963962719575,Summer,1,0
M. A. Chidambaram Stadium,Chennai,India,Test,2021-03-03,26.8,67.8,18.4,19.1,22.4,7,270.7265909572241,41.155298399497454,58.844701600502546,Summer,0,2
Punjab Cricket Association IS Bindra Stadium,Mohali,India,T20,2017-08-03,28.950000000000003,88.79046886363598,22.5,22.63128402501948,78.92464120276665,1,153.57324289235606,57.66206649576912,42.33793350423088,Post-Monsoon,1,1
Maharashtra Cricket Association Stadium,Pune,India,ODI,2009-06-16,28.3,86.57719720464134,15.9,23.18023700209939,72.64213071961308,2,242.75666504203917,70.3116048662437,29.688395133756302,Monsoon,1,1
Rajiv Gandhi International Stadium,Hyderabad,India,ODI,2007-08-03,25.35,55.38522290242011,22.4,16.245513126174654,16.593389677123664,4,321.2795296809593,51.686177392620735,48.313822607379265,Winter,0,0
Narendra Modi Stadium,Ahmedabad,India,ODI,2002-05-09,34.3,43.973410431271446,24.5,7.5030159802828615,32.78247769159684,6,256.77922193276675,40.08643721445494,59.91356278554506,Summer,1,2
Sawai Mansingh Stadium,Jaipur,India,ODI,2002-11-07,23.65,20.0,12.9,10.118663239543611,9.422935828585127,4,240.35077920856048,30.01351734626003,69.98648265373997,Summer,1,2
Narendra Modi Stadium,Ahmedabad,India,T20,2000-05-05,32.55,60.323386710452596,14.3,19.708207945867265,24.569739830394262,2,205.7911164332445,49.788160349278,50.211839650722,Summer,0,0
Maharashtra Cricket Association Stadium,Pune,India,ODI,2020-10-04,25.1,55.95606507062673,13.0,14.264639786967424,24.391381627159266,3,303.4695493827279,52.55275557594997,47.44724442405003,Post-Monsoon,1,0
Wankhede Stadium,Mumbai,India,T20,2006-04-03,27.55,76.21529176589007,20.5,27.595371286915174,90.74346369880142,2,144.34455497333366,62.407618025464636,37.592381974535364,Post-Monsoon,0,1
Rajiv Gandhi International Stadium,Hyderabad,India,T20,2017-04-22,32.8,53.329126669021385,17.2,20.70026995511082,21.884215730312082,4,175.38047758582525,51.32778640254887,48.67221359745113,Winter,1,0
Sawai Mansingh Stadium,Jaipur,India,ODI,2012-10-15,24.65,38.119087001660766,10.2,9.711582062316497,20.517970444716703,6,258.1432842938527,47.9097625871895,52.0902374128105,Summer,0,2
Narendra Modi Stadium,Ahmedabad,India,T20,2014-08-22,28.8,49.651819391241524,11.2,22.0724769586466,33.491526911596,4,187.93806856363298,55.473586108738516,44.526413891261484,Winter,0,2
Wankhede Stadium,Mumbai,India,T20,2018-11-06,30.0,53.53574394867843,18.3,16.247547464718828,35.36770787041004,3,183.0811481299175,53.65620258662537,46.34379741337463,Winter,0,0
Eden Gardens,Kolkata,India,ODI,2001-09-20,28.75,44.191129447278925,7.3,10.060538183275158,19.324123696134098,7,262.2585900176321,35.44949252530114,64.55050747469886,Winter,1,2
Maharashtra Cricket Association Stadium,Pune,India,T20,2013-11-20,24.6,84.92158264656004,7.7,22.276669282345946,87.28758169376282,1,174.4653571354686,62.510586625678094,37.489413374321906,Winter,0,1
Rajiv Gandhi International Stadium,Hyderabad,India,Test,2009-06-17,32.35,66.38727386367901,18.4,18.206417835825714,37.11745389324271,3,356.06087987858984,45.36453584817093,54.63546415182907,Post-Monsoon,1,0
Sawai Mansingh Stadium,Jaipur,India,ODI,2002-03-11,22.3,40.91109603057259,15.9,9.764971662982814,3.108881958231825,7,274.9437128134119,31.251230402768527,68.74876959723147,Summer,1,2
M. Chinnaswamy Stadium,Bengaluru,India,ODI,2022-06-15,24.05,52.29624157393071,16.6,14.5289338725706,30.958794839967013,3,329.8984945425702,50.472784550071566,49.527215449928434,Winter,1,0
Narendra Modi Stadium,Ahmedabad,India,ODI,2010-09-01,27.85,32.19684593897408,15.4,5.431937930339631,28.196725323050718,5,266.3717551792448,35.50384464094445,64.49615535905555,Summer,1,2
Eden Gardens,Kolkata,India,ODI,2008-03-24,26.0,85.06799784423323,12.6,21.460043037057066,78.67935667180532,2,262.8402733248105,53.0,47.0,Winter,0,1
M. A. Chidambaram Stadium,Chennai,India,T20,2009-01-06,24.9,66.8,13.0,17.9,33.6,1,127.56009254280573,61.52305448557917,38.47694551442083,Winter,1,1
Rajiv Gandhi International Stadium,Hyderabad,India,T20,2024-10-03,27.2,56.24809522576097,14.8,14.836442183168968,32.63644657932714,2,167.85954432478442,46.377102048972624,53.622897951027376,Post-Monsoon,1,0
Wankhede Stadium,Mumbai,India,Test,2014-09-01,25.75,79.97871445962905,27.7,20.265468733274478,58.55502975742819,2,321.6864604203081,53.50513826975845,46.49486173024155,Monsoon,1,1
M. A. Chidambaram Stadium,Chennai,India,ODI,2005-10-18,24.8,85.4,18.4,22.1,79.1,1,296.192699648234,60.66244479507471,39.33755520492529,Monsoon,1,1
Eden Gardens,Kolkata,India,ODI,2020-05-29,28.200000000000003,37.6772609077279,12.2,4.932658831869562,19.035276295166952,6,258.9829887124508,45.52917591076059,54.47082408923941,Summer,1,2
Maharashtra Cricket Association Stadium,Pune,India,ODI,2015-12-14,26.2,60.31297453951142,9.9,18.830608913168543,9.579979602142622,4,314.23345957114805,46.86836981703871,53.13163018296129,Post-Monsoon,0,0
M. A. Chidambaram Stadium,Chennai,India,T20,2013-01-28,25.0,77.6,16.6,20.5,36.8,4,181.23088337694293,42.38442011516639,57.61557988483361,Winter,0,2
Sawai Mansingh Stadium,Jaipur,India,T20,2004-11-04,20.049999999999997,36.97044609164238,8.6,8.090395931567176,30.054148736948484,4,151.45273282452476,34.607819617956594,65.3921803820434,Summer,1,2
M. A. Chidambaram Stadium,Chennai,India,T20,2024-07-28,48.0,58.9,20.2,32.0,82.8,7,194.41208066506414,38.30530738768966,61.69469261231034,Summer,1,2
M. Chinnaswamy Stadium,Bengaluru,India,T20,2023-02-10,23.15,50.05969507509053,18.2,20.443979107441898,15.975787687260665,3,214.26477410451582,44.512797525294765,55.487202474705235,Winter,1,0
Maharashtra Cricket Association Stadium,Pune,India,ODI,2023-07-28,24.299999999999997,51.80710243812302,28.4,18.601280549230086,24.90857234926516,3,300.43099548669625,56.95841886700056,43.04158113299944,Winter,1,0
Arun Jaitley Stadium,Delhi,India,Test,2020-01-11,11.0,33.307874792640284,11.4,15.307982053303142,22.44192059423539,6,291.7713331513577,48.0,52.0,Summer,1,2
Narendra Modi Stadium,Ahmedabad,India,ODI,2022-01-07,19.5,56.84898768584967,11.9,13.399901509321634,5.0,2,290.75253320613695,56.40921241017863,43.59078758982137,Winter,0,0
Maharashtra Cricket Association Stadium,Pune,India,T20,2012-03-02,22.35,83.06605964657321,13.0,22.996488480794213,58.22837583391284,2,172.91985074713546,59.2986616454917,40.7013383545083,Monsoon,1,1
Rajiv Gandhi International Stadium,Hyderabad,India,ODI,2004-07-05,26.65,57.524381490754514,19.6,14.949750702654782,24.992750242076678,4,304.18938506898223,52.712018888531695,47.287981111468305,Summer,1,0
Maharashtra Cricket Association Stadium,Pune,India,ODI,2001-01-30,24.200000000000003,55.87314086944942,8.0,15.470310778299009,9.628037044965858,3,298.93734771475425,53.41249215798376,46.58750784201624,Post-Monsoon,1,0
Sawai Mansingh Stadium,Jaipur,India,ODI,2018-11-07,20.5,37.98464117458923,10.2,15.850623195495823,19.04821692954736,5,256.35408822458567,45.01171990345401,54.98828009654599,Winter,0,2
Maharashtra Cricket Association Stadium,Pune,India,Test,2010-04-15,31.700000000000003,60.03023264422971,12.6,17.52066963703411,44.79803055601667,3,370.2721128067046,43.39514672045554,56.60485327954446,Winter,0,0
Maharashtra Cricket Association Stadium,Pune,India,T20,2008-11-19,26.05,49.00399580472659,6.8,18.21524501331457,22.741882984496492,3,183.05022401356197,45.69163987131549,54.30836012868451,Summer,1,0
Rajiv Gandhi International Stadium,Hyderabad,India,T20,2010-09-09,25.299999999999997,48.279353731888015,24.4,16.94047445888005,37.02594230762175,4,206.9483795651373,50.49980059911513,49.50019940088487,Post-Monsoon,0,0
M. A. Chidambaram Stadium,Chennai,India,ODI,2023-04-28,31.6,75.6,20.3,26.6,41.6,7,234.60925147041587,40.85782255108174,59.14217744891826,Summer,1,2
Maharashtra Cricket Association Stadium,Pune,India,ODI,2024-09-13,24.5,77.18079205834458,21.2,24.11251640285253,69.39065376604681,1,278.01831247946103,68.59541838366441,31.40458161633559,Winter,1,1
Eden Gardens,Kolkata,India,T20,2019-09-12,26.65,39.51640676731332,20.3,5.012591817584124,14.003640302550902,5,169.70616437342989,48.0,52.0,Summer,1,2
Arun Jaitley Stadium,Delhi,India,ODI,2009-12-04,19.75,29.928272179293977,8.9,9.481492199922998,23.180911817756495,7,260.07335138211454,40.870872811106,59.129127188894,Winter,0,2
Rajiv Gandhi International Stadium,Hyderabad,India,T20,2014-09-30,26.049999999999997,51.249945449968685,12.2,15.25713102963153,25.834626027512368,3,189.48150927456248,44.650240208604664,55.349759791395336,Winter,1,0
Maharashtra Cricket Association Stadium,Pune,India,ODI,2001-04-03,29.5,82.75311772328573,16.8,23.40090916422451,55.0,2,247.44157170933514,53.0,47.0,Monsoon,1,1
Rajiv Gandhi International Stadium,Hyderabad,India,ODI,2013-10-17,25.1,46.16782584240568,10.8,17.74857770189258,37.26022178048868,2,314.748643229971,54.276517916603936,45.723482083396064,Summer,1,0
Wankhede Stadium,Mumbai,India,T20,2011-03-14,26.8,92.44159856416515,16.9,27.595719569171816,70.13846192545863,1,132.2854692709755,57.23895134178472,42.76104865821528,Monsoon,1,1
M. A. Chidambaram Stadium,Chennai,India,ODI,2005-10-30,28.8,69.0,11.2,22.4,54.3,5,263.7308636169375,33.39544998665063,66.60455001334937,Summer,0,2
Eden Gardens,Kolkata,India,T20,2008-07-25,28.9,87.72815503633772,7.8,23.496368888626222,70.93085372365243,1,154.90347110669893,53.0,47.0,Monsoon,1,1
M. Chinnaswamy Stadium,Bengaluru,India,ODI,2006-07-16,23.950000000000003,45.476805355179096,28.1,18.041245470494015,24.45577489718086,4,309.9721293944521,47.92246311079907,52.07753688920093,Post-Monsoon,0,0
M. Chinnaswamy Stadium,Bengaluru,India,ODI,2022-02-10,22.35,65.73219862404792,16.3,17.83914688487561,5.0,2,283.93710111271486,53.56126858200524,46.43873141799476,Winter,0,0
Sawai Mansingh Stadium,Jaipur,India,Test,2007-09-26,27.299999999999997,43.651041171396685,9.7,10.87598815710827,15.297301349197904,4,292.1334068533013,43.60174018679674,56.39825981320326,Summer,1,2
Narendra Modi Stadium,Ahmedabad,India,T20,2005-08-24,27.3,47.0703141805121,16.5,9.269454580555063,17.86530621013259,5,135.16701087212857,30.88972389328579,69.11027610671421,Winter,0,2
Narendra Modi Stadium,Ahmedabad,India,ODI,2007-09-18,28.6,33.90272124510952,11.5,15.507066413827985,19.64115749847222,4,261.04800507150964,48.0,52.0,Summer,0,2
Maharashtra Cricket Association Stadium,Pune,India,ODI,2011-07-27,24.7,61.54568452357784,9.5,17.054366702261106,25.12780435029736,3,316.81931316812523,45.46715973092701,54.53284026907299,Summer,1,0
Arun Jaitley Stadium,Delhi,India,ODI,2015-08-03,31.5,58.625,5.325,15.641378838628304,6.149359513998904,4,300.0669373910412,44.55551272535524,55.44448727464476,Winter,1,0
Narendra Modi Stadium,Ahmedabad,India,Test,2002-03-21,29.8,30.398480024991905,13.4,9.489949913458545,13.993270747771739,6,296.43404211840925,41.85374369969959,58.14625630030041,Summer,1,2
Wankhede Stadium,Mumbai,India,ODI,2012-04-22,30.35,52.61111688486746,24.2,21.432158388606037,20.091179341507036,4,303.72838203571393,56.775584452529245,43.224415547470755,Winter,1,0
Maharashtra Cricket Association Stadium,Pune,India,T20,2021-10-03,25.700000000000003,83.63052310919883,10.4,25.99839201320429,65.2047617017173,1,149.65115657113037,62.16813175622157,37.83186824377843,Post-Monsoon,1,1
M. Chinnaswamy Stadium,Bengaluru,India,T20,2009-02-18,21.75,61.13447187162613,14.9,14.84459645739302,25.365077727666687,2,188.5914510587085,46.17176160366927,53.82823839633073,Post-Monsoon,1,0
Narendra Modi Stadium,Ahmedabad,India,ODI,2011-05-30,33.599999999999994,62.873500605880274,19.1,19.040888228239417,11.397509790934775,2,267.05831541310647,47.14006257865003,52.85993742134997,Summer,0,2
Sawai Mansingh Stadium,Jaipur,India,ODI,2010-11-05,23.299999999999997,28.249495516610978,9.7,9.997629677897564,25.327220338848104,4,258.45947238891625,46.63196358869782,53.36803641130218,Winter,0,2
Eden Gardens,Kolkata,India,ODI,2023-06-13,32.9,29.055328141386283,22.8,11.177677682853663,19.65925188320934,7,249.04497362218427,48.0,52.0,Summer,0,2
Wankhede Stadium,Mumbai,India,T20,2011-12-14,27.45,72.2048491821015,15.3,20.89360237701122,59.417661460157035,1,148.29325507657938,57.814650224975786,42.185349775024214,Post-Monsoon,0,1
Narendra Modi Stadium,Ahmedabad,India,T20,2007-02-12,21.049999999999997,63.567617808649054,10.3,16.616747532038357,21.758451890123535,2,202.80309381891144,51.75771637450354,48.24228362549646,Summer,0,0
Eden Gardens,Kolkata,India,ODI,2015-03-22,27.549999999999997,76.39505882654804,9.2,25.706864563223544,68.39825135549076,1,281.46481084872875,57.883595962026575,42.116404037973425,Post-Monsoon,0,1
Eden Gardens,Kolkata,India,Test,2007-12-19,18.05,27.37849378049145,10.5,14.196970668440128,13.923806357817883,7,302.57220145606124,45.14812536178705,54.85187463821295,Summer,1,2
Rajiv Gandhi International Stadium,Hyderabad,India,T20,2002-11-20,22.55,52.11816613976028,10.0,16.817011667679097,17.894392373100253,3,190.6293705474181,58.389777049618615,41.610222950381385,Summer,1,0
Arun Jaitley Stadium,Delhi,India,T20,2002-03-31,28.25,27.262598669032744,14.9,9.245377595200997,17.627301837285284,7,142.88160575564683,38.60567857676381,61.39432142323619,Summer,0,2
Arun Jaitley Stadium,Delhi,India,Test,2008-10-21,25.0,40.107402093217274,8.4,8.190206547169252,18.095436265572534,4,274.4932917394865,39.9347303716228,60.0652696283772,Summer,0,2
Maharashtra Cricket Association Stadium,Pune,India,ODI,2021-08-30,23.75,77.50267518286218,17.4,22.436419126666543,81.54257914746859,2,236.11822451977324,53.0,47.0,Monsoon,1,1
M. Chinnaswamy Stadium,Bengaluru,India,Test,2001-09-05,22.950000000000003,61.045174809999814,17.2,17.560113889441542,46.09335463306458,3,338.85173450164035,40.0,60.0,Summer,1,0
Punjab Cricket Association IS Bindra Stadium,Mohali,India,T20,2006-05-23,30.8,79.66800467651572,9.5,21.933245270742965,79.13462760975209,1,165.44701737367424,66.31334569799849,33.686654302001514,Winter,0,1
Eden Gardens,Kolkata,India,T20,2000-05-16,31.950000000000003,84.08986059124528,10.5,22.041180516945513,80.94927691449249,2,149.89691079550755,53.0,47.0,Monsoon,1,1
Eden Gardens,Kolkata,India,T20,2023-03-14,28.05,29.250103506266633,25.1,5.2354864083540855,27.03192880769614,6,140.11407004336348,40.27551049521145,59.72448950478855,Winter,0,2
Maharashtra Cricket Association Stadium,Pune,India,Test,2006-05-02,31.6,40.0,13.9,17.359025624228295,31.848528072217466,3,332.59925180869635,47.9702823698342,52.0297176301658,Post-Monsoon,1,0
Narendra Modi Stadium,Ahmedabad,India,ODI,2009-06-02,33.05,36.20214596629343,16.5,10.622118702359003,9.755875980899164,5,242.23236079099365,35.02963414997052,64.97036585002948,Winter,0,2
M. A. Chidambaram Stadium,Chennai,India,T20,2014-01-09,25.1,75.7,18.4,20.3,37.4,1,173.64103879224723,57.516847393168824,42.483152606831176,Post-Monsoon,0,1
Rajiv Gandhi International Stadium,Hyderabad,India,T20,2001-04-21,30.0,59.86985829948178,10.1,16.939369742476806,26.197167565339466,3,192.56566753003878,48.01592426976909,51.98407573023091,Post-Monsoon,0,0
Narendra Modi Stadium,Ahmedabad,India,T20,2012-11-30,23.05,41.875627513987375,13.0,13.758271029940957,30.173603621895673,4,153.3930939037132,35.47370299253022,64.52629700746978,Summer,0,2
Eden Gardens,Kolkata,India,ODI,2023-11-12,25.2,42.48366219967044,12.3,16.907677450466487,5.336356642222109,7,251.29485810132218,42.797353715744514,57.202646284255486,Summer,0,2
Wankhede Stadium,Mumbai,India,ODI,2010-03-08,26.849999999999998,80.95814880896378,20.6,23.96835919063333,85.92660648475562,2,284.9642804136721,66.13197147050992,33.868028529490076,Post-Monsoon,1,1
Maharashtra Cricket Association Stadium,Pune,India,Test,2010-03-05,25.799999999999997,81.3849937858082,13.0,22.96591858517548,69.92328035993391,1,335.248623215185,55.029986720349996,44.970013279650004,Monsoon,1,1
Arun Jaitley Stadium,Delhi,India,ODI,2013-08-08,28.5,84.0,6.166666666666667,8.170520226891831,16.177875635349256,6,236.81038466098167,39.49089693448351,60.50910306551649,Summer,0,2
Punjab Cricket Association IS Bindra Stadium,Mohali,India,T20,2020-02-28,20.700000000000003,84.40326289694168,19.8,17.37313601204628,56.98575767586567,1,141.33321318875238,69.72885427849234,30.271145721507665,Post-Monsoon,0,1
Maharashtra Cricket Association Stadium,Pune,India,T20,2002-08-04,23.55,69.74278395677706,13.2,22.025580426307112,84.90383060773036,2,155.5245140726232,58.81755454347796,41.18244545652204,Monsoon,1,1
Punjab Cricket Association IS Bindra Stadium,Mohali,India,T20,2010-05-23,36.3,86.09660507384736,21.7,23.158175637103103,63.91731556567307,1,182.74126485149839,59.05636741226007,40.94363258773993,Post-Monsoon,1,1
Eden Gardens,Kolkata,India,T20,2014-05-22,33.35,80.0535137474377,21.3,21.070724997503746,83.8834220480812,1,179.70415017630876,54.97648602708558,45.02351397291442,Monsoon,0,1
M. Chinnaswamy Stadium,Bengaluru,India,T20,2016-09-17,23.55,51.27971179205319,22.8,20.334260626146133,8.745770838886685,3,191.36597718010486,55.48656808989088,44.51343191010912,Winter,1,0
M. Chinnaswamy Stadium,Bengaluru,India,T20,2009-12-12,19.95,52.00803245616349,15.8,17.285141189292766,38.31361192415246,4,156.89520827937181,56.6196383329034,43.3803616670966,Summer,1,0
Punjab Cricket Association IS Bindra Stadium,Mohali,India,Test,2019-08-27,30.150000000000002,85.3361672485575,10.6,24.342606333401715,66.92767921815441,2,311.23846526251117,62.89250662642683,37.10749337357317,Monsoon,1,1
Eden Gardens,Kolkata,India,ODI,2024-06-16,33.15,84.86469762474763,19.6,25.33332505216,63.26937223689748,1,207.4848396779056,54.397390033152504,45.602609966847496,Post-Monsoon,1,1
Wankhede Stadium,Mumbai,India,T20,2006-10-01,27.4,80.66027755355036,11.8,21.961888827353032,69.37072756144389,1,175.4612135082785,55.6279317544379,44.3720682455621,Monsoon,0,1
Wankhede Stadium,Mumbai,India,ODI,2022-09-21,25.700000000000003,57.923312281441056,15.2,18.915588512779653,23.41986263477664,3,292.6656686418098,50.92033910384761,49.07966089615239,Summer,1,0
M. A. Chidambaram Stadium,Chennai,India,T20,2007-06-23,28.7,65.6,22.3,21.5,91.7,4,162.7743680397967,48.0,52.0,Summer,1,2
Sawai Mansingh Stadium,Jaipur,India,Test,2009-09-11,27.25,36.28837484911351,23.7,9.244434653218965,22.709121213899223,4,280.6474493068053,44.8469928886931,55.1530071113069,Summer,1,2
Maharashtra Cricket Association Stadium,Pune,India,ODI,2006-03-28,27.55,61.08190413673936,11.0,13.209307827104473,44.349461190095546,4,271.66084837729215,49.5666080383195,50.4333919616805,Summer,1,0
Eden Gardens,Kolkata,India,Test,2023-06-22,29.5,44.71938084106238,16.9,10.685125531999482,28.91080259946152,6,282.95139862072443,48.0,52.0,Summer,0,2
M. A. Chidambaram Stadium,Chennai,India,Test,2019-06-23,31.6,69.5,24.1,25.0,62.8,6,291.2203393268967,40.5174413403298,59.4825586596702,Summer,1,2
M. A. Chidambaram Stadium,Chennai,India,T20,2013-07-29,29.9,62.2,20.5,21.6,79.2,2,174.10215327878922,53.0,47.0,Monsoon,0,1
Punjab Cricket Association IS Bindra Stadium,Mohali,India,T20,2007-06-22,30.5,76.64073996881368,17.5,26.478082090996836,75.94570891546161,1,180.97984453689588,54.676538501500104,45.323461498499896,Monsoon,1,1
Eden Gardens,Kolkata,India,ODI,2005-06-22,31.35,79.79976890712953,17.3,25.000171632366786,55.61220343434747,2,277.29304227648987,58.04226940625429,41.95773059374571,Monsoon,1,1
M. Chinnaswamy Stadium,Bengaluru,India,Test,2007-04-13,27.45,51.742512338211924,12.4,19.576744729287235,35.6291938139334,4,375.4519868498212,46.828907832192165,53.171092167807835,Post-Monsoon,1,0
Maharashtra Cricket Association Stadium,Pune,India,T20,2015-04-28,30.3,68.0,15.5,23.45765589243071,75.43369005734817,1,175.44435511890256,63.327014136557935,36.672985863442065,Monsoon,1,1
Arun Jaitley Stadium,Delhi,India,T20,2024-12-09,15.55,23.149507463084344,8.9,11.042216248620514,16.278806673830967,5,149.9069722711829,44.06695206173338,55.93304793826662,Summer,1,2
M. A. Chidambaram Stadium,Chennai,India,T20,2022-11-20,25.2,72.6,22.3,19.8,69.1,6,172.09130632697273,29.691004236341954,70.30899576365805,Summer,1,2
Narendra Modi Stadium,Ahmedabad,India,T20,2018-01-15,24.8,45.63378924346716,13.0,13.587857095396766,22.072335748747935,5,126.9947925679747,48.0,52.0,Summer,1,2
Maharashtra Cricket Association Stadium,Pune,India,T20,2006-09-09,25.950000000000003,85.46783870985114,8.5,22.861703584911883,63.93368886872816,1,162.35792477752844,61.98694223155736,38.01305776844264,Monsoon,0,1
Wankhede Stadium,Mumbai,India,ODI,2001-06-06,27.85,73.89448913816844,17.9,23.580695078135932,57.50737615218623,1,249.24610609131625,61.362975235510035,38.637024764489965,Post-Monsoon,0,1
Narendra Modi Stadium,Ahmedabad,India,T20,2003-06-27,29.8,63.14821936045608,17.4,14.506797006055253,36.360572262676655,3,195.47990743478596,48.98741435549055,51.01258564450945,Post-Monsoon,0,0
Wankhede Stadium,Mumbai,India,T20,2022-05-17,30.5,80.36686660341229,18.2,23.767632267614133,67.37542061965581,2,168.9623919796415,61.77574064113215,38.22425935886785,Monsoon,1,1
M. A. Chidambaram Stadium,Chennai,India,ODI,2000-07-28,31.6,53.38664543365167,16.9,10.711370414321669,29.653510807330104,5,254.80741784361496,43.92510202633436,56.07489797366564,Summer,1,2
Eden Gardens,Kolkata,India,T20,2016-07-10,28.35,77.14596685053017,16.2,20.444391664643504,74.8333237935692,2,155.09419302505194,53.0,47.0,Monsoon,0,1
Narendra Modi Stadium,Ahmedabad,India,ODI,2012-03-31,29.400000000000002,32.2031115878582,9.8,12.379117865044963,25.90842593972252,5,238.70409997374455,39.798717489997685,60.201282510002315,Summer,1,2
Maharashtra Cricket Association Stadium,Pune,India,T20,2024-07-15,25.9,51.920607609962694,20.5,19.14145297838493,21.926210195119097,2,186.51803847382863,47.20485510605486,52.79514489394514,Summer,1,0
Wankhede Stadium,Mumbai,India,Test,2021-10-07,29.05,45.58218072500669,12.1,21.08234929595353,11.892191294584503,3,392.0208310480483,59.38018762912314,40.61981237087686,Post-Monsoon,1,0
M. A. Chidambaram Stadium,Chennai,India,ODI,2023-08-19,30.7,72.2,22.3,24.9,60.7,7,247.15488685915196,43.503963054594706,56.496036945405294,Summer,1,2
Eden Gardens,Kolkata,India,T20,2016-03-08,27.5,81.87053550030838,11.1,27.818274839164783,86.1353116584641,1,146.0389386090124,65.81110286400978,34.18889713599022,Monsoon,0,1
Sawai Mansingh Stadium,Jaipur,India,ODI,2019-08-14,27.25,29.933528909805904,15.0,9.957851499204406,6.569476526189774,7,252.00676587617357,39.40601730048549,60.59398269951451,Winter,0,2
M. A. Chidambaram Stadium,Chennai,India,T20,2016-12-28,26.2,72.0,27.7,20.5,53.2,2,169.78454829843147,58.899225436247406,41.100774563752594,Monsoon,0,1
Eden Gardens,Kolkata,India,ODI,2012-02-08,23.5,48.57708715262781,14.8,7.428548735934934,19.292197217230775,4,264.715725451426,40.906155172733506,59.093844827266494,Winter,0,2
M. A. Chidambaram Stadium,Chennai,India,T20,2016-01-06,26.3,67.7,22.3,19.5,34.1,6,174.87399253556964,42.21263232769416,57.78736767230584,Summer,0,2
Maharashtra Cricket Association Stadium,Pune,India,T20,2011-08-13,23.3,59.29686397212907,15.3,22.07946526780141,38.56162383886032,2,183.01512732259445,46.23262562458014,53.76737437541986,Post-Monsoon,1,0
M. A. Chidambaram Stadium,Chennai,India,ODI,2001-01-04,25.35,45.749924255388464,20.2,10.46250202035976,16.902186385309953,4,249.1517800266929,47.77355036539927,52.22644963460073,Summer,0,2
Rajiv Gandhi International Stadium,Hyderabad,India,ODI,2019-04-28,32.55,68.0,17.4,19.71020284918056,15.900563601948958,2,289.12039754360626,51.019513176280846,48.980486823719154,Winter,1,0
Eden Gardens,Kolkata,India,T20,2009-03-12,27.4,84.49664288970227,10.2,20.971706676064994,67.6485191874707,1,159.79975017646333,61.94731954068262,38.05268045931738,Monsoon,0,1
Rajiv Gandhi International Stadium,Hyderabad,India,T20,2004-07-23,26.35,56.28040655846057,22.7,21.458565107730134,21.194797249176325,4,190.02842348294243,48.15021841649157,51.84978158350843,Summer,1,0
Narendra Modi Stadium,Ahmedabad,India,T20,2019-06-07,36.4,38.93408070298053,16.1,14.931288502494553,13.206418119736622,7,140.2419820604004,47.687214745633206,52.312785254366794,Summer,0,2
Arun Jaitley Stadium,Delhi,India,Test,2021-05-22,28.450000000000003,37.4416097139029,11.3,6.584562946027443,22.521227030478155,5,287.82875413369266,38.9729473651937,61.0270526348063,Winter,0,2
Sawai Mansingh Stadium,Jaipur,India,T20,2002-09-05,28.450000000000003,23.903998103971098,14.8,14.63524672158847,6.272868039731694,4,150.0644225364854,43.21873712633125,56.78126287366875,Summer,0,2
Maharashtra Cricket Association Stadium,Pune,India,T20,2024-02-26,26.099999999999998,81.49708780703259,16.6,23.408088546793397,55.0,1,173.45276804577017,61.655912272583095,38.344087727416905,Monsoon,1,1
Sawai Mansingh Stadium,Jaipur,India,T20,2011-05-02,32.55,46.65757864479444,19.2,8.771237696272893,23.930932247447238,7,136.8408484893361,37.12554041043035,62.87445958956965,Winter,1,2
Wankhede Stadium,Mumbai,India,Test,2009-07-26,26.7,66.22321709502464,28.3,15.52389557957582,13.02718858639329,4,376.48489076473095,48.67234644610033,51.32765355389967,Summer,0,0
Arun Jaitley Stadium,Delhi,India,T20,2018-10-19,25.65,44.174994338958626,11.0,9.46381574204262,29.207054882503733,7,146.02769963367749,45.23643573191905,54.76356426808095,Summer,0,2
Maharashtra Cricket Association Stadium,Pune,India,Test,2021-02-24,26.35,53.73154447700676,10.0,10.30325560894611,34.47783658523843,4,376.85952831551543,46.57240054918441,53.42759945081559,Post-Monsoon,1,0
Narendra Modi Stadium,Ahmedabad,India,Test,2019-07-30,27.05,40.0,26.7,23.33071055341737,26.494664479431044,2,362.97251009489975,51.8966047480675,48.1033952519325,Post-Monsoon,1,2
M. Chinnaswamy Stadium,Bengaluru,India,T20,2019-04-21,26.3,60.16590340364749,11.9,14.90724540873139,38.93843002672964,4,200.8698002109426,53.4293833337682,46.5706166662318,Post-Monsoon,1,0
Maharashtra Cricket Association Stadium,Pune,India,T20,2011-07-25,25.0,68.0,13.2,13.880474364371432,23.906082253439752,3,198.84444695426296,59.89408393270615,40.10591606729385,Winter,0,0
Eden Gardens,Kolkata,India,Test,2013-09-06,29.25,41.191855205618765,7.8,8.860858754926058,26.41483888422016,5,276.2855830128431,47.57845960756736,52.42154039243264,Winter,1,2
Maharashtra Cricket Association Stadium,Pune,India,ODI,2004-07-31,22.049999999999997,71.78112114671535,15.5,21.793170056898543,58.74889612876241,2,287.98234941450056,64.88351116854889,35.11648883145111,Monsoon,1,1
M. A. Chidambaram Stadium,Chennai,India,ODI,2012-09-02,29.9,70.4,22.3,23.6,58.8,1,282.5621772502397,56.97694271834011,43.02305728165989,Monsoon,1,1
Narendra Modi Stadium,Ahmedabad,India,T20,2013-05-15,33.599999999999994,37.315418561691,13.0,11.670844719319122,25.689257709742805,6,175.7184014662249,39.75606447482685,60.24393552517315,Summer,0,2
Rajiv Gandhi International Stadium,Hyderabad,India,T20,2013-01-03,25.75,56.84778258424948,13.8,17.195202577587214,42.0369629872484,2,176.93632018580843,46.466622430570425,53.533377569429575,Winter,1,0
Narendra Modi Stadium,Ahmedabad,India,ODI,2019-05-03,32.85,67.622889537645,20.2,15.841120772257684,42.657364784913035,4,298.8254207579045,41.641817342789274,58.358182657210726,Post-Monsoon,1,2
Narendra Modi Stadium,Ahmedabad,India,T20,2016-05-20,35.65,37.511616114312744,19.3,16.051244367874954,22.661971525264793,6,174.5627507325454,40.16195638390719,59.83804361609281,Winter,1,2
Maharashtra Cricket Association Stadium,Pune,India,ODI,2008-01-21,23.1,53.76852589691894,11.5,19.253935967059974,20.20316644466867,2,308.9169021388355,53.79241558480522,46.20758441519478,Summer,1,0
Eden Gardens,Kolkata,India,T20,2010-01-05,18.7,43.89469224736041,14.4,13.989664653495211,10.050416983148136,5,171.83959584181778,38.527035787208106,61.472964212791894,Winter,0,2
Rajiv Gandhi International Stadium,Hyderabad,India,Test,2018-08-08,23.799999999999997,60.86784019409656,24.1,20.955894823875557,20.246437630197853,2,347.3923156654988,57.65579261034093,42.34420738965907,Winter,1,0
M. A. Chidambaram Stadium,Chennai,India,T20,2023-03-01,28.4,72.2,30.5,22.7,45.1,7,157.24288890827867,46.13384367275818,53.86615632724182,Summer,0,2
Arun Jaitley Stadium,Delhi,India,T20,2000-06-08,26.1,47.93710894902064,17.4,8.286640321111864,19.57682600696962,6,163.10933042736815,32.307673429857374,67.69232657014263,Summer,1,2
M. A. Chidambaram Stadium,Chennai,India,Test,2017-09-11,30.1,76.3,14.8,25.3,41.6,2,302.1335183405179,53.0,47.0,Monsoon,0,1
Eden Gardens,Kolkata,India,T20,2018-11-16,24.85,84.87592221727172,10.4,22.977605259007287,76.18436927909131,1,154.44423846858535,68.05559847581816,31.944401524181842,Post-Monsoon,1,1
Narendra Modi Stadium,Ahmedabad,India,ODI,2008-03-20,27.700000000000003,36.86014060490716,8.7,10.713956484511833,17.71217043046803,7,217.91118626670897,36.795529207289384,63.204470792710616,Summer,1,2
Narendra Modi Stadium,Ahmedabad,India,Test,2022-10-16,27.65,32.1417169487834,17.6,10.672564545315996,15.97694842945735,7,275.62176597652467,37.188635640427535,62.811364359572465,Summer,1,2
Sawai Mansingh Stadium,Jaipur,India,Test,2015-08-04,28.1,28.7633150845894,13.9,4.370166621151372,22.517938067923257,5,296.9885456484348,46.06105011873383,53.93894988126617,Summer,1,2
Punjab Cricket Association IS Bindra Stadium,Mohali,India,T20,2009-12-30,13.95,88.17480964620036,12.5,23.52671428367263,80.63648001264605,2,165.4998852609636,65.30449198148355,34.69550801851645,Monsoon,1,1
Eden Gardens,Kolkata,India,ODI,2002-05-10,31.15,41.43172312901759,13.5,12.43907159179259,20.5635961107683,4,258.6180910017243,42.741727689325096,57.258272310674904,Summer,0,2
Punjab Cricket Association IS Bindra Stadium,Mohali,India,T20,2024-10-19,28.1,82.5484586389689,10.2,23.55494932205251,67.123892941831,1,157.46375262064768,71.1119640937354,28.888035906264605,Post-Monsoon,1,1
Sawai Mansingh Stadium,Jaipur,India,T20,2004-12-05,19.4,44.1067107802528,10.5,8.397129109318854,10.164975966485663,5,135.33165970256144,34.87033934209886,65.12966065790114,Winter,1,2
Rajiv Gandhi International Stadium,Hyderabad,India,T20,2016-10-07,25.4,44.23236577392185,16.9,17.81522942405271,29.171750822632248,4,173.8029164543957,42.77280840534724,57.22719159465276,Winter,1,2
Sawai Mansingh Stadium,Jaipur,India,Test,2019-08-31,28.6,46.713097471306895,7.6,14.74227901047104,27.068818864047984,4,259.9488793546392,39.961308327891906,60.038691672108094,Summer,0,2
Punjab Cricket Association IS Bindra Stadium,Mohali,India,T20,2006-11-15,21.75,88.42787706623564,10.5,17.948150340396456,64.44898743208626,2,194.86328556378768,54.89370698584814,45.10629301415186,Post-Monsoon,1,1
M. A. Chidambaram Stadium,Chennai,India,ODI,2015-10-04,29.8,79.1,25.9,25.6,60.8,2,260.29947541433603,56.44160356326565,43.55839643673435,Post-Monsoon,1,1
Maharashtra Cricket Association Stadium,Pune,India,ODI,2009-05-13,29.55,42.93453756273656,15.9,14.11116882254524,35.54599605833873,2,292.9719015764671,40.0,60.0,Winter,1,0
Rajiv Gandhi International Stadium,Hyderabad,India,T20,2011-06-13,27.85,56.33972360544628,27.6,12.7384829606799,21.590625508108598,3,191.10316592777522,47.64938921189566,52.35061078810434,Summer,1,0
Wankhede Stadium,Mumbai,India,T20,2005-01-05,26.15,84.51336742285119,12.8,21.416122911221525,56.24203196080215,1,144.8160776788691,62.92722957805544,37.07277042194456,Monsoon,1,1
Eden Gardens,Kolkata,India,ODI,2003-02-24,22.85,87.28096230440525,9.7,20.915378268734983,63.42432570611892,2,269.6273535761487,57.593911882039095,42.406088117960905,Post-Monsoon,0,1
Narendra Modi Stadium,Ahmedabad,India,ODI,2023-03-05,30.9,34.32307931140859,20.2,12.669677384279968,11.43991037888398,6,238.6059741899764,34.509258739061266,65.49074126093873,Summer,0,2
Rajiv Gandhi International Stadium,Hyderabad,India,T20,2016-08-30,24.75,55.90436987769263,19.2,14.927997651255891,42.819258643650215,3,172.43664532962185,49.338967810502425,50.661032189497575,Post-Monsoon,1,0
Eden Gardens,Kolkata,India,T20,2012-09-14,26.799999999999997,42.85642747816441,8.9,8.761415739328852,9.432744033243846,6,164.1490337747085,42.554385441645735,57.445614558354265,Winter,0,2
Wankhede Stadium,Mumbai,India,ODI,2000-02-09,24.75,86.3419852884515,18.9,19.660119247807202,73.66169119758769,1,299.295817554187,58.50960086250842,41.49039913749158,Monsoon,1,1
Narendra Modi Stadium,Ahmedabad,India,T20,2010-02-18,22.700000000000003,52.79495691854403,13.5,19.546632988344843,19.158541940562106,4,195.19789054989448,49.746991114477076,50.253008885522924,Winter,1,0
Sawai Mansingh Stadium,Jaipur,India,ODI,2007-01-06,13.899999999999999,31.187702486513857,11.8,14.25586101333773,20.93225125789784,4,253.36990416680382,37.73017210345652,62.26982789654348,Summer,1,2
Narendra Modi Stadium,Ahmedabad,India,ODI,2017-10-03,30.25,45.560646820943816,14.3,11.86049261044003,11.250453217762495,6,252.99300922031952,38.80822453360714,61.19177546639286,Summer,1,2
Narendra Modi Stadium,Ahmedabad,India,T20,2012-02-04,20.5,56.761364735866984,15.3,13.54459098449339,6.02713954026893,3,164.26596894925308,47.022557565345615,52.977442434654385,Summer,1,0
Maharashtra Cricket Association Stadium,Pune,India,Test,2011-12-28,22.35,64.27056450266309,8.7,20.202602750323535,45.34675897138318,3,367.48960015411154,50.26871280803813,49.73128719196187,Winter,1,0
Narendra Modi Stadium,Ahmedabad,India,ODI,2003-10-01,28.95,48.06223160695554,6.7,11.035149253158096,0.0,4,280.04905846411845,48.0,52.0,Summer,1,2
Eden Gardens,Kolkata,India,T20,2022-08-07,29.15,27.118052499262603,22.8,12.635969785901182,19.85328355389214,6,159.31801455621093,35.17414753635667,64.82585246364333,Winter,1,2
Eden Gardens,Kolkata,India,T20,2019-12-23,18.200000000000003,25.546272382911333,9.7,11.035733048745895,33.849599989495715,5,132.1154776228305,37.10365094050594,62.89634905949406,Summer,0,2
Eden Gardens,Kolkata,India,ODI,2015-12-25,18.5,89.6301111798084,15.1,22.713469102499193,80.94570990114761,2,252.07671494892412,56.479373467201285,43.520626532798715,Post-Monsoon,0,1
M. A. Chidambaram Stadium,Chennai,India,T20,2023-01-27,26.1,71.1,21.1,20.2,38.6,7,157.63553924343776,48.0,52.0,Summer,0,2
Arun Jaitley Stadium,Delhi,India,Test,2014-12-28,9.0,86.0,0.7,6.641727359713558,14.408979037756922,5,308.04641780747437,45.37644190110687,54.62355809889313,Winter,0,2
M. Chinnaswamy Stadium,Bengaluru,India,T20,2019-01-09,21.2,68.0,15.2,20.949327830131942,38.06826284796275,2,211.82874528181037,54.62396901682153,45.37603098317847,Summer,0,0
Wankhede Stadium,Mumbai,India,T20,2014-05-16,29.7,52.88627829209489,18.7,19.718368515638897,19.955551762280635,2,184.4425454042847,51.00137200035993,48.99862799964007,Post-Monsoon,0,0
Narendra Modi Stadium,Ahmedabad,India,T20,2017-01-28,20.7,38.632798564366574,19.1,12.388600466764716,28.794544387605374,6,167.0934530882652,36.56566519332572,63.43433480667428,Summer,1,2
Punjab Cricket Association IS Bindra Stadium,Mohali,India,ODI,2003-07-29,28.25,81.08772951663491,19.2,22.089341843068446,68.65600596152746,1,245.815625487327,61.18362514132242,38.81637485867758,Post-Monsoon,0,1
Wankhede Stadium,Mumbai,India,ODI,2012-04-21,30.75,80.77843592473464,21.8,21.800582800765685,81.56617976753455,1,254.9747540168793,62.457642738608826,37.542357261391174,Post-Monsoon,1,1
Wankhede Stadium,Mumbai,India,T20,2002-03-16,27.6,83.30668907691962,20.7,25.15734151496283,78.96215551830244,2,203.43708132174137,58.11169592816658,41.88830407183342,Post-Monsoon,1,1
Rajiv Gandhi International Stadium,Hyderabad,India,T20,2016-09-15,23.75,56.532990343410376,12.9,15.32228296274232,36.99206267408414,2,211.17163913235726,53.35363406433667,46.64636593566333,Winter,0,0
Eden Gardens,Kolkata,India,ODI,2022-09-04,29.799999999999997,38.35350267967669,14.4,10.834916100829112,19.07203580934328,7,242.91672088657617,40.64379287864835,59.35620712135165,Winter,1,2
Sawai Mansingh Stadium,Jaipur,India,T20,2014-10-03,29.049999999999997,29.000565159182763,17.9,14.197055524160143,22.299470833818695,7,203.47643622665953,40.94622848284196,59.05377151715804,Summer,0,2
Rajiv Gandhi International Stadium,Hyderabad,India,T20,2018-04-27,31.15,58.58038898764659,13.3,16.070089184623317,25.16093241321219,3,195.79745965939688,58.51076846324523,41.48923153675477,Summer,1,0
Wankhede Stadium,Mumbai,India,T20,2014-05-19,31.95,79.39418041947818,20.4,23.224901028870523,84.39722964355175,2,172.9442778410314,53.0,47.0,Post-Monsoon,1,1
Sawai Mansingh Stadium,Jaipur,India,Test,2022-11-22,19.2,52.803298579000206,9.3,13.327256901349728,0.0,4,317.03145616981874,33.61764558609535,66.38235441390465,Summer,0,2
Wankhede Stadium,Mumbai,India,T20,2005-04-14,28.2,46.06540114373356,18.1,19.65520563993521,19.71351291345905,3,202.2070697236822,49.45130201257984,50.54869798742016,Post-Monsoon,1,0
M. Chinnaswamy Stadium,Bengaluru,India,T20,2007-07-20,23.5,65.13741632909216,12.3,18.336194015119087,35.93409635125033,4,194.71864719712684,49.55643484643983,50.44356515356017,Winter,0,0
Maharashtra Cricket Association Stadium,Pune,India,T20,2002-12-21,24.6,68.54052840338643,8.1,17.716105734490725,80.54137783977379,1,185.3908730409688,60.178880980324834,39.821119019675166,Winter,0,1
Rajiv Gandhi International Stadium,Hyderabad,India,T20,2020-02-24,24.75,52.40763088547465,13.9,11.771638431988649,24.887508178122047,2,186.20673446849275,50.39740588399184,49.60259411600816,Winter,1,0
Sawai Mansingh Stadium,Jaipur,India,ODI,2017-05-18,32.2,29.995794526740863,18.6,6.992248071825698,21.038017507989576,5,251.44459038584998,42.747135098876996,57.252864901123004,Summer,0,2
Narendra Modi Stadium,Ahmedabad,India,ODI,2004-03-10,27.95,41.85645050131612,9.3,16.676908470140198,23.711406085594213,2,309.9112552864562,52.6053520729062,47.3946479270938,Winter,1,0
Narendra Modi Stadium,Ahmedabad,India,T20,2017-02-13,24.25,43.99376717528735,19.7,13.930948192035894,17.289810564979575,6,179.9491849510693,33.31807631284039,66.68192368715961,Summer,0,2
Maharashtra Cricket Association Stadium,Pune,India,ODI,2015-09-01,25.1,91.12584050788952,14.9,24.321919089274086,78.28057842742227,2,250.6220280658656,55.520319332516344,44.479680667483656,Winter,0,1
Wankhede Stadium,Mumbai,India,T20,2011-02-23,25.85,40.0,16.2,14.95476489039312,26.54345126466561,4,180.70468700173475,58.156617097805785,41.843382902194215,Summer,0,1
Maharashtra Cricket Association Stadium,Pune,India,T20,2003-03-27,28.900000000000002,77.98903910864118,16.5,17.970819401142826,65.34314906414679,1,152.71189985452537,60.22248265370095,39.77751734629905,Winter,0,1
M. Chinnaswamy Stadium,Bengaluru,India,T20,2009-08-20,23.75,46.38532989292721,11.6,15.912817328922493,32.15022383666548,3,143.04754764031367,44.543848123186436,55.456151876813564,Post-Monsoon,1,0
Narendra Modi Stadium,Ahmedabad,India,Test,2011-04-13,31.2,40.64415622870076,13.4,9.528613517918869,21.161142552253803,6,294.4160619927274,48.0,52.0,Winter,1,2
M. Chinnaswamy Stadium,Bengaluru,India,ODI,2020-03-26,26.5,68.0,19.9,20.248646542897227,30.681052870899563,4,309.43600192787284,57.69905876206038,42.30094123793962,Post-Monsoon,0,0
Arun Jaitley Stadium,Delhi,India,T20,2022-12-16,14.55,33.68169357589631,12.8,8.905241909411416,9.733300032087765,4,134.523074082494,48.0,52.0,Summer,0,2
Wankhede Stadium,Mumbai,India,ODI,2022-08-01,27.55,47.918723885471806,17.4,16.68505536747222,23.738359519509835,2,305.1585804085424,55.5082503358258,44.4917496641742,Post-Monsoon,1,0
Sawai Mansingh Stadium,Jaipur,India,T20,2004-06-19,31.549999999999997,49.30010455968805,21.5,11.869656427755203,19.257862747489547,6,152.43832745806907,36.60738024299986,63.39261975700014,Summer,0,2
Eden Gardens,Kolkata,India,T20,2006-07-03,28.8,24.468447218385172,24.7,9.566123262297301,12.621395198817432,6,192.04418853927797,37.08265936684093,62.91734063315907,Summer,1,2
Eden Gardens,Kolkata,India,ODI,2019-10-21,27.950000000000003,77.71988531379101,7.9,27.822543643458232,64.38489341358805,2,272.5523395852181,58.531935079444615,41.468064920555385,Winter,1,1
Eden Gardens,Kolkata,India,ODI,2024-08-06,28.7,42.64498095557588,15.6,9.586999216252249,12.621473069436684,6,269.37119980410137,42.929068034179416,57.070931965820584,Summer,1,2
Maharashtra Cricket Association Stadium,Pune,India,T20,2018-06-26,24.5,60.66447958088033,30.2,19.51702944590218,15.245299332984425,4,192.5149335402092,54.99735834004084,45.00264165995916,Post-Monsoon,0,0
Eden Gardens,Kolkata,India,ODI,2011-11-15,25.05,87.22714548468721,6.2,25.67259897907236,80.96488623673883,1,266.7335634689313,74.1679779026968,25.832022097303195,Monsoon,1,1
Wankhede Stadium,Mumbai,India,T20,2022-05-25,30.1,78.46054756522018,18.7,23.41142111346245,81.82723195109523,1,175.1773227736682,59.247923219234394,40.752076780765606,Post-Monsoon,0,1
Wankhede Stadium,Mumbai,India,T20,2022-02-24,25.35,93.22541677268333,20.1,18.98705463197736,64.5915629357115,2,129.60062160633987,54.76706252978572,45.23293747021428,Monsoon,0,1
Sawai Mansingh Stadium,Jaipur,India,T20,2021-03-28,28.65,20.021851557273155,14.7,14.56317527978581,9.8350158438933,6,171.96257339525795,39.50482589496399,60.49517410503601,Summer,0,2
Rajiv Gandhi International Stadium,Hyderabad,India,T20,2022-08-27,26.700000000000003,62.40327983668239,15.4,16.961205066189635,5.0,2,184.57148934048791,52.16859192512172,47.83140807487828,Post-Monsoon,1,0
Rajiv Gandhi International Stadium,Hyderabad,India,T20,2013-03-14,28.1,48.2438385642329,14.2,13.048295414669525,20.69181845955951,2,180.63933482742794,43.687954687483504,56.312045312516496,Winter,1,0
Wankhede Stadium,Mumbai,India,ODI,2021-09-02,26.8,55.60723280954027,23.8,21.753020643168504,29.698207036135216,4,288.2578309084431,46.52747241112514,53.47252758887486,Summer,0,0
Punjab Cricket Association IS Bindra Stadium,Mohali,India,T20,2000-10-20,26.7,68.0,9.3,27.54038602842737,90.55413502726657,1,144.75664399457392,59.690815177538454,40.309184822461546,Monsoon,1,1
Eden Gardens,Kolkata,India,ODI,2005-11-17,22.45,31.46565456583795,9.3,11.27047048300272,10.110079115867219,5,258.0798429067755,40.27842526324997,59.72157473675003,Winter,0,2
Rajiv Gandhi International Stadium,Hyderabad,India,Test,2006-02-08,23.4,46.23658748207782,12.6,11.278583516963817,30.587738421619015,2,345.0659992164775,54.2408687527215,45.7591312472785,Summer,1,0
Narendra Modi Stadium,Ahmedabad,India,T20,2002-11-13,25.55,41.13999149601291,12.0,10.656634969045076,22.07720610565024,7,149.98294067431098,41.25359456361138,58.74640543638862,Summer,0,2
Punjab Cricket Association IS Bindra Stadium,Mohali,India,ODI,2008-12-05,19.25,79.13758681255653,9.9,25.015044320266863,84.42092812147737,1,283.25746636925663,58.53678322608651,41.46321677391349,Winter,1,1
Wankhede Stadium,Mumbai,India,T20,2020-08-21,26.3,79.93761166865097,22.8,20.532600234682974,75.87198355703651,2,150.4279233241307,59.2035577748612,40.7964422251388,Monsoon,1,1
Sawai Mansingh Stadium,Jaipur,India,Test,2006-01-24,13.799999999999999,37.74732200629495,13.8,15.607721147727897,15.072546183622823,6,268.56822981291185,45.52602420408759,54.47397579591241,Summer,0,2
M. A. Chidambaram Stadium,Chennai,India,T20,2018-02-11,27.0,75.0,24.1,21.9,38.9,1,155.45744992869618,62.10809473924656,37.89190526075344,Post-Monsoon,1,1
Eden Gardens,Kolkata,India,ODI,2021-12-27,20.55,34.26568649565184,8.2,8.986553614607985,14.179181653334565,6,263.13970798792207,43.99668232162487,56.00331767837513,Summer,0,2
Eden Gardens,Kolkata,India,T20,2002-08-03,27.35,33.40524713218225,12.6,11.080380329358315,26.488722060820635,4,167.3861681463438,43.44239455432897,56.55760544567103,Winter,1,2
Punjab Cricket Association IS Bindra Stadium,Mohali,India,T20,2022-07-23,27.75,84.44267241124365,21.7,26.029322730280022,91.56421773234575,2,171.77589400272356,63.795792398354145,36.204207601645855,Monsoon,0,1
Wankhede Stadium,Mumbai,India,ODI,2011-06-21,27.799999999999997,50.81255281723613,22.0,19.277357184044742,5.0,4,303.5540100118766,42.731586355162186,57.268413644837814,Post-Monsoon,1,0
Eden Gardens,Kolkata,India,ODI,2010-12-24,20.1,25.60594258924605,9.3,7.778892761846597,4.187146551009773,7,266.7567981793942,45.23545860383227,54.76454139616773,Summer,1,2
Wankhede Stadium,Mumbai,India,Test,2013-02-16,24.05,78.18996082487715,17.1,27.057635596708884,85.62647743007243,2,309.2686313807473,54.467120667127176,45.532879332872824,Monsoon,1,1
Eden Gardens,Kolkata,India,Test,2020-06-24,30.0,36.0488311185813,21.1,8.317377944061569,15.895412604349177,5,292.5259333690567,33.091462033111014,66.90853796688899,Winter,0,2
Eden Gardens,Kolkata,India,ODI,2023-04-19,34.1,36.485437419456815,18.7,14.084204059880967,3.2440240495117276,5,250.7736802895312,41.907530098518556,58.092469901481444,Summer,1,2
Sawai Mansingh Stadium,Jaipur,India,T20,2011-07-27,29.6,37.96656965269873,8.9,9.839112208083703,13.222098685389284,6,138.16799152875052,43.677528538215185,56.322471461784815,Summer,0,2
Arun Jaitley Stadium,Delhi,India,ODI,2010-09-14,26.6,42.90868412809101,8.0,12.495907601755537,18.71209802943218,7,224.96614846532165,35.72663456754347,64.27336543245653,Winter,0,2
Wankhede Stadium,Mumbai,India,ODI,2022-02-22,24.5,45.95713287841047,21.8,17.76957176197279,13.479008391307197,4,328.7801504686064,51.41897605910985,48.58102394089015,Post-Monsoon,1,0
M. Chinnaswamy Stadium,Bengaluru,India,T20,2010-04-19,27.299999999999997,55.457216343255084,11.9,18.650522964152483,19.150877224320805,3,169.9502962274698,49.7704756976973,50.2295243023027,Winter,1,0
Rajiv Gandhi International Stadium,Hyderabad,India,ODI,2011-10-25,26.0,51.35495974562133,15.4,11.655721658789478,15.740179742416505,2,297.5969289018747,55.10594746900576,44.89405253099424,Post-Monsoon,0,0
Narendra Modi Stadium,Ahmedabad,India,T20,2022-05-06,35.0,41.91507151150727,15.2,11.188094909710143,18.860273440429076,7,166.32718522917247,36.137300962086194,63.862699037913806,Summer,0,2
Wankhede Stadium,Mumbai,India,T20,2003-01-06,25.9,61.12172280054141,15.3,15.85857046653065,24.256106699974048,4,181.8246807578107,44.41999242691431,55.58000757308569,Winter,0,0
Maharashtra Cricket Association Stadium,Pune,India,T20,2018-06-28,25.3,77.01864472215364,24.2,20.976013542611053,75.92333752414359,1,147.59087218927797,63.5627401483751,36.4372598516249,Winter,0,1
Eden Gardens,Kolkata,India,T20,2016-12-03,23.55,78.6879660831159,13.3,23.791189285485515,72.14600233547215,1,150.99111180100053,64.69494723518321,35.30505276481679,Monsoon,0,1
Punjab Cricket Association IS Bindra Stadium,Mohali,India,Test,2004-03-22,29.200000000000003,83.72416622822468,11.6,23.92389062500083,68.96097865078649,2,323.9362379473383,66.04425420135063,33.955745798649374,Monsoon,1,1
Arun Jaitley Stadium,Delhi,India,T20,2007-10-05,27.55,27.365610216625605,11.1,10.387191536578102,2.8770220183299333,4,195.92534712813426,35.17328943878613,64.82671056121387,Winter,0,2
Rajiv Gandhi International Stadium,Hyderabad,India,T20,2020-01-30,24.45,66.53782450950324,11.4,19.397157088599958,28.164416248792307,2,159.48027389779753,44.6169925087321,55.3830074912679,Summer,0,0
Wankhede Stadium,Mumbai,India,ODI,2020-02-13,28.950000000000003,81.48646116033517,23.1,28.814779291788284,72.71195618739497,1,253.2527081127787,58.296872557173884,41.703127442826116,Winter,1,1
Wankhede Stadium,Mumbai,India,T20,2012-09-06,26.1,81.45852648706247,27.6,20.891899188531124,58.097149400578445,1,151.28590193397955,59.30829254974312,40.69170745025688,Winter,1,1
Wankhede Stadium,Mumbai,India,ODI,2024-01-25,24.700000000000003,78.91665922635424,15.6,18.40101126853448,75.34976090228875,1,285.6946680934208,58.939466636531975,41.060533363468025,Monsoon,1,1
Maharashtra Cricket Association Stadium,Pune,India,ODI,2003-04-14,29.55,83.55854037734393,15.9,21.265022122114065,72.79392964663666,1,260.23187102974094,63.572247297205294,36.427752702794706,Monsoon,1,1
Punjab Cricket Association IS Bindra Stadium,Mohali,India,T20,2018-02-11,17.0,78.9521545765509,16.8,24.057451845892064,64.92362568900703,2,157.77687530662385,58.707246202870465,41.292753797129535,Monsoon,1,1
M. Chinnaswamy Stadium,Bengaluru,India,T20,2005-07-02,23.35,56.50531302724606,26.4,20.450888321287074,27.75332002261161,3,167.2183533786016,46.85901837721504,53.14098162278496,Post-Monsoon,0,0
Eden Gardens,Kolkata,India,T20,2016-12-07,22.049999999999997,75.97067855008095,11.0,26.130631118664052,72.75774828018858,2,169.23153438010235,64.34877048355959,35.65122951644041,Monsoon,0,1
Narendra Modi Stadium,Ahmedabad,India,T20,2005-07-09,28.65,53.94378754826813,14.9,14.017726469138244,32.80201819165281,4,179.6710173748508,54.23153229211074,45.76846770788926,Summer,0,0
Narendra Modi Stadium,Ahmedabad,India,T20,2009-11-03,27.849999999999998,39.85735911701005,10.1,12.414615567635417,26.10172654255863,7,158.797330213668,38.241217958003986,61.758782041996014,Winter,1,2
Eden Gardens,Kolkata,India,T20,2002-05-20,34.0,86.76435078716273,18.7,17.269246563437044,62.17439509235602,2,177.88430070118451,54.72027072282367,45.27972927717633,Winter,0,1
Wankhede Stadium,Mumbai,India,T20,2021-04-22,29.1,56.56222552559217,23.4,24.0,48.0,4,192.79785760250797,49.44879509281727,50.55120490718273,Summer,1,0
Punjab Cricket Association IS Bindra Stadium,Mohali,India,ODI,2008-07-22,30.6,74.19349338636471,14.3,18.34144212881779,69.0283958270268,2,303.9725667057821,69.19969503432799,30.800304965672012,Winter,1,1
M. Chinnaswamy Stadium,Bengaluru,India,T20,2017-07-08,22.75,60.68827339141833,18.6,18.59693169061553,33.18307250856631,2,153.2162497650217,50.39827908692465,49.60172091307535,Post-Monsoon,1,0
Wankhede Stadium,Mumbai,India,T20,2012-05-29,29.4,86.50110919128775,18.4,21.410552370027094,70.75202142345601,2,180.88347665102876,63.03450385849955,36.96549614150045,Post-Monsoon,0,1
Wankhede Stadium,Mumbai,India,T20,2011-06-14,27.25,45.28526865859019,19.5,17.253502633625555,5.0,3,178.34475405210057,48.33801425673867,51.66198574326133,Winter,0,0
M. Chinnaswamy Stadium,Bengaluru,India,ODI,2005-10-24,21.85,55.737854281050105,7.7,23.223459241273968,26.7970531130936,3,293.6980866764652,60.0,40.0,Summer,1,0
Rajiv Gandhi International Stadium,Hyderabad,India,T20,2013-03-24,28.9,58.49419504396042,16.8,16.878286359845845,19.496807010162435,2,174.28368739292685,55.15282538957137,44.84717461042863,Post-Monsoon,0,0
Sawai Mansingh Stadium,Jaipur,India,T20,2001-07-18,27.15,46.391622930891536,11.2,12.705332916783838,12.058569162390775,5,132.4385056152889,34.830952793005125,65.16904720699488,Winter,0,2
M. A. Chidambaram Stadium,Chennai,India,T20,2022-08-19,30.8,71.8,29.2,24.9,70.6,6,165.0454507922803,41.590137169035344,58.409862830964656,Summer,0,2
Sawai Mansingh Stadium,Jaipur,India,T20,2007-11-13,22.65,36.74769137827924,8.9,10.486903635146804,7.466868570735919,5,150.0399966539136,45.18363423379343,54.81636576620657,Summer,0,2
Narendra Modi Stadium,Ahmedabad,India,ODI,2018-03-19,28.9,28.301053655522196,21.2,10.153956554194371,19.931617276819434,5,257.3730415818673,32.79593700997869,67.20406299002131,Summer,1,2
Eden Gardens,Kolkata,India,ODI,2012-05-21,32.4,34.98245700168743,16.0,7.604040679769117,25.68874788896173,4,252.00419915565354,43.831576748078525,56.168423251921475,Summer,1,2
Maharashtra Cricket Association Stadium,Pune,India,ODI,2019-09-01,24.9,52.003855595764804,22.2,20.824977431507968,13.327212648454228,4,281.52078966735723,54.33223505534885,45.66776494465115,Winter,1,0
Punjab Cricket Association IS Bindra Stadium,Mohali,India,Test,2020-02-06,11.95,84.64645408102697,10.5,22.55418110801003,82.9729448327012,2,300.17995256965276,57.01353658537803,42.98646341462197,Monsoon,1,1
M. A. Chidambaram Stadium,Chennai,India,ODI,2020-12-12,26.1,77.3,16.6,21.4,39.4,1,275.90940325673813,60.647882152684545,39.352117847315455,Post-Monsoon,1,1
M. Chinnaswamy Stadium,Bengaluru,India,ODI,2016-11-01,24.1,59.21857270164104,15.4,19.21277410555011,25.253927266562574,3,293.95835059361633,52.17382096244773,47.82617903755227,Post-Monsoon,1,0
Wankhede Stadium,Mumbai,India,T20,2014-01-09,23.9,80.50355255922845,16.7,26.912783368910226,77.12558693474669,2,135.95870316611993,58.24864784489134,41.75135215510866,Post-Monsoon,1,1
Rajiv Gandhi International Stadium,Hyderabad,India,T20,2011-08-09,26.35,57.68855222044444,26.5,18.969020791486876,34.456936090599896,2,180.9797337511152,51.934392994786876,48.065607005213124,Summer,0,0
Eden Gardens,Kolkata,India,T20,2013-07-04,28.75,30.462552024325557,16.0,4.0,9.02727190677501,5,138.31341721699215,37.666616009596176,62.333383990403824,Summer,1,2
Eden Gardens,Kolkata,India,ODI,2010-09-24,28.0,81.94113506916739,9.0,22.39673579329182,82.0311173433765,1,262.1546526187678,62.61311214757962,37.38688785242038,Winter,0,1
Wankhede Stadium,Mumbai,India,T20,2009-04-06,32.3,96.91583268755231,17.4,24.987317469312536,71.94755077489852,2,162.7588540363776,63.530295102465175,36.469704897534825,Post-Monsoon,0,1
Wankhede Stadium,Mumbai,India,T20,2004-04-05,29.049999999999997,76.36654755770022,16.2,29.0,73.27165561285032,1,135.55746076971565,59.83919382662229,40.16080617337771,Monsoon,0,1
Wankhede Stadium,Mumbai,India,Test,2017-11-18,26.049999999999997,79.74106130417343,16.5,28.043406843064098,80.73938254186005,1,284.4152006210501,53.303927595704764,46.696072404295236,Monsoon,1,1
Arun Jaitley Stadium,Delhi,India,Test,2007-01-12,12.55,36.730921303690494,11.8,5.975951165886929,14.109536727413353,4,321.51894870369824,38.59656616524287,61.40343383475713,Winter,0,2
Maharashtra Cricket Association Stadium,Pune,India,ODI,2001-11-22,22.95,78.72944893380532,12.8,19.344352729746934,88.5953259975856,1,227.67760558014356,62.59442932122748,37.40557067877252,Post-Monsoon,0,1
Arun Jaitley Stadium,Delhi,India,Test,2012-09-11,29.15,44.23696816588719,12.1,14.41060590035169,28.52189302995425,6,313.0831084672043,34.004147656613966,65.99585234338603,Summer,1,2
M. A. Chidambaram Stadium,Chennai,India,T20,2024-12-10,26.950000000000003,25.0178613578678,17.9,12.70091197875117,12.442725172969123,6,177.56495198990717,35.57157173173634,64.42842826826366,Winter,1,2
Punjab Cricket Association IS Bindra Stadium,Mohali,India,T20,2019-05-04,30.95,90.03784588102523,23.1,25.888815727623772,88.19187452322385,2,180.59569954235207,59.284956904918594,40.715043095081406,Monsoon,1,1
Sawai Mansingh Stadium,Jaipur,India,T20,2001-06-07,30.950000000000003,43.80566386654978,10.6,12.089789237742593,17.42070128935565,6,163.09462650070026,48.0,52.0,Winter,1,2
Rajiv Gandhi International Stadium,Hyderabad,India,T20,2015-10-09,27.35,68.0,12.1,17.71460007435377,48.0,4,170.9568021641111,52.909074094394185,47.090925905605815,Winter,0,0
Sawai Mansingh Stadium,Jaipur,India,ODI,2017-12-30,16.35,27.546699476349986,10.6,12.648013755339496,1.4708415598308129,7,282.27443834336077,41.606549552689415,58.393450447310585,Summer,1,2
Wankhede Stadium,Mumbai,India,ODI,2003-02-07,25.7,99.09295076387392,18.4,23.33378345097803,80.58434455796483,2,236.67853623861004,54.15158598781604,45.84841401218396,Post-Monsoon,0,1
Wankhede Stadium,Mumbai,India,Test,2002-09-28,27.799999999999997,93.24173069618648,11.1,25.550971828204947,64.13536293225185,1,326.285810688099,66.4824710787931,33.5175289212069,Post-Monsoon,1,1
Punjab Cricket Association IS Bindra Stadium,Mohali,India,T20,2008-01-31,11.9,87.01960720267951,13.0,19.59586945123901,74.20008305730083,1,133.09009758377118,69.1526094828296,30.847390517170396,Monsoon,0,1
Narendra Modi Stadium,Ahmedabad,India,T20,2016-08-27,28.299999999999997,29.782155226498723,8.2,13.531817212674667,15.099112396504664,5,187.3203877311687,42.239332058882304,57.760667941117696,Summer,0,2
Eden Gardens,Kolkata,India,ODI,2005-12-30,18.799999999999997,79.78251743901743,10.5,24.597794432583377,69.68968411625401,1,263.5784647416854,65.7446874715838,34.2553125284162,Winter,0,1
Punjab Cricket Association IS Bindra Stadium,Mohali,India,T20,2013-01-23,14.0,60.16666666666666,4.016666666666667,25.846558957115825,61.75879432411329,2,157.2855822374309,59.59019198477628,40.40980801522372,Monsoon,0,1
Narendra Modi Stadium,Ahmedabad,India,T20,2009-09-08,28.45,43.36809941768801,14.5,14.275719307285556,11.928121088055203,6,152.14692058750202,36.11032889986229,63.88967110013771,Summer,1,2
M. Chinnaswamy Stadium,Bengaluru,India,ODI,2024-04-09,28.349999999999998,51.34219346463141,18.2,13.302779939224248,12.834833491999005,2,307.282425677392,47.92460647781667,52.07539352218333,Summer,0,0
Narendra Modi Stadium,Ahmedabad,India,ODI,2015-12-15,19.85,50.307931772830344,17.1,21.277444492042626,13.758997187233682,3,306.6462721697918,51.74419381784621,48.25580618215379,Summer,1,0
Arun Jaitley Stadium,Delhi,India,ODI,2021-09-23,27.200000000000003,35.327034132957536,14.9,13.063076555353346,33.72901977100472,4,251.06217924085763,41.326800541571274,58.673199458428726,Summer,1,2
Narendra Modi Stadium,Ahmedabad,India,ODI,2009-12-10,22.5,56.57451370774075,9.9,16.89113262859859,29.09930164481937,4,296.3613992766468,60.0,40.0,Winter,1,0
Eden Gardens,Kolkata,India,T20,2020-08-27,27.1,35.2598332104049,20.6,15.63217414400157,29.088354563088636,5,156.38749768353912,37.77803298211165,62.22196701788835,Summer,0,2
Maharashtra Cricket Association Stadium,Pune,India,ODI,2006-03-17,25.2,80.88696161086168,10.5,27.065839255539192,87.860829917212,1,246.85573114113342,59.807662813305555,40.192337186694445,Post-Monsoon,1,1
Wankhede Stadium,Mumbai,India,T20,2010-03-18,29.0,65.21355160548774,15.9,16.019979061745005,8.853658220790635,2,197.99782581262951,48.68806981917041,51.31193018082959,Winter,0,0
Narendra Modi Stadium,Ahmedabad,India,T20,2013-01-19,17.299999999999997,52.41085794251951,13.9,15.826482466452497,5.0,3,187.2625625553276,50.98378627556719,49.01621372443281,Winter,0,0
Punjab Cricket Association IS Bindra Stadium,Mohali,India,T20,2019-05-01,33.400000000000006,88.94747937571069,14.6,24.025556309021212,78.03410637073095,2,151.36807765456837,57.767807194551416,42.232192805448584,Winter,1,1
Arun Jaitley Stadium,Delhi,India,T20,2012-05-17,33.15,37.36225431274881,19.5,6.658662582730738,7.418403101164781,5,163.99661340085154,44.98623413800741,55.01376586199259,Summer,1,2
Narendra Modi Stadium,Ahmedabad,India,ODI,2007-02-01,22.75,44.44880173440109,10.3,15.404245467995892,24.292134010654642,7,267.6766903149168,40.194550173931084,59.805449826068916,Summer,0,2
Arun Jaitley Stadium,Delhi,India,Test,2000-12-27,13.600000000000001,22.832118406831484,10.0,13.809201251043941,5.637600435769938,5,311.43283617243713,41.516008083552485,58.483991916447515,Summer,1,2
Sawai Mansingh Stadium,Jaipur,India,T20,2002-07-30,33.25,31.037010605671348,17.7,8.301679281292738,15.339226713827898,5,140.1871013601924,39.52152311201872,60.47847688798128,Winter,0,2
Sawai Mansingh Stadium,Jaipur,India,ODI,2010-07-27,26.799999999999997,30.587735110742795,19.4,7.825156847487088,7.419670933666568,4,256.4640494008336,37.89886645262707,62.10113354737293,Winter,0,2
M. Chinnaswamy Stadium,Bengaluru,India,T20,2011-07-17,22.45,49.1131437648637,26.9,15.466114581081255,33.75083551458677,4,174.37671861880779,53.14526234171963,46.85473765828037,Post-Monsoon,0,0
Eden Gardens,Kolkata,India,Test,2009-01-15,19.65,47.808271279285435,10.6,10.047684335486954,16.68279177964839,5,313.7313665861576,39.52908470883844,60.47091529116156,Summer,1,2
Maharashtra Cricket Association Stadium,Pune,India,T20,2020-06-03,23.5,83.70121062821579,49.1,24.018225449600447,67.80384519330994,2,133.6839109188992,58.10974539731483,41.89025460268517,Monsoon,0,1
Wankhede Stadium,Mumbai,India,T20,2016-08-14,27.0,76.7307215670887,24.5,22.710902316345436,68.74876849607674,2,148.3415726485977,73.79764228332854,26.202357716671457,Post-Monsoon,1,1
Maharashtra Cricket Association Stadium,Pune,India,ODI,2013-07-07,24.200000000000003,73.39637575579027,13.5,22.729057890114632,66.4437854038976,1,254.76685519885044,62.75571988522905,37.24428011477095,Monsoon,1,1
Narendra Modi Stadium,Ahmedabad,India,T20,2011-06-27,31.3,49.39903465425072,19.6,16.601656284391634,21.436344937793784,3,197.56982492417254,49.00857705972459,50.99142294027541,Post-Monsoon,0,0
Arun Jaitley Stadium,Delhi,India,T20,2000-08-06,30.799999999999997,32.59908838285231,15.7,12.69638125750728,32.689806717840156,4,135.72416781308846,38.11977815188694,61.88022184811306,Summer,0,2
M. A. Chidambaram Stadium,Chennai,India,T20,2024-05-02,48.0,72.1,16.8,32.0,35.3,1,177.60306558890426,56.654563202612934,43.345436797387066,Winter,1,1
Wankhede Stadium,Mumbai,India,ODI,2005-05-10,29.55,89.96553282969798,16.3,23.079034887144363,67.51211083840586,2,261.97501050462535,54.27550151799754,45.72449848200246,Post-Monsoon,1,1
Narendra Modi Stadium,Ahmedabad,India,T20,2009-08-12,28.8,68.0,13.8,13.169182348032294,24.872375914912023,2,204.11063992563754,52.082628523753684,47.917371476246316,Winter,0,0
Punjab Cricket Association IS Bindra Stadium,Mohali,India,Test,2003-08-31,28.1,77.71757452487438,8.8,27.78591819264272,73.1479253023656,1,299.20286065012067,59.658907064786064,40.341092935213936,Post-Monsoon,0,1
Punjab Cricket Association IS Bindra Stadium,Mohali,India,T20,2007-02-12,16.25,80.14410638767293,15.7,21.833278630683786,69.13962537762886,2,182.63140879796754,56.287353663861516,43.712646336138484,Post-Monsoon,0,1
Wankhede Stadium,Mumbai,India,T20,2001-10-12,27.35,78.40003367979817,15.0,17.943599049652953,76.43892607011323,1,147.08966697399578,64.69787554104461,35.30212445895539,Monsoon,1,1
Eden Gardens,Kolkata,India,Test,2000-02-21,19.5,78.96520746531436,7.4,21.3132392093404,67.52507300242885,2,315.14762162432896,56.8914493691802,43.1085506308198,Monsoon,1,1
Eden Gardens,Kolkata,India,T20,2023-09-09,28.5,20.0,13.3,10.359237626350279,32.650402564619206,6,156.49236744778702,35.409268873960826,64.59073112603917,Summer,0,2
Eden Gardens,Kolkata,India,T20,2002-08-23,27.0,81.41601574276893,24.0,17.0,73.89993575157844,1,175.17530409093112,70.35024254228108,29.64975745771892,Post-Monsoon,1,1
Rajiv Gandhi International Stadium,Hyderabad,India,ODI,2000-04-24,32.55,50.511934133963976,14.2,18.921157701760094,5.0,3,292.4982083519929,56.21888196313904,43.78111803686096,Winter,1,0
Punjab Cricket Association IS Bindra Stadium,Mohali,India,Test,2010-12-06,15.55,80.21445141867802,10.4,20.189724260867955,68.63554097666355,2,296.73382965007556,58.18626084341509,41.81373915658491,Monsoon,1,1
M. Chinnaswamy Stadium,Bengaluru,India,T20,2002-08-22,23.05,47.92532721742391,21.3,18.14973490935507,20.2513430049749,4,203.02733297614262,53.14558555156985,46.85441444843015,Post-Monsoon,1,0
Sawai Mansingh Stadium,Jaipur,India,ODI,2012-09-30,25.6,42.50719070130197,11.3,12.867323140278396,8.763184693826004,7,238.789691229884,38.59085187790693,61.40914812209307,Summer,1,2
Sawai Mansingh Stadium,Jaipur,India,ODI,2010-01-29,19.5,44.96444487535781,12.3,16.383110163801078,28.51846297204724,5,269.5023430767637,38.23639918486828,61.76360081513172,Summer,1,2
Narendra Modi Stadium,Ahmedabad,India,ODI,2015-08-13,27.5,54.73357741929863,10.8,11.504963180824744,27.413092743812356,3,303.299800300567,58.07971800648964,41.92028199351036,Summer,1,0
Maharashtra Cricket Association Stadium,Pune,India,T20,2001-01-09,22.3,40.86067156536224,8.6,14.801726103454946,31.349603346555124,2,177.6194650681516,46.71915594078069,53.28084405921931,Summer,1,0
M. Chinnaswamy Stadium,Bengaluru,India,ODI,2016-03-09,25.0,55.9002139746508,12.8,15.732771841775042,9.379888846707864,3,310.64301571079363,48.3838899550655,51.6161100449345,Winter,1,0
M. Chinnaswamy Stadium,Bengaluru,India,ODI,2020-12-02,20.9,40.0,18.6,16.50973610562223,5.0,4,294.985767398074,40.0,60.0,Winter,1,2
Maharashtra Cricket Association Stadium,Pune,India,T20,2021-06-23,25.4,40.0,20.4,15.857127565977828,37.752445270824715,4,195.01685269810244,47.30385020785292,52.69614979214708,Summer,1,0
Narendra Modi Stadium,Ahmedabad,India,Test,2014-07-02,32.8,60.44098817128278,19.4,18.515568418754995,6.337173500435995,4,357.70876179231266,42.16307334983993,57.83692665016007,Winter,0,2
Arun Jaitley Stadium,Delhi,India,Test,2008-06-04,32.05,20.0,8.7,11.109331177478929,24.76540294762658,6,310.1452860777823,41.90577653851215,58.09422346148785,Winter,1,2
Wankhede Stadium,Mumbai,India,Test,2008-01-29,22.55,86.5567792066532,13.7,22.42223517159744,81.1076965129208,2,308.4024043993699,56.9682846025257,43.0317153974743,Post-Monsoon,1,1
Maharashtra Cricket Association Stadium,Pune,India,T20,2002-05-09,28.35,47.9351168110922,15.4,19.739509661921776,16.399188305762703,2,187.14262913797964,50.984783741606485,49.015216258393515,Post-Monsoon,1,0
M. A. Chidambaram Stadium,Chennai,India,T20,2020-05-20,35.1,52.8,44.8,23.5,55.3,4,116.42066554061108,32.40306162177244,67.59693837822756,Winter,0,2
Maharashtra Cricket Association Stadium,Pune,India,T20,2019-08-03,23.55,61.849495634432145,27.7,17.094641690362096,19.426518001682297,3,188.42950333977382,50.30675431744181,49.69324568255819,Summer,1,0
Maharashtra Cricket Association Stadium,Pune,India,T20,2001-08-28,23.7,47.046501998194636,17.0,17.967767715049558,18.92128939285421,3,192.0691963927135,49.2029942708381,50.7970057291619,Summer,1,0
M. A. Chidambaram Stadium,Chennai,India,ODI,2008-09-27,29.8,63.3,14.8,21.5,26.5,1,234.9272173424386,53.861805486235696,46.138194513764304,Winter,0,1
M. A. Chidambaram Stadium,Chennai,India,Test,2016-03-18,29.4,71.3,18.6,23.5,24.5,1,272.62667877715006,61.26467037026771,38.73532962973229,Post-Monsoon,0,1
Eden Gardens,Kolkata,India,ODI,2013-01-02,20.25,35.447147223912815,10.2,10.393750263831787,13.376847135378753,5,248.5790087441194,42.51978870705305,57.48021129294695,Winter,0,2
M. A. Chidambaram Stadium,Chennai,India,ODI,2006-07-05,32.8,52.1,27.7,21.0,38.3,6,223.78893231942115,34.35990571325348,65.64009428674652,Summer,1,2
M. A. Chidambaram Stadium,Chennai,India,T20,2017-04-04,30.8,75.6,22.3,25.8,32.7,2,172.30978131154123,53.47629630795599,46.52370369204401,Post-Monsoon,0,1
M. Chinnaswamy Stadium,Bengaluru,India,T20,2009-12-26,20.95,51.878371139759544,11.8,17.447935556425712,22.337458505038732,2,165.29662732723025,49.882112689224726,50.117887310775274,Post-Monsoon,1,0
Maharashtra Cricket Association Stadium,Pune,India,T20,2017-11-26,24.1,63.78494061011416,11.2,17.400308473504083,22.7980426505606,4,188.48256930269895,48.08051888062068,51.91948111937932,Summer,1,0
Punjab Cricket Association IS Bindra Stadium,Mohali,India,ODI,2013-03-06,20.857142857142858,65.28571428571429,6.871428571428573,20.382134084276792,86.33783954505778,2,247.5663713850639,63.36020041544209,36.63979958455791,Winter,1,1
Maharashtra Cricket Association Stadium,Pune,India,T20,2009-06-25,26.6,40.0,15.9,17.823140431332703,46.84455894125754,3,168.23531926078903,45.65327470159684,54.34672529840316,Summer,1,0
Narendra Modi Stadium,Ahmedabad,India,T20,2001-11-20,27.3,39.98977808255216,13.3,9.164585349620612,3.2240305824749846,6,175.16890008241072,41.39297886403102,58.60702113596898,Summer,0,2
Punjab Cricket Association IS Bindra Stadium,Mohali,India,ODI,2012-08-19,27.25,79.88945221186852,13.6,29.0,65.33203242878642,2,236.38939076314023,61.63287901137585,38.36712098862415,Monsoon,0,1
Eden Gardens,Kolkata,India,Test,2002-10-11,27.1,74.50491043220397,5.0,20.799171567916595,83.26667622791834,2,332.43456477057157,63.64588903711593,36.35411096288407,Monsoon,1,1
Narendra Modi Stadium,Ahmedabad,India,T20,2013-02-04,23.0,48.71925545628792,15.7,14.707554329236045,8.213384478127406,2,178.26671929226347,60.0,40.0,Winter,1,2
M. A. Chidambaram Stadium,Chennai,India,T20,2019-09-18,28.9,81.0,24.3,25.3,63.8,4,157.10895903990988,42.78012945361315,57.21987054638685,Winter,1,1
M. A. Chidambaram Stadium,Chennai,India,T20,2003-02-05,26.3,44.49388567997202,18.7,10.470902148532009,12.465842055981495,6,167.7731093096594,36.25271492296718,63.74728507703282,Winter,1,2
Punjab Cricket Association IS Bindra Stadium,Mohali,India,ODI,2010-01-06,14.0,74.88717019811389,9.4,22.105161864505888,64.44970462455166,1,274.72835531250513,65.15564217624366,34.84435782375634,Post-Monsoon,1,1
Maharashtra Cricket Association Stadium,Pune,India,Test,2020-04-02,29.950000000000003,66.53613898078054,17.8,10.0,32.43810840249922,4,370.45657308110003,53.680921417339576,46.319078582660424,Winter,1,0
M. A. Chidambaram Stadium,Chennai,India,T20,2019-04-29,32.1,74.5,28.2,26.9,58.1,7,167.3338812240531,44.21927537602169,55.78072462397831,Summer,1,2
Narendra Modi Stadium,Ahmedabad,India,ODI,2006-10-30,28.200000000000003,35.9086303426157,12.8,16.032708349626233,16.494465143591356,6,247.16459461698923,34.5192881682233,65.4807118317767,Winter,0,2
Narendra Modi Stadium,Ahmedabad,India,T20,2000-12-05,21.65,52.49627112863028,10.7,11.6564581131404,7.685318420784387,5,164.9667493624313,42.59422656640589,57.40577343359411,Summer,1,2
Maharashtra Cricket Association Stadium,Pune,India,ODI,2014-04-24,31.799999999999997,40.0,15.8,17.658788767258905,12.806632027068893,4,301.53850770983047,54.86024791279214,45.13975208720786,Summer,1,0
Wankhede Stadium,Mumbai,India,T20,2019-10-04,27.5,87.19484328959665,12.8,24.00098600011431,79.45206977631406,1,165.41507122557545,57.465758124753506,42.534241875246494,Monsoon,1,1
Sawai Mansingh Stadium,Jaipur,India,T20,2021-01-25,13.25,41.82088583805417,8.7,12.825355209289038,16.28580045956428,4,151.16778126717773,48.0,52.0,Summer,0,2
Sawai Mansingh Stadium,Jaipur,India,Test,2006-01-03,15.100000000000001,43.821703296262086,14.8,12.535687736147729,34.59561115847566,5,286.9489290948505,47.525639713353264,52.474360286646736,Summer,0,2
Maharashtra Cricket Association Stadium,Pune,India,T20,2013-02-12,26.0,75.32509931065773,8.0,22.31954001332761,70.84172099633099,1,166.60088253092687,59.794490470149256,40.205509529850744,Winter,1,1
Sawai Mansingh Stadium,Jaipur,India,T20,2006-12-06,20.45,30.067597499402442,11.9,9.687280079047612,19.996845048119535,6,157.3046944612885,48.0,52.0,Summer,0,2
Narendra Modi Stadium,Ahmedabad,India,ODI,2014-04-06,29.7,50.99598276765405,11.2,12.723062849837707,16.771597422639697,6,258.8739658087723,38.43017423750393,61.56982576249607,Summer,0,2
Narendra Modi Stadium,Ahmedabad,India,T20,2024-09-02,28.2,46.60578373995354,16.6,10.086566576760418,21.5716881699615,7,158.1886775352775,40.300461238775654,59.699538761224346,Winter,0,2
Maharashtra Cricket Association Stadium,Pune,India,T20,2020-02-26,23.95,55.00379038731617,15.9,10.0,19.76890096950156,4,192.67688291653715,44.6822705752174,55.3177294247826,Summer,1,0
Wankhede Stadium,Mumbai,India,T20,2019-09-01,26.6,51.87400750380817,20.2,22.214519934394275,31.861572938052028,4,196.55349760735604,57.25261200065469,42.74738799934531,Summer,1,0
Maharashtra Cricket Association Stadium,Pune,India,T20,2005-05-02,29.5,95.65923816065663,13.2,23.46980648478788,63.085845324252226,2,150.15316974813712,59.15718224836884,40.84281775163116,Winter,0,1
Narendra Modi Stadium,Ahmedabad,India,ODI,2008-01-24,17.5,44.27875229286508,11.7,8.858375527890548,7.465358311534068,5,293.7390342402611,38.253246887197854,61.746753112802146,Summer,1,2
Eden Gardens,Kolkata,India,T20,2006-05-08,27.6,85.79706858654522,15.7,21.91779531704757,66.67728593378622,2,156.9496970150215,66.65487213903135,33.345127860968645,Winter,1,1
Maharashtra Cricket Association Stadium,Pune,India,T20,2014-01-11,20.6,76.40087760625931,9.0,20.167149262140388,78.35544571242232,2,145.86792213294075,60.79329201822449,39.20670798177551,Winter,1,1
Arun Jaitley Stadium,Delhi,India,T20,2004-12-12,17.15,34.897696355605675,8.2,13.36672365014972,9.19470988612512,4,181.89368133684212,40.573889745009616,59.426110254990384,Winter,1,2
Narendra Modi Stadium,Ahmedabad,India,Test,2016-06-01,33.75,50.55009666092061,15.9,16.337824232670954,36.43895170572634,2,349.4218907203756,53.17522482715942,46.82477517284058,Post-Monsoon,1,0
Arun Jaitley Stadium,Delhi,India,T20,2017-06-15,33.75,45.5596122013537,16.6,11.644579666684375,19.055658410633914,7,166.1203375937897,38.48117962241405,61.51882037758595,Summer,0,2
Maharashtra Cricket Association Stadium,Pune,India,ODI,2004-11-05,23.25,75.35494837258716,15.7,20.523299119560402,59.134542970766574,2,295.3627807821099,62.24169266882885,37.75830733117115,Winter,1,1
M. A. Chidambaram Stadium,Chennai,India,T20,2000-07-22,30.4,39.85025618194692,15.9,13.01634294528931,21.80102453878407,4,155.4702236989932,43.45966848087305,56.54033151912695,Summer,1,2
M. A. Chidambaram Stadium,Chennai,India,Test,2010-11-08,27.0,85.9,39.6,24.3,67.6,1,307.7345750313897,66.77452914121349,33.22547085878651,Post-Monsoon,1,1
Rajiv Gandhi International Stadium,Hyderabad,India,T20,2001-11-14,24.9,40.0,11.4,15.964835890539822,33.52836464838242,4,206.7120855053472,51.42598976246889,48.57401023753111,Winter,1,0
Wankhede Stadium,Mumbai,India,T20,2002-05-16,30.5,62.60335750066306,19.1,19.24426893315774,15.96154459663529,3,172.99613604070166,53.37288968039959,46.62711031960041,Winter,1,0
Sawai Mansingh Stadium,Jaipur,India,T20,2020-08-13,27.799999999999997,32.84435388093827,17.2,13.695665840427848,24.405752973357245,6,137.74367872916923,38.6159013533459,61.3840986466541,Summer,1,2
Sawai Mansingh Stadium,Jaipur,India,Test,2014-07-03,31.3,39.06015508662446,17.0,15.955975512330017,17.160122349552957,4,313.0567322953817,39.25257949630245,60.74742050369755,Summer,1,2
Narendra Modi Stadium,Ahmedabad,India,T20,2024-08-07,28.4,51.39555309909779,17.4,15.658428693778959,46.713830601352306,2,171.12009850891434,55.16405866838382,44.83594133161618,Winter,1,0
M. Chinnaswamy Stadium,Bengaluru,India,ODI,2017-10-06,22.799999999999997,56.876741644353395,9.1,19.220368763860506,24.408329862663045,2,310.19989382452843,46.91754249696142,53.08245750303858,Winter,0,0
Maharashtra Cricket Association Stadium,Pune,India,T20,2010-12-15,20.2,51.60478085864684,13.1,23.72075463419452,22.552311869176812,2,185.07105211840914,60.0,40.0,Summer,0,0
M. A. Chidambaram Stadium,Chennai,India,T20,2017-07-26,32.2,63.3,22.3,23.9,46.5,4,183.94569186123854,40.65642968811607,59.34357031188393,Summer,0,2
Wankhede Stadium,Mumbai,India,ODI,2005-05-15,28.8,89.5057907025108,17.2,18.031558747566255,85.3958292331353,1,268.41976744048856,59.95512101333493,40.04487898666507,Monsoon,0,1
Eden Gardens,Kolkata,India,Test,2007-03-14,26.3,31.17405319552944,9.8,6.609673994488991,13.274343888292108,5,313.0878043133235,38.4219749820483,61.5780250179517,Winter,0,2
Punjab Cricket Association IS Bindra Stadium,Mohali,India,ODI,2002-06-06,35.15,77.95657786858423,15.8,27.525823449411853,71.04385953449574,1,267.28811963256067,54.16813976007513,45.83186023992487,Winter,1,1
Punjab Cricket Association IS Bindra Stadium,Mohali,India,T20,2015-07-31,29.0,71.0,4.175000000000001,22.183968474707783,55.0,2,150.5579938290496,63.98466615699867,36.01533384300133,Monsoon,0,1
Narendra Modi Stadium,Ahmedabad,India,T20,2021-01-21,22.0,37.35114274760511,10.9,9.319018301510697,20.867676610934147,4,164.10694704812414,48.0,52.0,Summer,0,2
Sawai Mansingh Stadium,Jaipur,India,T20,2009-10-06,27.95,35.8850744518928,15.6,6.644883758703804,24.253921824382537,5,177.28996047017426,37.544726975956074,62.455273024043926,Summer,0,2
Rajiv Gandhi International Stadium,Hyderabad,India,T20,2017-02-24,27.45,47.79812234932732,10.7,17.50882388278989,19.244419950504607,4,186.1905524902617,52.3625965073343,47.6374034926657,Post-Monsoon,0,0
Eden Gardens,Kolkata,India,T20,2012-01-16,17.45,84.0366303119049,7.4,19.35317343674303,56.542004040006425,2,188.60712199961958,75.0,25.0,Winter,0,1
Narendra Modi Stadium,Ahmedabad,India,T20,2011-09-20,26.6,40.68673005546419,11.2,12.148657209155148,0.0,5,165.16294005900193,37.74115699529508,62.25884300470492,Summer,0,2
M. Chinnaswamy Stadium,Bengaluru,India,Test,2020-09-15,22.700000000000003,59.84946662813606,21.9,18.038584857018726,5.0,4,353.732561522337,52.82263325778215,47.17736674221785,Post-Monsoon,0,0
M. A. Chidambaram Stadium,Chennai,India,ODI,2010-06-01,32.1,61.8,24.1,23.6,43.8,1,261.3173264565409,59.84210360530972,40.15789639469028,Winter,0,1
Maharashtra Cricket Association Stadium,Pune,India,T20,2022-04-18,30.799999999999997,46.636749533840224,27.6,22.818684072346098,35.42633726726367,3,172.6265585299003,57.75838630477459,42.24161369522541,Winter,0,0
Narendra Modi Stadium,Ahmedabad,India,T20,2024-02-13,23.55,61.905052201813355,14.9,16.044799180633554,8.160901388860168,4,190.7042468838628,43.6934831098705,56.3065168901295,Post-Monsoon,1,2
Narendra Modi Stadium,Ahmedabad,India,T20,2019-07-27,29.95,27.929548322525307,26.8,9.600750481977697,9.129576200495686,4,150.16381352853466,38.85269817770785,61.14730182229215,Summer,1,2
Rajiv Gandhi International Stadium,Hyderabad,India,T20,2000-03-30,28.5,43.83084383120543,14.2,16.30514724328445,16.909752184369474,4,174.35154684242727,51.04550047087489,48.95449952912511,Winter,1,2
Wankhede Stadium,Mumbai,India,T20,2004-12-20,22.6,63.61478081663019,10.8,16.357758677889613,9.870307029989302,4,192.52655038665247,52.46099220303211,47.53900779696789,Winter,0,0
Punjab Cricket Association IS Bindra Stadium,Mohali,India,Test,2005-08-01,30.25,88.68727894528533,14.7,28.723843112116374,62.566997631713456,2,333.7826007970652,69.44152412661735,30.558475873382648,Monsoon,1,1
Maharashtra Cricket Association Stadium,Pune,India,T20,2004-07-28,22.9,56.42190380817584,11.7,17.773779772343858,19.648896936635182,3,162.90974266520172,57.18618715656013,42.81381284343987,Post-Monsoon,1,0
Wankhede Stadium,Mumbai,India,Test,2021-02-26,26.15,95.00508685937297,20.7,24.136033264796403,69.94893994800007,2,282.74429409986226,63.32892461859012,36.67107538140988,Monsoon,1,1
Narendra Modi Stadium,Ahmedabad,India,T20,2013-10-07,27.299999999999997,30.056701008821744,6.8,13.135880514030212,21.254622838633402,7,152.39296071780538,41.071721933985636,58.928278066014364,Winter,0,2
M. A. Chidambaram Stadium,Chennai,India,ODI,2005-02-09,25.6,73.5,22.3,20.0,37.3,4,245.49606175395155,45.51068514631762,54.48931485368238,Summer,0,2
Punjab Cricket Association IS Bindra Stadium,Mohali,India,Test,2021-11-02,22.45,83.92050483265453,14.5,22.28796491327262,77.25277206497891,2,316.85466125850644,62.09285624636996,37.90714375363004,Winter,1,1
Maharashtra Cricket Association Stadium,Pune,India,T20,2009-06-12,27.5,40.0,15.1,15.732501342568044,34.69549313934918,3,190.32454928755064,47.836749176984696,52.163250823015304,Summer,0,0
Rajiv Gandhi International Stadium,Hyderabad,India,ODI,2003-10-01,25.95,66.07190579049418,6.6,17.587055460880556,22.65021985506583,4,305.26016231901184,44.30016629382981,55.69983370617019,Winter,1,0
Eden Gardens,Kolkata,India,Test,2011-11-30,22.75,42.812400018751354,7.3,5.068163823897911,28.83068437434486,4,310.16172076008604,38.03968941708129,61.96031058291871,Winter,1,2
Sawai Mansingh Stadium,Jaipur,India,ODI,2002-09-01,29.05,24.368057099116996,12.4,9.326813337514356,14.73289098196219,5,253.3238050376633,39.80709438509542,60.19290561490458,Summer,1,2
Wankhede Stadium,Mumbai,India,T20,2009-08-31,26.75,50.21865359773183,19.6,15.425053883251133,31.5302008618617,3,189.53299083300655,46.00912937122873,53.99087062877127,Summer,1,0
Sawai Mansingh Stadium,Jaipur,India,Test,2003-07-01,31.15,36.99992775744338,15.4,8.769235313562309,11.421999861677438,4,307.6657778572798,38.98846904084403,61.01153095915597,Winter,1,2
Maharashtra Cricket Association Stadium,Pune,India,Test,2000-06-15,24.8,73.60944879570492,18.4,22.856583450881967,55.0,2,299.97671274718357,58.96903815954532,41.03096184045468,Winter,1,1
Narendra Modi Stadium,Ahmedabad,India,T20,2002-10-03,31.05,41.29504094027099,9.7,17.39481591967575,21.510790533083437,5,141.93072234915303,34.24427225953086,65.75572774046914,Winter,0,2
Narendra Modi Stadium,Ahmedabad,India,T20,2014-03-12,24.549999999999997,56.88985695281716,11.4,18.52318128901625,30.878312589785423,2,194.4739880343695,48.83426391685302,51.16573608314698,Winter,0,0
Sawai Mansingh Stadium,Jaipur,India,T20,2006-11-18,23.55,28.464949512464997,10.9,14.064631597944459,22.61866193427744,7,160.27384767229285,44.27492390454191,55.72507609545809,Winter,1,2
Narendra Modi Stadium,Ahmedabad,India,T20,2023-01-23,18.549999999999997,37.30432019515183,11.7,12.380655918305191,25.954803744994546,7,179.15242992952903,39.586408990684056,60.413591009315944,Summer,1,2
Eden Gardens,Kolkata,India,Test,2021-12-01,21.9,85.41618853241108,9.8,23.93266270953058,58.09295419981425,2,323.94280207596927,69.04995196968028,30.95004803031972,Winter,1,1
Narendra Modi Stadium,Ahmedabad,India,T20,2008-11-13,24.299999999999997,50.079090036616826,9.0,14.175743161203133,21.81662072744169,7,156.1738331433363,46.43558578283888,53.56441421716112,Summer,0,2
Narendra Modi Stadium,Ahmedabad,India,T20,2005-06-18,34.25,51.93906049185217,12.6,21.32461702130138,13.93033700299423,2,171.9827552564286,41.4851553960726,58.5148446039274,Post-Monsoon,1,2
M. A. Chidambaram Stadium,Chennai,India,T20,2007-10-03,28.5,70.1,14.8,22.3,88.2,7,116.74777261992277,43.14672305282198,56.85327694717802,Winter,1,2
Rajiv Gandhi International Stadium,Hyderabad,India,Test,2001-09-07,25.55,48.29306380655953,12.2,22.794466558899906,28.14168513328498,2,358.6280826657702,45.700203298130226,54.299796701869774,Summer,0,0
Wankhede Stadium,Mumbai,India,T20,2008-09-25,26.1,49.149903606817176,15.2,17.731437497199874,27.63398839095077,4,195.03059930457948,54.419477881224175,45.580522118775825,Summer,1,0
Eden Gardens,Kolkata,India,ODI,2024-05-02,35.4,47.10365415520039,21.6,9.503187350114162,25.114770030178793,5,271.1151364266958,33.449801535665245,66.55019846433476,Summer,1,2
Sawai Mansingh Stadium,Jaipur,India,T20,2012-01-13,11.899999999999999,22.31323521224374,9.2,6.020336355740936,20.470394214785326,5,151.37134974380464,45.799196428834826,54.200803571165174,Summer,1,2
Punjab Cricket Association IS Bindra Stadium,Mohali,India,T20,2011-03-10,18.85,85.6157608892785,10.5,22.31652445312508,61.26930672937686,2,138.21572906412894,58.799601641247506,41.200398358752494,Monsoon,1,1
Narendra Modi Stadium,Ahmedabad,India,T20,2017-07-07,29.450000000000003,58.881027006855255,18.4,15.880238783679214,38.62224247734509,2,177.05826624575388,49.243321652451364,50.756678347548636,Summer,1,0
M. Chinnaswamy Stadium,Bengaluru,India,T20,2021-06-23,24.799999999999997,59.78200846158106,14.5,15.216815311223838,14.360172978731063,4,200.15330266800038,42.747990598422355,57.252009401577645,Post-Monsoon,1,0
Maharashtra Cricket Association Stadium,Pune,India,T20,2016-02-11,23.6,40.0,13.7,22.296958567507858,16.721493425027955,3,176.68144626375675,48.95039502568122,51.04960497431878,Post-Monsoon,0,0
Wankhede Stadium,Mumbai,India,T20,2021-03-29,28.55,77.4601306056027,24.3,21.058782369989714,61.45375788666247,2,205.74545584919906,61.34876142111743,38.65123857888257,Winter,1,1
Maharashtra Cricket Association Stadium,Pune,India,T20,2005-07-26,22.299999999999997,62.16076254436304,22.0,17.809216052084256,27.835685434603793,2,188.82656698583858,58.531690856548195,41.468309143451805,Post-Monsoon,1,0
Narendra Modi Stadium,Ahmedabad,India,Test,2011-01-03,18.9,33.42623111058303,15.5,11.27277802543543,12.081163918016678,6,316.299333692237,42.92606751030094,57.07393248969906,Winter,0,2
Wankhede Stadium,Mumbai,India,Test,2021-10-03,27.85,42.718461089206244,17.8,19.47184774157215,35.50858396915399,4,364.1413644667456,45.40948266978705,54.59051733021295,Summer,1,1
Maharashtra Cricket Association Stadium,Pune,India,Test,2006-09-15,25.1,61.25769387667193,6.9,12.262457254046751,10.222202247519183,3,348.79787417992753,52.92068550527607,47.07931449472393,Post-Monsoon,1,0
Wankhede Stadium,Mumbai,India,T20,2002-07-15,26.55,87.06684821778258,20.9,20.281603390690318,70.3667371818458,1,158.7900064167152,53.0,47.0,Post-Monsoon,1,1
M. Chinnaswamy Stadium,Bengaluru,India,T20,2005-02-12,22.4,61.21559059761507,20.9,16.02414879490932,22.946095566625072,4,188.982306429745,48.035688923449065,51.964311076550935,Summer,1,0
Eden Gardens,Kolkata,India,T20,2006-07-25,29.549999999999997,34.05580595694065,12.4,7.728020076892145,12.060243516611372,6,150.29822019426337,44.72691339679908,55.27308660320092,Summer,0,2
Wankhede Stadium,Mumbai,India,T20,2000-11-25,27.7,82.95466933931785,14.1,22.818812809664998,63.45295497360439,1,154.07978821279136,61.97524990097539,38.02475009902461,Post-Monsoon,1,1
Eden Gardens,Kolkata,India,T20,2007-02-14,21.1,26.344116633749856,15.9,10.84529648157136,22.37333626093188,4,148.32709540044004,36.616927241117374,63.383072758882626,Winter,1,2
Wankhede Stadium,Mumbai,India,ODI,2015-05-24,30.9,72.10933331343219,19.9,22.444229587349817,69.41599544531877,2,271.7761928657834,57.7207545558072,42.2792454441928,Post-Monsoon,1,1
Sawai Mansingh Stadium,Jaipur,India,T20,2008-05-11,31.4,53.14439108338035,15.9,10.789961423561598,15.02865811134345,7,175.22384636773984,42.70991700113096,57.29008299886904,Summer,1,2
M. A. Chidambaram Stadium,Chennai,India,ODI,2023-07-10,29.1,81.0,17.8,25.3,83.2,2,298.4282923529759,66.62526744843808,33.37473255156192,Monsoon,0,1
Narendra Modi Stadium,Ahmedabad,India,Test,2021-02-13,24.799999999999997,44.94383947478608,9.7,17.689385345584913,28.008875858497433,7,306.37234392661895,25.99957032042836,74.00042967957164,Summer,0,2
M. A. Chidambaram Stadium,Chennai,India,Test,2020-05-15,32.2,70.9,20.5,25.9,41.1,5,292.0749343351837,47.502102011102544,52.497897988897456,Summer,0,2
Wankhede Stadium,Mumbai,India,T20,2018-03-03,27.2,80.86247162431542,21.2,22.20609141318465,67.5855212298379,1,190.33703746202275,53.0,47.0,Monsoon,1,1
Wankhede Stadium,Mumbai,India,T20,2007-07-09,26.9,61.39927862687558,27.4,19.553457958321108,40.75973054440681,3,189.97281973734363,49.9476911046508,50.0523088953492,Summer,1,0
Sawai Mansingh Stadium,Jaipur,India,ODI,2012-05-07,32.9,36.27549300269935,20.0,5.568662886925063,33.734949143301336,7,256.53745156624865,48.0,52.0,Winter,0,2
Rajiv Gandhi International Stadium,Hyderabad,India,T20,2004-01-21,22.3,44.01009747148956,16.1,18.655352246862236,23.927935036906913,4,187.05067455941798,52.79818123152232,47.20181876847768,Post-Monsoon,0,0
Wankhede Stadium,Mumbai,India,T20,2000-06-02,27.35,40.155263012973926,10.0,14.171739159434098,25.838828611563155,2,164.9449752276882,44.73789106912463,55.26210893087537,Summer,1,0
M. Chinnaswamy Stadium,Bengaluru,India,T20,2013-12-11,20.7,54.35742585764548,12.8,17.201056971000014,45.93917695554559,3,168.9278548555157,45.06581507721961,54.93418492278039,Winter,1,0
Eden Gardens,Kolkata,India,ODI,2003-12-20,21.2,85.07903673870942,11.7,19.99919621630177,77.74285445358058,1,262.75037509663554,62.13741743420689,37.86258256579311,Monsoon,1,1
M. A. Chidambaram Stadium,Chennai,India,ODI,2021-06-15,32.4,59.1,24.1,23.0,63.4,6,246.75157452929494,42.01442978587818,57.98557021412182,Summer,0,2
M. Chinnaswamy Stadium,Bengaluru,India,T20,2005-12-24,21.95,59.35830948713011,10.8,17.21777697272929,27.888712724225723,3,173.05275129916993,49.84624108068388,50.15375891931612,Summer,1,0
Narendra Modi Stadium,Ahmedabad,India,T20,2002-07-23,29.85,37.990640087945,22.0,10.241726928396725,26.605644998611155,5,142.66869131034954,44.73531413546976,55.26468586453024,Summer,0,2
Punjab Cricket Association IS Bindra Stadium,Mohali,India,ODI,2019-03-21,23.049999999999997,83.50967351860214,15.5,24.733179611480463,75.07049658364987,1,278.739085836561,63.7365777956065,36.2634222043935,Post-Monsoon,1,1
Wankhede Stadium,Mumbai,India,T20,2006-04-13,26.85,48.94437709654584,16.8,20.543215004629165,20.753916001384198,2,200.306406493071,47.21605597770582,52.78394402229418,Summer,0,0
M. A. Chidambaram Stadium,Chennai,India,T20,2003-12-21,24.200000000000003,75.45739807197457,21.0,24.508925809212556,74.4201141431922,1,156.14004317104752,60.04784233184489,39.95215766815511,Monsoon,1,1
Maharashtra Cricket Association Stadium,Pune,India,T20,2019-08-03,23.55,60.6850836551304,27.7,20.627140905817466,15.836486368797832,2,183.08298896281852,46.28759043310997,53.71240956689003,Summer,0,0
Punjab Cricket Association IS Bindra Stadium,Mohali,India,ODI,2017-04-10,27.857142857142858,19.428571428571427,19.314285714285717,24.766569959593834,67.40494018518778,2,278.27215484067295,70.14601148932616,29.853988510673844,Monsoon,1,1
Maharashtra Cricket Association Stadium,Pune,India,T20,2003-05-13,31.25,78.47757878017634,16.2,23.61803544404993,70.44406907514285,1,159.19989874021445,72.76894038231157,27.23105961768843,Monsoon,0,1
Maharashtra Cricket Association Stadium,Pune,India,ODI,2024-11-23,22.9,73.40173138018793,10.1,19.803975149900943,85.06851223672346,2,249.49083083936452,62.20429051291355,37.79570948708645,Monsoon,1,1
Sawai Mansingh Stadium,Jaipur,India,ODI,2013-02-16,15.600000000000001,35.62141309841892,18.6,10.741698044536854,24.326448973520645,7,247.6744157665386,36.65836990946001,63.34163009053999,Winter,1,2
Rajiv Gandhi International Stadium,Hyderabad,India,T20,2010-05-08,32.35,49.36266910757377,13.8,21.92929575697946,15.307722869013315,4,200.06916302089326,53.604523562203376,46.395476437796624,Post-Monsoon,1,0
M. Chinnaswamy Stadium,Bengaluru,India,T20,2014-03-26,26.55,45.02314130188173,19.0,17.522700140892457,21.123303618811,4,200.43286301500316,48.32935730023671,51.67064269976329,Winter,1,0
Eden Gardens,Kolkata,India,Test,2011-01-05,17.5,35.238745062056815,11.1,9.135614097266677,13.804680856231656,7,297.4841822534898,45.09792254083722,54.90207745916278,Summer,0,2
Eden Gardens,Kolkata,India,T20,2003-06-18,28.1,89.27446258638663,11.3,19.027471944476655,58.32876467488468,1,185.19942610386016,53.82186762749738,46.17813237250262,Monsoon,0,1
Arun Jaitley Stadium,Delhi,India,T20,2017-06-04,37.400000000000006,41.51178112334548,25.1,12.871028979437343,14.01446061252504,4,153.65997517620525,45.43617660794177,54.56382339205823,Summer,1,2
Narendra Modi Stadium,Ahmedabad,India,ODI,2016-08-08,25.4,51.46634089660121,13.8,16.728684833405854,36.26538281782493,2,292.8162322075176,59.17378119562752,40.82621880437248,Post-Monsoon,0,2
Narendra Modi Stadium,Ahmedabad,India,T20,2020-02-14,24.950000000000003,53.3254620478866,14.2,18.55816724373419,27.697352241364705,3,172.97927293934853,49.14740948377649,50.85259051622351,Winter,1,0
Maharashtra Cricket Association Stadium,Pune,India,Test,2022-11-05,22.7,73.19822424547952,12.4,26.253624343048763,61.54424457664652,1,302.19799975684464,67.62598054326975,32.37401945673025,Monsoon,0,1
Wankhede Stadium,Mumbai,India,T20,2009-03-14,27.95,48.75454296073953,15.3,17.21072978212554,21.64294861300486,4,188.4496417253521,43.82495506553031,56.17504493446969,Summer,1,0
Rajiv Gandhi International Stadium,Hyderabad,India,Test,2005-12-12,22.1,58.18013534685295,10.5,10.783948332534607,28.86978322789099,3,369.4682891035538,45.637523100221095,54.362476899778905,Summer,0,0
Punjab Cricket Association IS Bindra Stadium,Mohali,India,T20,2008-05-01,33.5,69.5479464184169,14.9,24.249161222385577,64.52478671636244,1,196.12719539726953,56.83975511796356,43.16024488203644,Post-Monsoon,0,1
Arun Jaitley Stadium,Delhi,India,T20,2000-07-25,27.75,35.33949454817312,19.2,10.4656895995411,6.691931214014518,7,116.91782844585,35.054676893122306,64.9453231068777,Summer,1,2
Wankhede Stadium,Mumbai,India,ODI,2004-03-27,28.4,80.93160042015876,21.7,22.741595541702587,61.90717470750623,1,274.3733670872736,53.0,47.0,Winter,1,1
Wankhede Stadium,Mumbai,India,T20,2005-01-30,21.299999999999997,85.30143262373923,14.9,23.9150650478602,75.92211669327814,1,160.30715919210596,56.77221673953237,43.22778326046763,Monsoon,1,1
Eden Gardens,Kolkata,India,Test,2022-02-02,21.15,39.725589711087615,10.1,12.293163477798954,19.835101291939676,4,320.4064936114374,43.20507957993782,56.79492042006218,Winter,0,2
Wankhede Stadium,Mumbai,India,ODI,2004-02-28,24.950000000000003,51.877343067467905,15.1,20.25825152575772,34.24231518323214,4,316.3858285123619,50.057286207494805,49.942713792505195,Post-Monsoon,0,0
Arun Jaitley Stadium,Delhi,India,T20,2020-07-01,33.55,30.845823966771555,13.5,6.6522755580460515,11.500790731547704,6,163.43187463914046,48.0,52.0,Summer,0,2
M. A. Chidambaram Stadium,Chennai,India,ODI,2021-02-15,25.1,73.4,18.4,19.8,31.3,6,249.13344862213341,48.0,52.0,Summer,0,2
Punjab Cricket Association IS Bindra Stadium,Mohali,India,T20,2003-01-10,10.15,87.59642865084776,13.8,27.319898644885278,55.0,1,173.37474738701263,53.0,47.0,Winter,1,1
M. Chinnaswamy Stadium,Bengaluru,India,T20,2008-06-19,22.85,43.52462142940487,19.8,13.122661208925848,19.754094496979818,2,174.3332292410168,52.425496542161795,47.574503457838205,Post-Monsoon,1,0
Arun Jaitley Stadium,Delhi,India,T20,2014-07-24,30.5,63.625,12.0375,13.953924464999787,34.06954912231856,5,170.07866944592033,32.5602603210159,67.4397396789841,Summer,0,2
Wankhede Stadium,Mumbai,India,T20,2017-08-05,27.25,91.68653290583485,21.7,22.01590426091031,66.77538443540868,2,174.42584814804871,68.3489192751625,31.6510807248375,Monsoon,1,1
M. Chinnaswamy Stadium,Bengaluru,India,T20,2008-01-02,20.2,61.092364914749794,14.2,22.028823508673213,27.884387165687688,4,198.83897539232615,54.275704375538055,45.724295624461945,Post-Monsoon,0,0
Eden Gardens,Kolkata,India,T20,2007-10-26,25.95,81.33101101213634,8.3,18.841180064915065,72.5264582126914,1,156.70053142995027,55.5156413566354,44.4843586433646,Post-Monsoon,1,1
Wankhede Stadium,Mumbai,India,T20,2013-12-11,24.5,88.9626978272603,14.5,22.778677495160824,73.58220486286794,2,168.08538941047252,54.54185067989633,45.45814932010367,Winter,1,1
Rajiv Gandhi International Stadium,Hyderabad,India,ODI,2008-09-14,24.75,67.18802166831121,26.1,19.128094120596,37.41446296733015,3,314.07773470612835,59.855041256489976,40.144958743510024,Summer,1,0
Wankhede Stadium,Mumbai,India,T20,2008-11-22,29.45,40.0,15.6,20.12220993012739,28.887059081608008,2,187.67479922256527,49.69454110177525,50.30545889822475,Post-Monsoon,1,0
Maharashtra Cricket Association Stadium,Pune,India,ODI,2021-06-09,25.2,85.28746648897472,24.6,22.606407820014397,73.48638384462673,1,260.2987258871016,65.22297859817546,34.77702140182454,Winter,1,1
Punjab Cricket Association IS Bindra Stadium,Mohali,India,ODI,2005-05-30,33.150000000000006,76.2110372682228,17.3,23.069012242096772,65.28821692955822,2,257.1075946896163,63.75962313378235,36.24037686621765,Winter,0,1
Punjab Cricket Association IS Bindra Stadium,Mohali,India,T20,2017-04-10,27.857142857142858,19.428571428571427,19.314285714285717,24.989290563464635,57.79606143446111,1,178.34881841981937,53.0,47.0,Post-Monsoon,1,1
Sawai Mansingh Stadium,Jaipur,India,Test,2022-05-17,35.05,29.187025363405905,24.8,11.037541278264591,25.106860198677204,4,273.6735689642933,36.04962225263884,63.95037774736116,Summer,0,2
Sawai Mansingh Stadium,Jaipur,India,ODI,2002-03-26,25.299999999999997,55.0,19.1,9.693783117717832,26.122654595054822,5,279.59003656817066,38.80208177927239,61.19791822072761,Summer,0,2
M. A. Chidambaram Stadium,Chennai,India,T20,2017-09-09,30.0,78.2,16.6,25.6,58.8,1,130.72047941733345,61.259224443300184,38.740775556699816,Post-Monsoon,1,1
Wankhede Stadium,Mumbai,India,T20,2007-06-23,27.8,68.0,42.5,17.58113082020605,18.38032598277833,3,189.71995143740853,52.85923446275537,47.14076553724463,Post-Monsoon,1,0
Eden Gardens,Kolkata,India,ODI,2002-03-03,26.700000000000003,41.517659107317094,12.8,10.319459819904628,24.83394388254793,5,238.52384281557087,36.88852346970812,63.11147653029188,Summer,0,2
Punjab Cricket Association IS Bindra Stadium,Mohali,India,ODI,2012-06-27,35.599999999999994,82.68452448744596,25.4,25.98168058353916,82.44971298946702,1,283.369395527614,61.003868546173706,38.996131453826294,Monsoon,1,1
Eden Gardens,Kolkata,India,ODI,2016-04-24,33.849999999999994,88.26705725962763,19.1,20.83453396717002,66.11281893847031,2,267.87840230771525,67.4859654534687,32.514034546531306,Post-Monsoon,0,1
Narendra Modi Stadium,Ahmedabad,India,T20,2015-03-31,27.4,51.78263906695247,10.1,10.660878887385847,30.06975698658063,7,153.18530239424416,35.16224792004432,64.83775207995568,Winter,0,2
Narendra Modi Stadium,Ahmedabad,India,T20,2008-01-21,18.85,45.889090535686144,16.8,13.417035917727503,23.419210949538417,5,168.47849518057257,35.130529358912995,64.869470641087,Summer,0,2
Rajiv Gandhi International Stadium,Hyderabad,India,T20,2011-09-08,24.95,45.32365883691225,24.1,16.874380039684485,25.17112028447047,3,183.88041872040503,46.43149413264738,53.56850586735262,Winter,1,0
Narendra Modi Stadium,Ahmedabad,India,ODI,2007-03-18,28.3,57.2124182066828,9.7,18.76934125404154,20.558558257930628,2,313.60272225622197,44.30328568218712,55.69671431781288,Summer,1,0
Maharashtra Cricket Association Stadium,Pune,India,T20,2017-06-24,25.85,55.81820653095333,28.9,18.373111874144463,21.567327837898524,3,192.27395830427713,53.59748809303022,46.40251190696978,Summer,1,0
Punjab Cricket Association IS Bindra Stadium,Mohali,India,ODI,2009-05-01,34.1,79.07222286191379,14.4,18.518082927249555,61.57540988906213,1,292.1453893217937,56.51297428565154,43.48702571434846,Winter,0,1
Eden Gardens,Kolkata,India,Test,2002-06-09,27.7,36.999644673120926,12.2,17.89899220884452,17.282153840707053,5,298.8893146230236,40.97811165403844,59.02188834596156,Summer,0,2
Maharashtra Cricket Association Stadium,Pune,India,T20,2012-06-18,24.65,47.214529727726074,20.4,16.756210773855116,18.727955857898905,4,218.0882468832114,48.45805815222714,51.54194184777286,Winter,1,0
Arun Jaitley Stadium,Delhi,India,T20,2023-10-13,27.7,38.02628627559273,13.4,12.21264540805692,13.688211933767247,7,157.89025800957577,44.58961902546166,55.41038097453834,Summer,0,2
Maharashtra Cricket Association Stadium,Pune,India,T20,2014-05-06,30.8,82.25199452286455,11.0,22.615779828706245,67.87406850089201,2,147.55114127301454,61.37382707947436,38.62617292052564,Winter,0,1
Narendra Modi Stadium,Ahmedabad,India,ODI,2017-07-16,26.799999999999997,52.03449657806326,18.9,19.624082150097742,29.618049060391805,4,299.2319564818807,52.137315379084335,47.862684620915665,Summer,0,0
Sawai Mansingh Stadium,Jaipur,India,Test,2010-09-12,26.049999999999997,40.5246500335789,11.4,11.995089736143782,17.82633232089838,4,298.9813606845941,39.354788357063825,60.645211642936175,Summer,1,2
Wankhede Stadium,Mumbai,India,T20,2020-08-12,26.7,49.07943046236463,25.1,21.150662391953713,42.0189541213449,3,190.7283229471279,54.0121991012332,45.9878008987668,Post-Monsoon,1,0
M. Chinnaswamy Stadium,Bengaluru,India,ODI,2024-11-29,21.799999999999997,48.56090297478054,20.9,15.151979893889703,41.64161582896393,2,292.13497697100536,54.474369893180565,45.525630106819435,Post-Monsoon,0,0
Maharashtra Cricket Association Stadium,Pune,India,ODI,2016-08-01,22.9,44.09494357765101,20.2,19.700489802921748,22.222649376594024,3,297.4640097553088,48.51272903491658,51.48727096508342,Winter,1,0
Maharashtra Cricket Association Stadium,Pune,India,T20,2017-08-09,24.9,47.22163250301216,20.0,17.16979834990153,13.342248364639211,3,174.00463441449241,49.95228086388894,50.04771913611106,Winter,1,0
Maharashtra Cricket Association Stadium,Pune,India,T20,2021-03-04,26.5,65.75714966658816,12.1,19.288927414814978,39.88418003529183,4,164.13515370887424,45.54132968075233,54.45867031924767,Winter,1,0
Wankhede Stadium,Mumbai,India,T20,2013-05-05,29.6,54.21462283351662,19.3,18.121977618430968,21.880162997416956,2,196.2523661939251,41.8439765263997,58.1560234736003,Summer,1,0
Sawai Mansingh Stadium,Jaipur,India,ODI,2011-08-09,26.75,37.07732004154131,17.8,8.064677359875697,40.515579626129295,5,263.7124387925651,38.12371260916632,61.87628739083368,Winter,1,2
Punjab Cricket Association IS Bindra Stadium,Mohali,India,T20,2017-10-17,26.15,90.85886443550034,14.2,23.951727421291654,96.05109467323973,2,147.64295414939656,69.39304622194108,30.606953778058923,Monsoon,1,1
Rajiv Gandhi International Stadium,Hyderabad,India,T20,2008-12-27,23.450000000000003,52.318872004872645,9.2,19.569166826907725,30.107003086963715,4,175.29760357127506,43.32161427180323,56.67838572819677,Winter,1,0
Eden Gardens,Kolkata,India,ODI,2008-03-14,26.950000000000003,85.18595966910742,9.0,22.603058765483198,83.37661951603357,1,251.61233846161053,58.03568635360163,41.96431364639837,Monsoon,1,1
Narendra Modi Stadium,Ahmedabad,India,T20,2019-09-26,28.25,47.4547114361987,16.2,20.897092589148528,29.21420122040496,4,187.69389851116676,47.28172052032631,52.71827947967369,Winter,1,2
Maharashtra Cricket Association Stadium,Pune,India,Test,2004-10-07,23.85,68.0,9.0,24.21511267066955,72.26925901748041,2,303.61703771528687,53.90141308411785,46.09858691588215,Post-Monsoon,1,1
Narendra Modi Stadium,Ahmedabad,India,T20,2010-08-23,28.2,41.58513715701365,16.0,18.0,14.579564149363838,7,178.94137353867114,48.0,52.0,Summer,0,2
M. Chinnaswamy Stadium,Bengaluru,India,T20,2013-01-21,22.35,65.94404069566527,15.1,19.32070030430434,18.871042288298554,3,189.83389933023813,45.99366032711028,54.00633967288972,Summer,1,0
Sawai Mansingh Stadium,Jaipur,India,T20,2015-03-19,20.25,50.93025402850981,9.4,8.284474829769273,12.410940682700371,6,173.2448480381105,45.497309433902515,54.502690566097485,Winter,1,2
Sawai Mansingh Stadium,Jaipur,India,ODI,2024-03-10,20.7,49.06508111889696,10.5,16.322546670511308,11.676890770542212,7,253.08386374999856,40.298342402802646,59.701657597197354,Summer,1,2
Narendra Modi Stadium,Ahmedabad,India,Test,2008-05-28,33.3,34.38439216117193,20.3,12.302029470350321,20.014835322360042,7,293.5870813697375,34.38660872718131,65.61339127281869,Summer,1,2
Punjab Cricket Association IS Bindra Stadium,Mohali,India,ODI,2005-01-17,15.350000000000001,87.00651545365089,12.3,21.548431251834057,69.7415788932687,2,244.41728177832763,53.0,47.0,Winter,0,1
Wankhede Stadium,Mumbai,India,T20,2000-09-11,27.049999999999997,76.23271467727689,18.9,19.97814573809836,73.85708037547637,1,131.3200239049321,72.10996144592264,27.890038554077364,Monsoon,1,1
Sawai Mansingh Stadium,Jaipur,India,Test,2018-05-14,33.15,48.82868711655518,20.7,8.487805328517613,13.244797182410117,7,289.62974967888357,44.44066926866826,55.55933073133174,Winter,1,2
Sawai Mansingh Stadium,Jaipur,India,T20,2013-06-06,37.65,34.066755080276124,28.2,13.084011834885226,20.047254800833784,5,165.6979971661577,40.04397344742786,59.95602655257214,Winter,1,2
Wankhede Stadium,Mumbai,India,T20,2003-07-31,27.1,82.64657253205793,16.5,22.50892769498457,98.18173423580413,2,149.3013483174535,63.25122508518774,36.74877491481226,Winter,1,1
Arun Jaitley Stadium,Delhi,India,Test,2009-03-05,23.3,32.11789390591734,21.2,11.97039515285183,7.0155947234508655,4,262.7145126571857,42.39264247378883,57.60735752621117,Summer,0,2
Maharashtra Cricket Association Stadium,Pune,India,T20,2008-12-21,22.9,79.45335839591397,7.9,23.361969719010602,75.38071726727273,1,167.17134319348622,64.27999327581051,35.72000672418949,Winter,1,1
M. Chinnaswamy Stadium,Bengaluru,India,T20,2013-08-07,22.7,50.79501724809619,20.8,16.204267955439207,25.577377448556682,4,177.33532904725797,56.51592048858928,43.48407951141072,Summer,1,0
Sawai Mansingh Stadium,Jaipur,India,ODI,2017-06-30,29.200000000000003,40.89537483143075,16.1,9.971641547406861,6.1851374652341455,6,274.7188866686607,41.657440860486275,58.342559139513725,Summer,0,2
Arun Jaitley Stadium,Delhi,India,Test,2007-07-01,32.2,37.16018652252267,22.8,4.989892611799413,23.925141678744595,5,308.0874775321458,43.7656219689548,56.2343780310452,Summer,0,2
Maharashtra Cricket Association Stadium,Pune,India,T20,2001-07-07,24.5,56.692345382142335,14.8,18.530775724089136,26.46531306476726,4,172.51782374025083,55.2377098315145,44.7622901684855,Summer,1,0
M. Chinnaswamy Stadium,Bengaluru,India,ODI,2021-12-19,19.05,55.85335978024343,16.0,20.355845878589534,29.7651466322718,3,287.4011781376346,49.110617026618144,50.889382973381856,Summer,1,0
Eden Gardens,Kolkata,India,T20,2006-06-08,28.75,46.72377592910853,13.0,8.28070682216851,21.679202130462162,4,163.62662245631287,48.0,52.0,Summer,0,2
Narendra Modi Stadium,Ahmedabad,India,ODI,2023-09-10,30.55,60.88603718332268,19.4,17.453464789473692,35.223023486923275,2,290.3603720029974,47.40332384951202,52.59667615048798,Summer,1,0
M. A. Chidambaram Stadium,Chennai,India,ODI,2013-02-12,26.6,69.0,25.9,19.9,56.1,4,246.0893468745172,39.570032596261875,60.429967403738125,Summer,1,2
Narendra Modi Stadium,Ahmedabad,India,T20,2006-07-06,26.9,64.59819857955097,19.9,12.070660713024793,29.82914102688044,2,185.99852166648535,49.74386927226643,50.25613072773357,Post-Monsoon,1,0
M. Chinnaswamy Stadium,Bengaluru,India,T20,2022-06-03,24.7,54.60884030364176,24.0,16.374878161472587,21.585895731739182,3,167.9687350939799,47.97092959212571,52.02907040787429,Summer,1,0
Narendra Modi Stadium,Ahmedabad,India,Test,2005-07-15,29.0,37.31924023660068,16.1,12.952218282971684,17.4756276657363,6,292.2563381471844,37.11557344700675,62.88442655299325,Summer,1,2
Arun Jaitley Stadium,Delhi,India,T20,2010-08-21,27.75,42.537365656157554,15.0,6.916949216277591,33.78817149450937,5,167.16261546705033,45.23604380038518,54.76395619961482,Summer,0,2
Wankhede Stadium,Mumbai,India,ODI,2001-06-27,26.75,56.034922150855465,22.2,17.086951569608978,14.741968093760567,2,303.2667987538003,44.41098912347586,55.58901087652414,Post-Monsoon,0,0
Eden Gardens,Kolkata,India,ODI,2009-05-24,27.35,28.16394082112322,26.4,14.274750858132418,21.89454837719427,7,256.56174596151044,39.30444130119204,60.69555869880796,Summer,0,2
Eden Gardens,Kolkata,India,ODI,2024-05-20,30.55,82.35396874391925,15.5,21.74389574510529,62.80426970117698,2,252.35595986608234,53.21675272880525,46.78324727119475,Monsoon,1,1
Narendra Modi Stadium,Ahmedabad,India,Test,2011-05-08,32.95,58.15434284683495,14.2,21.46451226733749,37.37570066117186,2,363.98034758697764,54.00290943805035,45.99709056194965,Summer,1,0
Eden Gardens,Kolkata,India,T20,2014-10-11,26.799999999999997,38.301783173457906,12.6,16.154711724354144,24.290589346332634,5,150.13725640617497,43.05303698149815,56.94696301850185,Summer,1,2
Wankhede Stadium,Mumbai,India,T20,2015-12-26,23.75,89.61697895923655,14.4,23.443792736017723,66.71234242596613,2,170.35499417055138,63.81627111123741,36.18372888876259,Post-Monsoon,1,1
Maharashtra Cricket Association Stadium,Pune,India,T20,2009-11-16,23.1,82.88751603945488,6.6,27.894243355868092,79.70410350749218,2,186.33257970620332,64.69052121938128,35.30947878061872,Winter,0,1
Narendra Modi Stadium,Ahmedabad,India,ODI,2006-05-03,32.75,49.998129278024535,14.3,15.540755992154354,19.9428035659302,3,294.54027112016064,50.86617615286807,49.13382384713193,Summer,1,0
Narendra Modi Stadium,Ahmedabad,India,ODI,2023-08-08,28.95,56.989998736551414,24.5,19.06115249129672,24.603573863144156,3,282.25231814670326,48.223837330085914,51.776162669914086,Post-Monsoon,1,0
Eden Gardens,Kolkata,India,T20,2016-09-14,28.3,84.95048915321001,11.8,18.138523440241098,94.74185030318401,2,136.5330211627731,62.7390434108629,37.2609565891371,Monsoon,1,1
Narendra Modi Stadium,Ahmedabad,India,ODI,2023-07-18,28.65,52.18663328962917,16.0,17.179680429138408,31.344248316912946,2,295.87007168921514,52.654292767079426,47.345707232920574,Winter,1,0
Maharashtra Cricket Association Stadium,Pune,India,T20,2021-06-20,24.75,87.40815149648135,27.2,24.21847254785587,78.75318657993108,2,158.32996274040093,68.94649347268917,31.05350652731083,Monsoon,1,1
Narendra Modi Stadium,Ahmedabad,India,ODI,2022-01-31,19.45,51.412533266506195,10.2,19.893214686081585,15.267828051335774,3,294.0400621688625,44.69641543435437,55.30358456564563,Post-Monsoon,1,0
Punjab Cricket Association IS Bindra Stadium,Mohali,India,Test,2023-02-23,20.8,76.61317752980815,19.6,20.7761380515349,74.70733710135158,1,319.06522696049166,73.99514072395277,26.004859276047227,Post-Monsoon,0,1
Wankhede Stadium,Mumbai,India,T20,2013-01-29,23.15,85.18243875529866,15.7,20.279988542334266,65.33243652416567,2,165.94042538800196,63.25257106565354,36.74742893434646,Post-Monsoon,1,1
Wankhede Stadium,Mumbai,India,ODI,2005-01-19,23.15,77.3526102050628,15.6,24.633064811507058,82.9941644096984,1,264.92465639862826,53.0,47.0,Post-Monsoon,1,1
Eden Gardens,Kolkata,India,ODI,2004-12-08,22.9,77.3648464733284,9.0,23.83663094491327,67.74492805802372,2,310.80580190953776,53.834544965981685,46.165455034018315,Monsoon,1,1
Rajiv Gandhi International Stadium,Hyderabad,India,T20,2022-04-30,32.45,57.838285721177684,13.8,15.951805643350255,30.62491074359989,2,194.3368042074927,52.74115100828725,47.25884899171275,Post-Monsoon,1,0
Eden Gardens,Kolkata,India,ODI,2008-04-13,31.5,70.56997205107709,16.2,21.528085430057068,83.34910432377194,2,265.6495710741001,56.91949762617225,43.08050237382775,Post-Monsoon,1,1
Eden Gardens,Kolkata,India,T20,2000-12-24,19.75,41.18387646050305,8.3,8.939214500414847,21.307786344844036,6,129.0871829642488,40.68855720390284,59.31144279609716,Summer,0,2
Punjab Cricket Association IS Bindra Stadium,Mohali,India,T20,2007-08-08,30.75,83.123893138787,23.2,17.935433102096543,77.27182540631927,2,170.67015112096297,64.88973304822623,35.11026695177377,Post-Monsoon,0,1
M. Chinnaswamy Stadium,Bengaluru,India,ODI,2024-05-16,24.15,63.00187496930807,12.8,17.77464551146996,28.185265748919598,3,285.18562949161486,47.21263100525734,52.78736899474266,Post-Monsoon,1,0
Narendra Modi Stadium,Ahmedabad,India,ODI,2005-08-13,27.75,58.859131414386574,11.3,22.90647054035295,20.599264976938226,4,273.32229666834905,52.26369844172217,47.73630155827783,Summer,0,0
Maharashtra Cricket Association Stadium,Pune,India,T20,2016-07-11,23.4,83.46886397872841,19.2,22.12055658488021,71.94279819828043,1,170.23390229021527,62.65716052018275,37.34283947981725,Monsoon,0,1
Eden Gardens,Kolkata,India,Test,2006-09-30,27.75,76.25700792850509,16.6,26.195387318406752,88.31720436108759,1,337.8767889398977,59.48459782238423,40.51540217761577,Monsoon,1,1
M. Chinnaswamy Stadium,Bengaluru,India,T20,2016-12-09,21.55,62.92034055656417,12.4,23.625205096048123,22.52299721917565,2,198.54959666962196,59.29725875843526,40.70274124156474,Winter,1,0
Eden Gardens,Kolkata,India,T20,2019-01-27,21.5,77.28968281719352,15.8,22.44875398092161,82.55118731598219,2,151.64611006228466,57.94204081597789,42.05795918402211,Monsoon,1,1
Arun Jaitley Stadium,Delhi,India,ODI,2000-12-03,14.4,32.97929970850464,10.2,12.623394832413595,24.103411858695495,4,266.07051659892375,48.0,52.0,Summer,1,2
M. A. Chidambaram Stadium,Chennai,India,ODI,2021-10-05,26.6,92.7,18.4,25.3,90.8,7,276.1698779214021,33.096844498252636,66.90315550174736,Summer,0,1
Eden Gardens,Kolkata,India,ODI,2005-03-17,26.85,80.54718539092373,15.3,17.58316239219096,83.69883614575448,2,252.8318746889716,62.32262620054127,37.67737379945873,Winter,1,1
Narendra Modi Stadium,Ahmedabad,India,T20,2010-05-03,34.2,48.729861498953554,16.2,14.51820085006428,26.383631580287695,2,180.12965226169,49.90680933240664,50.09319066759336,Winter,1,2
Maharashtra Cricket Association Stadium,Pune,India,T20,2007-10-23,25.299999999999997,85.12132439093035,15.5,21.94625045009364,80.39077136464404,2,213.8991040040549,61.54501994789797,38.45498005210203,Post-Monsoon,1,1
M. A. Chidambaram Stadium,Chennai,India,Test,2000-09-08,30.15,47.18796238864281,16.8,11.715728330151414,11.217347618225293,6,243.86931885292464,38.391043154757526,61.608956845242474,Winter,0,2
M. A. Chidambaram Stadium,Chennai,India,Test,2001-08-31,31.549999999999997,39.69893222390356,22.9,8.313557268563903,18.99332185706704,7,280.4968586240405,39.842966062100786,60.157033937899214,Summer,1,2
Wankhede Stadium,Mumbai,India,ODI,2007-07-21,26.85,86.90914543043675,19.3,26.571077866849578,89.64241076901166,1,296.90541276163844,54.86225491183908,45.13774508816092,Monsoon,0,1
M. Chinnaswamy Stadium,Bengaluru,India,T20,2024-10-13,24.05,56.968375882078234,19.7,22.526968404350665,15.787817131285848,4,188.63641631056842,51.628585845934126,48.371414154065874,Post-Monsoon,1,0
Rajiv Gandhi International Stadium,Hyderabad,India,T20,2022-07-23,24.6,60.28483871553231,22.3,21.004684470364612,25.016024602480375,4,170.1960124502956,49.422798400597934,50.577201599402066,Summer,1,0
M. A. Chidambaram Stadium,Chennai,India,T20,2020-11-04,27.7,89.3,22.3,25.8,75.1,1,177.8643146228289,67.27261238813314,32.72738761186686,Monsoon,0,1
Maharashtra Cricket Association Stadium,Pune,India,ODI,2019-03-23,27.45,94.92518940014162,14.6,25.71380817196618,74.26119605145603,1,266.3055049474474,56.785013146364314,43.214986853635686,Monsoon,1,1
M. A. Chidambaram Stadium,Chennai,India,Test,2023-12-25,26.6,83.3,26.6,23.5,79.4,6,299.56225669279263,41.127835105343024,58.872164894656976,Winter,1,1
Eden Gardens,Kolkata,India,ODI,2023-12-13,19.25,74.08949034216917,9.9,27.1623571279317,58.21401612311318,1,303.3814819768849,59.58697574261149,40.41302425738851,Post-Monsoon,0,1
Rajiv Gandhi International Stadium,Hyderabad,India,ODI,2015-05-19,33.599999999999994,48.387164192372445,17.3,18.970014374438982,9.83610709509631,4,275.9223039776466,54.953859204546454,45.046140795453546,Post-Monsoon,1,2
Rajiv Gandhi International Stadium,Hyderabad,India,Test,2018-11-09,25.5,60.44557593482976,8.3,14.67730378987903,28.533730234192074,4,371.73991315770314,42.95562432399218,57.04437567600782,Post-Monsoon,0,0
Narendra Modi Stadium,Ahmedabad,India,T20,2015-05-18,34.55,30.636353950005603,12.6,12.154169943755702,7.411293588788887,6,181.41779799764723,40.56081950055292,59.43918049944708,Summer,0,2
M. Chinnaswamy Stadium,Bengaluru,India,T20,2002-07-01,24.049999999999997,68.0,19.8,20.47684176328983,35.27172958576314,4,182.9648144890058,51.81464869478431,48.18535130521569,Winter,1,0
Maharashtra Cricket Association Stadium,Pune,India,T20,2003-09-10,23.5,43.63897552694179,15.1,22.511454458966135,5.641372465000728,4,188.132131843852,51.36345977678013,48.63654022321987,Winter,0,2
M. Chinnaswamy Stadium,Bengaluru,India,T20,2023-08-28,25.85,55.89337380367094,15.2,19.981700203384417,30.34455821778534,3,197.70141560670075,57.90654318728738,42.09345681271262,Winter,0,0
Arun Jaitley Stadium,Delhi,India,ODI,2023-10-02,26.85,38.62112461221736,20.6,10.035054954074106,19.59016541990975,4,266.29092751349646,36.49217264029766,63.50782735970234,Summer,0,2
Arun Jaitley Stadium,Delhi,India,ODI,2010-06-23,36.95,37.45321769310429,19.5,8.696133698779548,11.846958258049163,7,251.70323433724775,34.947379898366435,65.05262010163356,Winter,0,2
Arun Jaitley Stadium,Delhi,India,Test,2009-02-19,18.85,39.09259613993131,18.0,12.315215610147108,19.26642829672421,7,301.37654701095147,41.61812620424245,58.38187379575755,Winter,0,2
M. Chinnaswamy Stadium,Bengaluru,India,T20,2019-06-07,25.95,42.89335940451387,11.3,17.288166105458856,17.860904188036592,2,178.99518882838643,47.87578935785289,52.12421064214711,Post-Monsoon,1,0
Rajiv Gandhi International Stadium,Hyderabad,India,ODI,2019-06-07,32.4,43.42494773936197,11.5,17.582879310258566,24.46721455230157,4,333.17863875294324,53.053455591121974,46.946544408878026,Post-Monsoon,1,0
Sawai Mansingh Stadium,Jaipur,India,T20,2019-12-28,11.25,27.05332561959106,10.0,8.540738213687469,18.89080343518489,6,180.16090497462002,41.94316590533409,58.05683409466591,Summer,1,2
Rajiv Gandhi International Stadium,Hyderabad,India,ODI,2005-03-04,27.35,47.92890713681912,18.4,15.233418186548702,45.22754812874001,4,289.72014293623124,51.568061280677306,48.431938719322694,Summer,1,0
Maharashtra Cricket Association Stadium,Pune,India,T20,2019-01-19,23.45,79.51377308841273,11.0,17.55395319147773,75.76225551311047,1,160.11616442244124,55.49736169253268,44.50263830746732,Winter,0,1
M. Chinnaswamy Stadium,Bengaluru,India,ODI,2006-01-06,19.8,43.21922918432309,12.6,16.727303008032177,33.27341796423979,3,277.0381331581318,43.128130190680075,56.871869809319925,Summer,1,0
M. A. Chidambaram Stadium,Chennai,India,ODI,2000-05-08,31.25,82.72273371046775,17.0,21.209590342068385,81.07007624329997,1,271.6121459459863,61.30339548518534,38.69660451481466,Winter,1,1
M. A. Chidambaram Stadium,Chennai,India,T20,2022-07-07,29.7,78.9,19.3,25.5,85.9,1,147.31863419436206,63.496003295692844,36.503996704307156,Monsoon,1,1
M. A. Chidambaram Stadium,Chennai,India,T20,2022-11-22,25.4,85.8,22.3,22.8,88.3,2,164.53866214032394,62.92066962922232,37.07933037077768,Monsoon,1,1
Eden Gardens,Kolkata,India,ODI,2014-09-16,28.65,38.37047971835312,9.2,14.680822629307816,23.046401313168158,7,275.85901018301877,36.36563568151788,63.63436431848212,Summer,0,2
Rajiv Gandhi International Stadium,Hyderabad,India,ODI,2024-06-14,27.0,51.39898200444521,23.7,16.583757957494814,27.31218608632325,4,322.9622103989344,50.48067486872875,49.51932513127125,Summer,0,0
Rajiv Gandhi International Stadium,Hyderabad,India,T20,2010-09-23,26.200000000000003,62.096311803156844,7.7,17.13102624625452,22.373897790535825,3,207.0777886802377,56.97537681394183,43.02462318605817,Summer,1,0
Wankhede Stadium,Mumbai,India,Test,2003-10-25,26.15,78.08393208047643,11.4,23.62046648619174,72.09336717876468,2,321.9739193935287,53.37586008358039,46.62413991641961,Post-Monsoon,0,1
Narendra Modi Stadium,Ahmedabad,India,Test,2013-01-08,18.7,48.461033441116356,17.2,16.189383438762434,9.745198540735501,3,362.8723469155232,49.02455888869335,50.97544111130665,Winter,1,0
Maharashtra Cricket Association Stadium,Pune,India,T20,2003-11-07,24.25,83.90242271481307,10.6,20.352645779421273,71.43030879181389,1,170.9155807507338,60.0991647603533,39.9008352396467,Monsoon,1,1
Punjab Cricket Association IS Bindra Stadium,Mohali,India,ODI,2019-08-21,29.450000000000003,79.73553981131957,16.6,24.066206010575716,65.4044210635723,2,284.62526959180195,65.27275979166538,34.72724020833462,Winter,0,1
Punjab Cricket Association IS Bindra Stadium,Mohali,India,T20,2019-07-22,30.7,90.04033968847779,10.9,26.18205200932272,63.19812050863783,2,151.4148524258272,62.057662697077596,37.942337302922404,Winter,1,1
Wankhede Stadium,Mumbai,India,ODI,2004-06-11,27.75,40.970978497951975,28.5,13.112072268900937,25.78734143214218,2,338.06155713250376,50.599251591175786,49.400748408824214,Winter,0,0
Arun Jaitley Stadium,Delhi,India,ODI,2012-05-20,32.85,48.82075127805236,12.4,9.572752642062149,7.436614825244719,4,253.25451865257835,41.22054359261051,58.77945640738949,Summer,0,2
Wankhede Stadium,Mumbai,India,T20,2018-11-29,26.200000000000003,81.09809530344165,14.4,20.82532419359801,64.85026670030456,2,153.21499444385316,65.1203323781847,34.8796676218153,Post-Monsoon,1,1
M. A. Chidambaram Stadium,Chennai,India,T20,2022-09-10,30.1,78.4,31.7,25.8,80.3,1,166.70614779144816,62.33849600254549,37.66150399745451,Monsoon,0,1
M. A. Chidambaram Stadium,Chennai,India,T20,2013-10-05,29.5,68.0,18.4,22.5,45.3,5,143.49809718250947,48.0,52.0,Summer,0,2
M. A. Chidambaram Stadium,Chennai,India,T20,2024-07-22,48.0,66.1,15.0,32.0,78.0,5,150.88378106951234,35.902969395676024,64.09703060432398,Summer,0,2
Sawai Mansingh Stadium,Jaipur,India,Test,2004-02-05,14.2,47.2378568203613,9.6,14.447609413011628,30.477817060010324,6,317.48457493661306,43.864193535698824,56.135806464301176,Summer,1,2
Narendra Modi Stadium,Ahmedabad,India,ODI,2020-12-12,23.0,40.909037245093295,9.7,16.200076122656103,30.750709224246393,3,292.03121753702493,45.33206964649144,54.66793035350856,Post-Monsoon,0,2
Wankhede Stadium,Mumbai,India,T20,2013-05-13,28.950000000000003,49.68972784185889,20.0,16.148191250762714,32.27850170800594,2,192.17665776794237,48.132584924021636,51.867415075978364,Summer,1,0
Sawai Mansingh Stadium,Jaipur,India,ODI,2011-10-30,22.65,37.722565999851284,11.3,9.807549995211707,18.449645224713215,7,254.29764306732622,41.40684995952851,58.59315004047149,Summer,1,2
Narendra Modi Stadium,Ahmedabad,India,ODI,2024-03-29,32.8,51.76487337943833,16.5,19.734668359843088,5.0,3,290.57920105207774,55.273388802237456,44.726611197762544,Post-Monsoon,1,0
Eden Gardens,Kolkata,India,T20,2015-12-17,18.75,81.05438204564729,8.7,24.447988089844475,60.673462342346554,1,149.36724300224034,58.00504976958241,41.99495023041759,Monsoon,1,1
Eden Gardens,Kolkata,India,T20,2006-02-22,27.650000000000002,75.77560536719892,10.2,24.20117940131442,72.97758881324305,2,174.68594104689052,69.19032760246077,30.80967239753923,Monsoon,1,1
Maharashtra Cricket Association Stadium,Pune,India,T20,2022-02-03,22.049999999999997,83.12873346163494,19.0,20.712184210557812,80.77069097501217,2,158.64382291656116,58.831051024965454,41.168948975034546,Monsoon,0,1
Arun Jaitley Stadium,Delhi,India,Test,2023-08-06,30.549999999999997,40.30575250472259,21.3,10.872264136866667,18.6287896489203,4,338.7136697262313,37.33935313059281,62.66064686940719,Winter,0,2
Maharashtra Cricket Association Stadium,Pune,India,T20,2007-10-14,26.15,84.3937759006398,9.2,18.188059115172763,88.26492327082119,1,186.88987640551986,55.754489053594384,44.245510946405616,Monsoon,0,1
Arun Jaitley Stadium,Delhi,India,ODI,2010-04-09,32.75,42.25847348442679,24.1,12.238197834787965,21.446568024063062,7,251.90377475423077,29.29176199564769,70.70823800435231,Summer,0,2
Eden Gardens,Kolkata,India,T20,2011-06-12,31.65,80.19760340223328,16.2,24.79097060212513,60.704769075680396,2,168.70532394366418,63.28834488975176,36.71165511024824,Winter,1,1
Sawai Mansingh Stadium,Jaipur,India,T20,2001-10-22,25.4,38.51575140882138,9.0,10.291200664906993,14.374442128250115,5,157.88845480031617,40.82882458326936,59.17117541673064,Winter,0,2
M. Chinnaswamy Stadium,Bengaluru,India,ODI,2010-01-10,23.2,40.0,13.0,10.0,26.585724098120643,4,318.5411986249166,52.96103886791371,47.03896113208629,Summer,1,0
Arun Jaitley Stadium,Delhi,India,ODI,2009-11-24,19.0,24.273933724973467,12.9,12.252112409095488,31.313866011981105,4,258.26305352509587,37.185710399088045,62.814289600911955,Summer,0,2
Narendra Modi Stadium,Ahmedabad,India,ODI,2022-01-13,16.85,46.86141871587008,16.2,11.233570172801912,15.035095571681103,5,257.7036321024622,34.86905165946568,65.13094834053432,Summer,1,2
M. A. Chidambaram Stadium,Chennai,India,ODI,2020-11-29,27.0,89.5,19.0,25.0,81.2,2,245.51649960741793,69.30915899571593,30.690841004284067,Winter,1,1
Eden Gardens,Kolkata,India,Test,2006-06-26,29.25,88.72532597836678,12.0,27.311502766233247,55.0,2,293.97452231402866,68.1469632005066,31.853036799493395,Monsoon,0,1
Arun Jaitley Stadium,Delhi,India,Test,2009-10-04,28.200000000000003,28.196865604247137,18.2,12.205784849236437,11.902432551702008,5,306.03600040420247,39.93381663599165,60.06618336400835,Summer,1,2
Arun Jaitley Stadium,Delhi,India,T20,2001-03-23,23.35,51.5385212489425,16.8,8.959792537914769,16.956846088643758,7,151.37216326560696,37.93076307093881,62.06923692906119,Summer,0,2
Wankhede Stadium,Mumbai,India,T20,2009-09-11,26.549999999999997,73.81348045668787,13.7,26.990083995853663,70.12911820249697,2,146.8871460202016,66.21554461441279,33.78445538558721,Monsoon,1,1
Narendra Modi Stadium,Ahmedabad,India,T20,2010-02-02,22.85,63.90357361330594,10.1,13.633842908346487,18.967618582367976,3,200.91716187087155,42.5214964524144,57.4785035475856,Post-Monsoon,0,0
M. A. Chidambaram Stadium,Chennai,India,T20,2005-05-06,30.6,74.9,18.4,25.4,48.3,4,145.77070356808198,37.87657773397123,62.12342226602877,Summer,0,2
Sawai Mansingh Stadium,Jaipur,India,Test,2004-09-17,27.75,45.75527832598564,9.5,9.00481483891513,25.499015735357183,4,277.9934346187041,30.868953265466004,69.131046734534,Winter,1,2
Rajiv Gandhi International Stadium,Hyderabad,India,T20,2009-10-21,26.450000000000003,54.680393777573556,13.3,19.315371469642198,33.955505301305934,4,188.64032762768923,58.05400947903303,41.94599052096697,Post-Monsoon,0,0
Punjab Cricket Association IS Bindra Stadium,Mohali,India,T20,2009-01-26,18.799999999999997,74.74238756611166,10.1,22.162468376859202,75.4256985170421,2,166.49800909702665,69.05596967718111,30.94403032281889,Winter,0,1
Sawai Mansingh Stadium,Jaipur,India,T20,2006-11-04,23.55,38.086416678848124,7.9,9.269904533217494,14.404132561842367,4,156.37195050972264,32.60204813174532,67.39795186825468,Summer,0,2
Maharashtra Cricket Association Stadium,Pune,India,T20,2024-12-02,25.35,58.97518839091461,14.8,16.692941129496447,26.242772715415242,3,179.52937371526414,43.104587893826825,56.895412106173175,Post-Monsoon,0,0
M. A. Chidambaram Stadium,Chennai,India,T20,2021-08-05,32.1,61.3,25.9,23.5,51.0,2,179.91313349760594,56.76251402144915,43.23748597855085,Monsoon,1,2
Narendra Modi Stadium,Ahmedabad,India,T20,2019-05-24,34.05,54.106924617254634,20.1,21.863391928418455,30.94032927561954,3,158.106624369675,52.775106104046976,47.224893895953024,Post-Monsoon,1,2
Maharashtra Cricket Association Stadium,Pune,India,T20,2010-07-22,23.549999999999997,77.61900228480609,18.5,21.678104753709995,83.44246258145621,1,159.59552526046716,58.68545135385703,41.31454864614297,Winter,0,1
M. A. Chidambaram Stadium,Chennai,India,ODI,2008-05-13,32.2,55.0,20.5,21.3,61.4,1,254.856142164376,57.61319082146903,42.38680917853097,Winter,1,1
Rajiv Gandhi International Stadium,Hyderabad,India,T20,2023-10-06,26.450000000000003,45.47705370060781,17.3,19.180127514013286,22.255873188429177,4,193.95445302389143,46.35366009020783,53.64633990979217,Winter,1,0
Wankhede Stadium,Mumbai,India,T20,2009-01-02,24.1,54.93444933796429,12.4,20.877782311667225,37.128707571367855,4,172.39244699060143,45.8410827407109,54.1589172592891,Summer,1,0
Sawai Mansingh Stadium,Jaipur,India,ODI,2004-07-11,30.900000000000002,38.31382342209405,23.4,17.983416009279775,23.04340230384132,4,290.07261705727814,36.57475518174743,63.42524481825257,Summer,1,2
Arun Jaitley Stadium,Delhi,India,T20,2005-01-15,16.1,40.598813268088364,12.3,10.531809497534292,15.66581024677537,4,152.1749914530103,48.0,52.0,Summer,0,2
Narendra Modi Stadium,Ahmedabad,India,T20,2004-11-16,26.2,50.92785939329638,10.0,11.861872283109092,23.990511087859815,5,145.63803917990785,40.76615480129107,59.23384519870893,Summer,1,2
Maharashtra Cricket Association Stadium,Pune,India,T20,2002-01-01,21.85,51.65338092074608,15.0,15.995317633724202,26.93925456528025,4,189.3302021721418,57.57580861897963,42.42419138102037,Summer,1,0
Sawai Mansingh Stadium,Jaipur,India,ODI,2006-09-26,30.15,29.875466704756107,16.7,12.479849700182376,32.35650422705644,6,249.76815056554335,40.800399845390096,59.199600154609904,Summer,0,2
Wankhede Stadium,Mumbai,India,T20,2019-04-30,29.25,78.04779900294558,18.3,23.490872410155145,55.0,1,182.96991493073133,57.400699850053,42.599300149947,Winter,0,1
Sawai Mansingh Stadium,Jaipur,India,Test,2004-03-25,25.4,31.42486582765568,16.8,10.816947946914775,19.009321571447796,4,281.653145105542,41.698025128032846,58.301974871967154,Summer,1,2
Arun Jaitley Stadium,Delhi,India,T20,2010-05-08,29.55,42.60277865446056,13.0,9.954239102135038,11.546029988435262,7,149.5865136373426,37.86776291900863,62.13223708099137,Summer,0,2
Wankhede Stadium,Mumbai,India,ODI,2023-11-20,28.95,46.57725227566689,16.0,11.964481850194506,21.79578151065673,2,287.14344833293916,44.289758114581744,55.710241885418256,Winter,1,0
Rajiv Gandhi International Stadium,Hyderabad,India,ODI,2010-08-07,24.950000000000003,58.35072156667077,26.8,17.979278638760118,16.275299573405412,2,310.8010975981414,53.10285433066427,46.89714566933573,Post-Monsoon,1,0
Eden Gardens,Kolkata,India,T20,2021-01-13,20.6,87.65021345279825,12.9,25.419812823473247,56.23396661732539,1,136.53151220145213,60.46216539102856,39.53783460897144,Post-Monsoon,1,1
Narendra Modi Stadium,Ahmedabad,India,T20,2019-05-24,34.05,45.50018337399806,20.1,13.589277360832725,11.486640144111096,4,163.28004430906446,39.114753262450435,60.885246737549565,Summer,1,2
M. Chinnaswamy Stadium,Bengaluru,India,ODI,2006-06-23,23.9,57.857325985997264,23.9,17.760090171486304,18.189228673205058,2,260.7198088009464,50.99250549914105,49.00749450085895,Post-Monsoon,1,0
Eden Gardens,Kolkata,India,T20,2000-07-29,28.549999999999997,76.22251667520506,13.3,22.466801010800573,72.3928682157055,2,160.92670261697253,60.66314476384826,39.33685523615174,Monsoon,1,1
M. A. Chidambaram Stadium,Chennai,India,T20,2006-12-17,26.3,63.7,14.8,18.7,51.9,2,141.7328080976849,60.2731220105292,39.7268779894708,Monsoon,1,1
Narendra Modi Stadium,Ahmedabad,India,T20,2009-04-05,33.0,29.977771549767084,26.5,7.582531773397158,17.65432138483188,4,167.45918543725,35.4881629143234,64.5118370856766,Summer,1,2
Rajiv Gandhi International Stadium,Hyderabad,India,ODI,2004-11-02,25.15,48.31892463037901,13.0,13.907575859227167,48.0,4,301.32536605911525,57.73276965612181,42.26723034387819,Post-Monsoon,0,0
Narendra Modi Stadium,Ahmedabad,India,Test,2018-09-19,28.45,34.36013215727376,13.3,7.166187277041142,19.380703341776957,4,293.2204251083518,39.200041932132805,60.799958067867195,Summer,0,2
Wankhede Stadium,Mumbai,India,T20,2003-02-14,25.099999999999998,55.17597533830959,15.8,18.77482740230107,18.12344205713338,2,195.1195055649715,44.627045429958706,55.372954570041294,Summer,1,0
Sawai Mansingh Stadium,Jaipur,India,T20,2015-12-04,17.7,38.606436463674015,10.1,14.806835424299377,18.004241660264796,5,142.9257884119956,37.04099490534496,62.95900509465504,Winter,1,2
M. Chinnaswamy Stadium,Bengaluru,India,ODI,2003-03-29,25.35,68.0,9.0,18.430523338069555,17.252972078216086,4,284.8799624763822,50.94114352251613,49.05885647748387,Summer,1,0
Narendra Modi Stadium,Ahmedabad,India,T20,2012-06-18,32.599999999999994,51.30778580897977,20.2,19.892353936119363,22.24694659088823,2,168.8249833833678,52.567850914084104,47.432149085915896,Winter,1,0
Wankhede Stadium,Mumbai,India,ODI,2018-01-10,25.049999999999997,73.91326149891664,17.2,23.13992563394689,68.92335200816419,1,270.88333146053185,58.16450513498605,41.83549486501395,Post-Monsoon,0,1
M. A. Chidambaram Stadium,Chennai,India,Test,2018-06-07,30.4,76.3,22.3,25.4,57.0,5,298.51893371340157,38.90298665123047,61.09701334876953,Winter,0,2
Wankhede Stadium,Mumbai,India,T20,2024-10-30,28.5,82.64688835751724,12.5,19.39198923728488,71.03391446598512,2,181.5607371971789,68.04165177648811,31.95834822351189,Monsoon,1,1
Wankhede Stadium,Mumbai,India,ODI,2003-04-13,29.25,50.428995893262325,23.7,13.76139344020839,20.278659424305232,3,318.0605858676421,52.02190709991255,47.97809290008745,Winter,1,0
Punjab Cricket Association IS Bindra Stadium,Mohali,India,Test,2005-12-11,15.15,96.49267697086235,10.9,19.841028594997685,74.67919124350149,2,327.9094454948884,56.09225800777722,43.90774199222278,Monsoon,0,1
Narendra Modi Stadium,Ahmedabad,India,ODI,2017-04-13,33.5,34.03339796950378,16.3,13.766743823515812,19.944140490785543,6,243.50721941891345,41.569712273739256,58.430287726260744,Summer,0,2
Rajiv Gandhi International Stadium,Hyderabad,India,T20,2023-11-23,24.15,50.309209381669284,17.7,12.669978671815834,20.726452284326616,4,189.75766199557853,44.85180278425872,55.14819721574128,Post-Monsoon,0,0
Arun Jaitley Stadium,Delhi,India,T20,2021-09-14,28.549999999999997,39.61326034107584,17.1,11.915984862046075,16.83108774724364,7,162.27685762013408,41.055552425255335,58.944447574744665,Winter,1,2
Punjab Cricket Association IS Bindra Stadium,Mohali,India,Test,2000-11-06,23.3,84.8216078033895,10.3,21.864684590405417,57.87499599384701,2,308.8116093075927,63.7251714426735,36.2748285573265,Monsoon,1,1
Arun Jaitley Stadium,Delhi,India,T20,2001-02-14,17.799999999999997,41.258111149883746,24.8,7.538975250800718,19.26758440399788,5,169.65609438486348,34.887963873197634,65.11203612680237,Summer,0,2
Wankhede Stadium,Mumbai,India,T20,2015-08-08,27.1,95.11015506746993,15.9,20.38577124777611,56.65940116778538,1,145.35720464518386,69.84393629349329,30.156063706506714,Monsoon,1,1
M. Chinnaswamy Stadium,Bengaluru,India,ODI,2021-06-25,24.799999999999997,53.10316277477,20.8,15.18353904434919,35.5267716088705,3,314.8698462374456,56.89138957917969,43.10861042082031,Post-Monsoon,1,0
Arun Jaitley Stadium,Delhi,India,T20,2010-05-19,35.75,20.55707033009449,22.3,5.5914314107463525,11.982713055459836,7,144.93175891961278,44.54551444301678,55.45448555698322,Winter,0,2
Maharashtra Cricket Association Stadium,Pune,India,ODI,2008-11-20,26.049999999999997,90.98539681652281,7.2,22.31158547583557,87.44138001206647,2,305.2251982711479,59.56530782398231,40.43469217601769,Monsoon,0,1
Punjab Cricket Association IS Bindra Stadium,Mohali,India,T20,2007-04-15,31.45,87.02486087743488,10.9,19.506533507341317,68.90212436201392,2,139.66639300624462,61.30118086467506,38.69881913532494,Post-Monsoon,1,1
Eden Gardens,Kolkata,India,ODI,2004-07-04,27.9,86.85727309330075,20.9,23.231974656602603,77.3626261342119,2,264.9685961664364,67.81943287177029,32.18056712822971,Monsoon,0,1
M. A. Chidambaram Stadium,Chennai,India,T20,2014-05-17,32.1,57.8,22.3,22.1,42.5,1,174.1199249890347,64.1489091214264,35.8510908785736,Monsoon,0,1
Eden Gardens,Kolkata,India,T20,2023-03-30,28.799999999999997,44.77043249846184,15.5,14.777344548004208,17.240277515258626,4,163.91356474163047,26.480074463603074,73.51992553639693,Winter,0,2
Narendra Modi Stadium,Ahmedabad,India,T20,2007-12-25,23.799999999999997,39.128763057297114,11.4,13.17838716834666,20.191071506077456,4,184.41321710048456,37.40464643539094,62.59535356460906,Summer,0,2
Maharashtra Cricket Association Stadium,Pune,India,T20,2002-11-03,24.4,40.136297693102165,14.6,19.795844570817533,11.452597149077183,3,184.51593160077584,50.348954105503026,49.651045894496974,Winter,1,0
Narendra Modi Stadium,Ahmedabad,India,T20,2019-05-12,33.45,47.01883809313938,15.2,8.17840935349635,13.765821546400854,4,156.63693605561056,39.81238383830201,60.18761616169799,Summer,0,2
Narendra Modi Stadium,Ahmedabad,India,T20,2020-03-05,24.15,22.632672592838546,18.3,10.998310708631124,18.317548212780494,6,128.70776704927627,35.19632846202768,64.80367153797232,Summer,0,2
Narendra Modi Stadium,Ahmedabad,India,T20,2015-05-07,32.9,55.194416133210844,12.2,19.783515713864308,11.596172123182672,3,195.87946416256108,45.973053395541086,54.026946604458914,Winter,1,0
M. A. Chidambaram Stadium,Chennai,India,Test,2018-12-29,25.5,83.6,18.4,22.4,50.2,6,306.37529548966097,39.77670859518267,60.22329140481733,Summer,0,2
M. A. Chidambaram Stadium,Chennai,India,ODI,2006-07-06,32.6,50.2,33.5,20.6,40.8,6,258.51315177499197,41.386766309655094,58.613233690344906,Winter,1,2
M. A. Chidambaram Stadium,Chennai,India,T20,2001-06-10,31.7,39.567456515551754,19.9,9.969196716798862,5.489482469424603,7,156.7611280738226,34.376020174143804,65.6239798258562,Summer,1,2
Maharashtra Cricket Association Stadium,Pune,India,T20,2004-01-29,23.05,62.84496362779048,11.1,20.50478250267846,12.212792843783086,2,159.2705062234288,55.82860128888862,44.17139871111138,Winter,0,1
Punjab Cricket Association IS Bindra Stadium,Mohali,India,ODI,2005-08-13,31.299999999999997,83.32993055745635,12.9,24.383992866448253,79.09818623261263,1,246.15553162291877,59.552947815009155,40.447052184990845,Winter,1,1
Eden Gardens,Kolkata,India,T20,2024-08-14,28.849999999999998,73.97341044282112,13.9,17.0,56.318838608654445,2,204.75212663294877,59.38844077873994,40.61155922126006,Monsoon,1,2
M. Chinnaswamy Stadium,Bengaluru,India,T20,2023-08-16,24.950000000000003,59.48312684778468,15.5,13.882637506773367,28.06888220693059,4,180.27080182493168,46.62176500724534,53.37823499275466,Summer,1,0
Eden Gardens,Kolkata,India,ODI,2023-06-30,29.6,53.60111187340015,19.3,13.714755556081652,27.299704037455967,6,279.116382078813,44.8049817096216,55.1950182903784,Winter,0,2
M. A. Chidambaram Stadium,Chennai,India,T20,2019-05-11,33.0,69.9,40.1,26.5,20.5,1,166.6900237050815,64.04889816986339,35.95110183013661,Post-Monsoon,0,1
Eden Gardens,Kolkata,India,ODI,2020-11-29,22.6,31.077257343185327,12.4,12.843320368677425,23.049906624537183,7,264.11592554427057,37.59879423744117,62.40120576255883,Summer,1,2
Eden Gardens,Kolkata,India,T20,2010-07-03,28.3,35.545053499517614,16.3,10.953587711489593,15.046293668249517,6,146.0249783189176,40.71986054610565,59.28013945389435,Summer,0,2
M. A. Chidambaram Stadium,Chennai,India,T20,2008-08-15,28.8,60.6,13.0,20.3,93.9,5,148.60052660731202,36.42230974148001,63.57769025851999,Summer,1,2
Narendra Modi Stadium,Ahmedabad,India,ODI,2004-09-16,27.65,48.46424579281357,10.0,10.0,23.83532343633405,2,291.1487956161401,48.812474604590385,51.187525395409615,Summer,0,0
Narendra Modi Stadium,Ahmedabad,India,ODI,2013-07-30,26.9,54.07065012134302,12.7,18.14009422158288,20.604747021828864,3,287.0727793053536,54.60073273065542,45.39926726934458,Winter,1,0
M. A. Chidambaram Stadium,Chennai,India,ODI,2019-01-03,24.4,74.6,18.6,19.2,35.1,6,255.20743406003822,38.412025545841615,61.587974454158385,Winter,1,2
Punjab Cricket Association IS Bindra Stadium,Mohali,India,ODI,2005-08-04,30.099999999999998,85.53142009382628,9.5,22.647595346273707,67.84961891216454,2,261.71750273254975,61.61616615075773,38.38383384924227,Monsoon,1,1
Sawai Mansingh Stadium,Jaipur,India,T20,2015-08-22,27.75,45.96612665330825,20.0,15.762287984423441,9.503143129943151,6,155.1438236448493,36.634191974792664,63.365808025207336,Winter,0,2
Punjab Cricket Association IS Bindra Stadium,Mohali,India,T20,2015-06-23,31.5,61.625,6.012500000000001,23.903594508412056,63.7160148490946,1,204.8527714923677,57.05084334034172,42.94915665965828,Monsoon,0,1
Narendra Modi Stadium,Ahmedabad,India,T20,2024-06-24,34.9,35.0762432470862,14.8,9.114886675641564,12.17111611792378,4,170.13681966485365,36.1423337011904,63.8576662988096,Winter,0,2
Sawai Mansingh Stadium,Jaipur,India,T20,2007-02-25,19.4,41.479357436159574,11.8,12.834063260774624,27.673723141475683,6,185.0246390651976,39.32630978241223,60.67369021758777,Summer,1,2
Sawai Mansingh Stadium,Jaipur,India,T20,2002-08-14,28.45,37.209095072301714,12.7,11.802620858379662,15.561057096052743,6,154.3174776539675,42.63426597993588,57.36573402006412,Summer,1,2
Wankhede Stadium,Mumbai,India,T20,2019-06-03,30.799999999999997,85.73527841529437,20.2,17.86072767805629,77.63474282972467,1,187.93957014682792,65.4612573848729,34.538742615127106,Post-Monsoon,0,1
M. Chinnaswamy Stadium,Bengaluru,India,T20,2015-04-17,23.65,48.823761695864356,8.6,11.841625400536973,20.023281481495953,2,195.84573514636278,48.43562262379053,51.56437737620947,Summer,1,0
M. A. Chidambaram Stadium,Chennai,India,ODI,2005-05-10,32.4,65.2,25.9,24.7,62.7,2,263.8892677382707,55.85056011912452,44.14943988087548,Monsoon,0,1
Narendra Modi Stadium,Ahmedabad,India,ODI,2001-04-07,30.450000000000003,51.115070985649204,10.5,16.540042823830017,12.751782500162715,4,297.4911398360561,54.825255423070026,45.174744576929974,Summer,0,0
Eden Gardens,Kolkata,India,T20,2001-09-09,28.5,36.42585608945971,12.5,14.107968420157766,22.914143744201976,5,151.963536831475,37.71467542911569,62.28532457088431,Summer,1,2
Eden Gardens,Kolkata,India,ODI,2007-09-13,29.0,72.87324232368981,9.4,23.91450183273424,72.55665403509467,2,253.87858997568557,59.35325470381692,40.64674529618308,Winter,1,1
Narendra Modi Stadium,Ahmedabad,India,T20,2004-11-27,25.1,57.11940075148259,8.5,16.38743076548907,25.31271130699694,3,191.69117152333095,45.73134906379285,54.26865093620715,Winter,1,0
Maharashtra Cricket Association Stadium,Pune,India,T20,2016-12-03,23.0,52.67524691717451,15.9,18.29505538095501,34.70818961988959,2,179.0552809449919,47.90703583712409,52.09296416287591,Winter,0,0
Narendra Modi Stadium,Ahmedabad,India,T20,2015-01-10,20.3,41.17862646610291,10.2,8.571447628608201,25.906275224821268,4,185.058957248793,32.4392822093904,67.5607177906096,Summer,0,2
Eden Gardens,Kolkata,India,T20,2009-09-16,29.450000000000003,84.87183589995885,9.3,23.600940838883627,74.75739812906733,2,158.73027968477572,61.490754272779405,38.509245727220595,Winter,1,1
Rajiv Gandhi International Stadium,Hyderabad,India,T20,2007-12-08,21.65,60.088254167159654,7.8,18.25361182952458,41.77054194106512,4,173.34560935456247,47.892258424815246,52.107741575184754,Post-Monsoon,1,0
Narendra Modi Stadium,Ahmedabad,India,T20,2016-11-19,23.55,58.4339073234946,9.0,23.459009695539613,13.442840187995351,2,197.41286223072117,47.46763332942617,52.53236667057383,Summer,1,0
M. A. Chidambaram Stadium,Chennai,India,ODI,2020-11-30,27.4,84.7,22.3,24.5,67.3,1,270.5940392229384,60.33082382948732,39.66917617051268,Post-Monsoon,0,1
Rajiv Gandhi International Stadium,Hyderabad,India,ODI,2017-07-11,26.35,46.312276048368425,16.8,13.651617731272408,20.881420839684267,3,291.4089362563804,47.977259042742155,52.022740957257845,Winter,0,0
Maharashtra Cricket Association Stadium,Pune,India,ODI,2004-05-13,27.9,84.39915297857611,15.5,21.18865641495501,61.42379605374431,1,235.4612567001577,67.85279260702349,32.14720739297651,Post-Monsoon,0,1
M. Chinnaswamy Stadium,Bengaluru,India,T20,2002-09-14,23.35,40.0,11.4,17.786863585612743,25.92994759678697,4,198.95173210666576,54.80038649185687,45.19961350814313,Winter,1,0
Narendra Modi Stadium,Ahmedabad,India,Test,2021-11-05,26.0,62.94539957840779,15.5,13.39591148716514,21.952459655880812,3,372.9070005471714,52.31246327285995,47.68753672714005,Post-Monsoon,1,0
Rajiv Gandhi International Stadium,Hyderabad,India,ODI,2020-06-15,27.799999999999997,43.067460921531996,24.9,15.2649962553176,29.09327272606196,3,327.8841838475086,58.38433910072531,41.61566089927469,Winter,1,0
Maharashtra Cricket Association Stadium,Pune,India,ODI,2014-11-18,25.0,40.0,11.3,17.3052616295791,10.730149251947621,4,305.74324429055315,41.82955662242493,58.17044337757507,Summer,1,2
Punjab Cricket Association IS Bindra Stadium,Mohali,India,ODI,2020-08-15,29.2,75.27888348819353,14.6,22.99185419548467,82.48979265555752,1,275.34402112866417,56.400050739157116,43.599949260842884,Monsoon,0,1
Eden Gardens,Kolkata,India,ODI,2013-02-15,22.7,39.9411541705909,10.2,10.87195071131757,21.303131161779206,5,263.54558888458695,43.6307220134318,56.3692779865682,Summer,0,2
Maharashtra Cricket Association Stadium,Pune,India,T20,2024-10-06,25.55,78.91183145562673,17.5,20.342583019030293,79.56257949050053,2,155.12078310507837,66.8501215103347,33.1498784896653,Winter,1,1
Punjab Cricket Association IS Bindra Stadium,Mohali,India,T20,2020-09-26,29.950000000000003,84.09221198811183,17.8,21.58990397655169,77.63532210697414,2,132.22680902530757,59.268551798364214,40.731448201635786,Post-Monsoon,0,1
M. A. Chidambaram Stadium,Chennai,India,Test,2009-10-28,26.3,89.5,0.0,24.4,91.0,7,317.0943035828436,39.99330076622756,60.00669923377244,Winter,0,1
Punjab Cricket Association IS Bindra Stadium,Mohali,India,ODI,2012-10-23,24.05,76.23575710314654,12.3,20.613743596846405,60.69898000265529,1,265.1148518259019,57.157206829489496,42.842793170510504,Monsoon,0,1
M. A. Chidambaram Stadium,Chennai,India,T20,2001-02-07,25.05,37.644510658365164,13.1,12.232947730702627,24.260470605721274,5,168.9307135111152,37.380245229036646,62.619754770963354,Winter,1,2
M. Chinnaswamy Stadium,Bengaluru,India,ODI,2000-02-05,24.25,45.75687302102388,10.5,18.299545492355346,19.294244197492578,4,285.65526964896526,55.45149608236373,44.54850391763627,Post-Monsoon,1,0
Eden Gardens,Kolkata,India,Test,2023-04-30,29.3,81.34464201622743,15.9,23.0043593751445,75.63308879668656,2,308.3662850175082,62.50706104068059,37.49293895931941,Monsoon,1,1
Maharashtra Cricket Association Stadium,Pune,India,ODI,2022-07-07,24.4,65.17886891118727,26.9,13.456188632984254,14.69096096801069,3,304.5668562594129,42.921967427190175,57.078032572809825,Post-Monsoon,0,0
Rajiv Gandhi International Stadium,Hyderabad,India,T20,2019-02-24,28.35,55.506917534945146,10.4,19.115134436059506,23.29476087701732,2,207.23678843378082,49.15556029859261,50.84443970140739,Post-Monsoon,1,0
Maharashtra Cricket Association Stadium,Pune,India,ODI,2009-03-25,27.849999999999998,90.39416393113972,15.1,24.643451312328594,72.75203064950419,1,251.1527875343884,54.06354187802775,45.93645812197225,Monsoon,1,1
Wankhede Stadium,Mumbai,India,ODI,2018-06-11,29.05,83.53241866762852,29.5,23.604278055958012,76.16901239083839,1,243.37245473865528,62.28431021453562,37.71568978546438,Post-Monsoon,1,1
Wankhede Stadium,Mumbai,India,ODI,2008-03-25,27.4,78.50595562959884,17.3,19.59803976161828,65.76324450607402,1,272.87472458803677,67.50996342370561,32.490036576294386,Winter,1,1
Sawai Mansingh Stadium,Jaipur,India,T20,2007-06-30,31.25,24.18799659518116,25.3,14.077060052700396,0.0,4,156.3431898303843,44.12277321066452,55.87722678933548,Summer,0,2
M. A. Chidambaram Stadium,Chennai,India,T20,2016-02-24,28.0,66.5,18.4,20.8,22.5,6,158.43664919865003,48.0,52.0,Summer,1,2
Narendra Modi Stadium,Ahmedabad,India,T20,2017-07-17,27.5,61.643560687874455,17.3,16.996622301810103,26.562992719362168,3,204.58809239315406,56.93643133573412,43.06356866426588,Winter,1,0
Rajiv Gandhi International Stadium,Hyderabad,India,ODI,2011-01-28,22.7,45.719366358064946,13.8,19.55110184943627,34.19711152436361,3,308.7444782686099,47.756257079954395,52.243742920045605,Summer,1,0
Arun Jaitley Stadium,Delhi,India,ODI,2016-04-17,34.666666666666664,23.866666666666667,9.386666666666663,8.043031493099958,23.364914484051365,7,279.2541662368597,39.91747411899845,60.08252588100155,Summer,1,2
Wankhede Stadium,Mumbai,India,T20,2021-06-08,27.3,82.8201048132658,14.5,26.874131799297395,66.90051186621932,2,157.84633892923623,59.40536549335233,40.59463450664767,Monsoon,0,1
M. A. Chidambaram Stadium,Chennai,India,ODI,2014-02-24,25.3,78.0,22.3,21.1,57.5,2,253.84862841363224,60.002849933401805,39.997150066598195,Monsoon,1,1
Maharashtra Cricket Association Stadium,Pune,India,ODI,2013-11-16,22.35,54.287687362638046,18.1,14.556931926935263,5.034574603649077,4,295.75278945513645,53.46702943113319,46.53297056886681,Winter,1,0
Eden Gardens,Kolkata,India,T20,2006-02-24,27.400000000000002,77.4176729728457,11.2,26.978168014160325,69.67736241961136,2,184.33319848454178,63.36777698470117,36.63222301529883,Monsoon,0,1
Sawai Mansingh Stadium,Jaipur,India,T20,2018-08-25,27.2,33.59346466132965,24.6,4.0,9.978095902811305,5,141.4102257599117,37.04558963254181,62.95441036745819,Summer,1,2
Arun Jaitley Stadium,Delhi,India,Test,2001-08-09,28.75,46.30855037929915,8.4,10.436875815824607,24.529832653391644,4,286.41286301298135,36.163288286519474,63.836711713480526,Summer,0,2
Punjab Cricket Association IS Bindra Stadium,Mohali,India,T20,2018-11-15,21.65,83.1113759856185,14.6,22.126577236200724,57.04855952423293,1,171.75767299821993,55.80468029200552,44.19531970799448,Monsoon,0,1
Rajiv Gandhi International Stadium,Hyderabad,India,T20,2022-09-02,26.450000000000003,47.13441745535281,14.5,19.324513264377266,30.684701636794856,2,176.67915913092318,53.80750111086971,46.19249888913029,Summer,1,0
Eden Gardens,Kolkata,India,T20,2002-04-29,31.650000000000002,86.8344048367955,27.1,21.93164661326298,68.97582180154379,2,122.0540072158051,64.16364051472279,35.836359485277214,Winter,1,1
Wankhede Stadium,Mumbai,India,ODI,2017-09-30,28.549999999999997,56.59706129994469,17.6,15.29505729684473,18.902241186793564,3,302.49324591807203,55.18939114451288,44.81060885548712,Summer,1,0
Narendra Modi Stadium,Ahmedabad,India,Test,2022-03-26,32.4,41.086547742975824,10.5,11.438287357197195,7.253388504301883,4,304.088987614702,36.42524054480002,63.57475945519998,Winter,0,2
M. A. Chidambaram Stadium,Chennai,India,T20,2015-11-27,26.3,79.9,18.4,22.3,55.4,2,172.21403574666826,56.550891818906756,43.449108181093244,Post-Monsoon,1,1
Maharashtra Cricket Association Stadium,Pune,India,ODI,2005-06-16,28.3,55.5166085433798,11.9,14.57479864253007,8.807086180705785,2,316.0051409242905,50.32294113869323,49.67705886130677,Winter,1,0
M. Chinnaswamy Stadium,Bengaluru,India,ODI,2010-02-16,24.05,50.922979068583714,14.0,19.258166610461355,27.646190067284927,3,301.1290776467994,56.38191779537296,43.61808220462704,Post-Monsoon,1,0
Maharashtra Cricket Association Stadium,Pune,India,ODI,2008-02-19,25.65,77.30123142965637,12.7,19.808822371075866,90.4656925630141,2,253.57516407289833,53.79779151868921,46.20220848131079,Post-Monsoon,1,1
Eden Gardens,Kolkata,India,T20,2010-03-28,31.15,33.72150929425154,22.4,6.8541529059091015,13.74498004845794,4,164.15318023519328,46.245299853390264,53.754700146609736,Summer,0,2
M. A. Chidambaram Stadium,Chennai,India,ODI,2016-11-18,27.1,72.4,20.3,21.4,40.4,2,236.4749856721674,67.48129206468404,32.51870793531596,Monsoon,0,1
Punjab Cricket Association IS Bindra Stadium,Mohali,India,T20,2016-04-05,32.3125,29.3125,9.26875,21.225326681366433,61.24651376383172,1,176.50943804305112,53.74343879589451,46.25656120410549,Monsoon,1,1
M. A. Chidambaram Stadium,Chennai,India,ODI,2015-11-18,25.5,89.7,13.0,23.7,88.0,5,240.68898410618687,32.39523133304468,67.60476866695532,Summer,1,1
M. A. Chidambaram Stadium,Chennai,India,ODI,2005-04-11,28.9,80.3,18.4,25.1,55.5,2,239.52265765018635,53.0,47.0,Winter,1,1
Maharashtra Cricket Association Stadium,Pune,India,T20,2007-05-21,27.9,91.90375976742,16.7,23.32437902949246,79.33615369626983,1,163.9817567138621,56.78731009239858,43.21268990760142,Monsoon,1,1
Punjab Cricket Association IS Bindra Stadium,Mohali,India,ODI,2011-04-18,26.35,72.38586839835301,14.8,22.351207857092344,72.65612277217188,1,258.55819399760423,59.664952304540826,40.335047695459174,Monsoon,1,1
Wankhede Stadium,Mumbai,India,ODI,2016-01-04,24.95,82.403335527907,12.0,23.696601306770464,86.23069325290714,1,291.9402849317647,66.66595489420945,33.33404510579055,Post-Monsoon,1,1
Eden Gardens,Kolkata,India,T20,2006-05-14,27.5,38.05892750280298,16.4,12.07400730258238,19.17031636886814,7,156.6498461161457,40.34288734529343,59.65711265470657,Summer,0,2
Maharashtra Cricket Association Stadium,Pune,India,T20,2003-12-01,25.1,50.239209578840274,11.6,17.766716420358048,20.044851768835535,4,178.17712144310522,46.88809389575105,53.11190610424895,Summer,0,0
Punjab Cricket Association IS Bindra Stadium,Mohali,India,T20,2009-01-12,14.149999999999999,76.18878759704815,11.2,23.284902697093116,83.25267746187652,1,169.6231037867012,58.94576534950393,41.05423465049607,Monsoon,1,1
Eden Gardens,Kolkata,India,T20,2023-02-13,22.3,73.86371674759228,14.5,22.10534375734187,79.94717032306644,2,136.58413361129595,58.85133832526264,41.14866167473736,Monsoon,1,1
Wankhede Stadium,Mumbai,India,T20,2009-10-17,28.3,52.74061751771795,11.3,17.408643619603446,23.95203734880533,3,158.79933968988206,46.11146936584514,53.88853063415486,Winter,1,0
Punjab Cricket Association IS Bindra Stadium,Mohali,India,T20,2020-11-21,16.85,86.4751869987006,21.9,25.29446336223933,66.85287977416782,2,168.81069308579563,57.046350427583945,42.953649572416055,Monsoon,0,1
M. Chinnaswamy Stadium,Bengaluru,India,T20,2011-11-29,21.75,52.90614066830001,12.1,16.86919779473977,28.815336312364906,2,202.1353214526321,43.97392941520632,56.02607058479368,Summer,1,0
Wankhede Stadium,Mumbai,India,T20,2012-07-01,27.05,97.61184446895062,14.8,24.160623934178957,67.3812073286308,2,151.60195107458767,60.00689203995837,39.99310796004163,Monsoon,0,1
M. A. Chidambaram Stadium,Chennai,India,T20,2001-12-14,24.1,34.24130793201019,19.6,8.658699636066647,22.078565662208945,7,175.85458555265177,48.0,52.0,Summer,0,2
Narendra Modi Stadium,Ahmedabad,India,ODI,2011-11-20,25.15,38.97905858883853,8.6,8.579103715932138,13.142663310847912,6,265.1942748547041,37.726894882162554,62.273105117837446,Summer,1,2
Narendra Modi Stadium,Ahmedabad,India,ODI,2013-11-15,23.9,40.0,18.2,17.782659551950076,29.861434682774735,2,290.6040764919383,53.04786197421569,46.95213802578431,Winter,1,2
Sawai Mansingh Stadium,Jaipur,India,T20,2012-08-17,26.75,40.3679519174968,13.8,5.729834652564252,20.623963869712878,5,134.99207892625793,31.36324892917908,68.63675107082092,Summer,0,2
Narendra Modi Stadium,Ahmedabad,India,ODI,2000-04-16,31.4,60.32448448519471,13.7,17.632561646419337,48.0,2,275.0843961294357,50.93365204850314,49.06634795149686,Winter,0,0
Maharashtra Cricket Association Stadium,Pune,India,T20,2009-02-24,26.700000000000003,89.16486335523756,13.4,21.311697754338375,84.32428709678776,1,162.90639954608946,72.4299624233585,27.570037576641496,Monsoon,1,1
Eden Gardens,Kolkata,India,Test,2019-09-03,28.950000000000003,85.2231648758898,16.3,22.281736544149723,91.03467608625556,2,289.21574805691125,66.40209234044491,33.59790765955509,Post-Monsoon,1,1
Maharashtra Cricket Association Stadium,Pune,India,T20,2004-08-15,23.049999999999997,83.15302548797082,20.8,22.28540072610842,73.5626443153821,1,147.24696312252513,66.37018543993807,33.62981456006193,Monsoon,1,1
Punjab Cricket Association IS Bindra Stadium,Mohali,India,ODI,2016-04-06,31.375,33.125,3.475,26.02587608123236,65.06123500935288,1,305.0753241815162,54.585471991072666,45.414528008927334,Monsoon,1,1
M. A. Chidambaram Stadium,Chennai,India,Test,2020-09-02,29.3,75.2,18.4,24.3,64.8,1,267.3774180604984,64.03965820089152,35.96034179910848,Monsoon,1,1
Rajiv Gandhi International Stadium,Hyderabad,India,ODI,2019-03-16,28.95,50.317028769076146,18.1,13.312710723416764,31.365220467082366,2,262.5666974752298,47.900750705421274,52.099249294578726,Post-Monsoon,1,0
Arun Jaitley Stadium,Delhi,India,ODI,2014-04-24,29.375,35.875,7.875,16.81169348728855,26.847946959258387,4,251.89382645474512,38.26145773774522,61.73854226225478,Summer,1,2
M. A. Chidambaram Stadium,Chennai,India,T20,2013-08-04,29.8,67.7,24.1,22.8,51.2,2,151.72251488662792,64.7456158596829,35.2543841403171,Post-Monsoon,0,1
Punjab Cricket Association IS Bindra Stadium,Mohali,India,T20,2019-12-24,10.5,91.30938140253807,9.6,25.373434575495057,73.18719755533048,1,195.27655907821642,70.76032935023555,29.23967064976445,Winter,1,1
Maharashtra Cricket Association Stadium,Pune,India,Test,2014-07-28,22.75,87.6485847628592,16.2,20.186586520577304,61.31903558341561,2,297.8599903710322,62.71593563447888,37.28406436552112,Post-Monsoon,1,1
Eden Gardens,Kolkata,India,T20,2016-04-28,33.35,68.0,16.7,25.643103431281457,66.17397233103769,1,132.64491972397389,53.0,47.0,Monsoon,1,1
Arun Jaitley Stadium,Delhi,India,T20,2014-08-11,31.125,72.125,3.0125,11.346648569493395,19.518691154819816,6,147.11274957900164,42.18897749185933,57.81102250814067,Winter,1,2
Rajiv Gandhi International Stadium,Hyderabad,India,T20,2021-10-22,25.5,58.83368277785476,9.6,13.412416639896058,32.73119973092248,3,193.86556428374774,50.046522486926996,49.953477513073004,Post-Monsoon,1,0
Wankhede Stadium,Mumbai,India,ODI,2000-03-17,23.35,52.96029710820841,17.3,19.68404302613292,20.40900800760911,2,305.03885208360754,48.62900023925283,51.37099976074717,Winter,0,0
Punjab Cricket Association IS Bindra Stadium,Mohali,India,T20,2010-01-29,19.4,76.35776618538578,9.8,20.642935704293734,87.62658286427303,2,152.20526557106533,65.01042937109324,34.98957062890676,Post-Monsoon,1,1
Wankhede Stadium,Mumbai,India,Test,2015-04-01,27.35,82.49156353078186,17.7,22.9397743695059,68.51739379755237,1,297.56758107505675,53.72598583200877,46.27401416799123,Winter,0,1
M. A. Chidambaram Stadium,Chennai,India,Test,2002-02-23,25.0,34.87383246293343,12.0,10.691858159975304,18.252592978251062,4,297.8463484174398,27.325036269500842,72.67496373049916,Summer,0,2
Arun Jaitley Stadium,Delhi,India,ODI,2014-09-08,31.25,66.375,3.475,11.436890943031655,21.14583821587862,7,270.8581553033492,44.30991177656688,55.69008822343312,Summer,1,2
M. A. Chidambaram Stadium,Chennai,India,T20,2022-12-01,27.9,84.3,22.3,24.9,67.4,6,156.1598566832792,25.0,75.0,Summer,0,2
Narendra Modi Stadium,Ahmedabad,India,T20,2001-11-16,25.3,55.0,12.2,7.221586386871824,10.342777377534802,4,171.43670766555886,40.51644207519278,59.48355792480722,Summer,0,2
Maharashtra Cricket Association Stadium,Pune,India,T20,2017-07-25,24.450000000000003,53.19474544547352,31.5,19.340463579838524,35.47634877105146,4,179.80329678064044,55.356228801239666,44.643771198760334,Summer,1,0
Arun Jaitley Stadium,Delhi,India,ODI,2013-01-02,7.4,92.0,2.98,7.900156317989743,18.411093363489492,4,232.46414065963455,38.159566457095636,61.840433542904364,Winter,1,2
Narendra Modi Stadium,Ahmedabad,India,ODI,2016-06-22,32.5,50.16790310522753,14.8,19.138052742471125,15.135751560391423,4,322.26304082630435,43.983707056344485,56.016292943655515,Winter,1,0
M. Chinnaswamy Stadium,Bengaluru,India,T20,2002-09-30,23.85,53.43218612394089,8.4,17.53074494392671,30.292413209472997,3,178.83757296930764,46.159134527457034,53.840865472542966,Winter,1,0
Narendra Modi Stadium,Ahmedabad,India,ODI,2009-08-28,25.75,35.409666365707196,11.2,10.947311520567663,10.780615241659898,5,256.7761834547232,41.71170469331941,58.28829530668059,Summer,1,2
Eden Gardens,Kolkata,India,ODI,2002-04-15,29.85,40.01811411202746,22.7,12.808808063773773,13.04690434019513,4,249.4115002256814,44.531557464752524,55.468442535247476,Winter,1,2
Narendra Modi Stadium,Ahmedabad,India,T20,2007-12-13,19.55,58.32412828036526,14.0,12.409901812317095,10.549721429233394,3,192.30633370006285,56.88651327945114,43.11348672054886,Summer,0,0
M. A. Chidambaram Stadium,Chennai,India,Test,2010-07-14,30.8,69.7,18.4,24.1,60.8,5,283.327385735832,32.633878271802644,67.36612172819736,Winter,1,2
Rajiv Gandhi International Stadium,Hyderabad,India,T20,2006-02-06,24.0,46.22325802877306,10.8,17.332268323371,21.41665215472409,3,184.9154196088803,49.79742651248701,50.20257348751299,Post-Monsoon,0,0
M. A. Chidambaram Stadium,Chennai,India,Test,2020-06-22,30.9,68.0,25.9,23.8,65.6,2,337.3107732770267,64.59128062737042,35.40871937262958,Monsoon,1,1
M. Chinnaswamy Stadium,Bengaluru,India,T20,2015-11-09,19.45,51.63694067606554,25.5,18.786629922254754,18.866467385601297,3,181.01189379917724,54.005531974373966,45.994468025626034,Winter,0,0
Maharashtra Cricket Association Stadium,Pune,India,ODI,2006-03-19,27.3,86.92255377599625,11.8,22.346153721560643,73.75205856404473,1,258.0886295331365,63.92020204627663,36.07979795372337,Monsoon,1,1
Maharashtra Cricket Association Stadium,Pune,India,ODI,2013-03-28,27.5,56.639724588249834,14.5,21.07294739872825,26.671606504868464,3,313.0411478664908,47.82429464668026,52.17570535331974,Summer,1,0
Rajiv Gandhi International Stadium,Hyderabad,India,T20,2019-04-24,30.8,41.45679799702642,13.7,19.570126042994808,32.606205432518564,2,175.52421948201555,46.18749458516841,53.81250541483159,Post-Monsoon,1,0
Maharashtra Cricket Association Stadium,Pune,India,T20,2014-03-24,28.55,62.989734894734,16.2,10.563444584413833,21.727120886194438,4,154.26211975074045,48.90418848750171,51.09581151249829,Post-Monsoon,1,0
M. A. Chidambaram Stadium,Chennai,India,T20,2019-12-07,25.4,92.3,16.7,24.0,72.2,2,158.41671141640563,57.152325100796496,42.847674899203504,Winter,0,1
Rajiv Gandhi International Stadium,Hyderabad,India,T20,2003-08-28,24.15,60.68214463703947,22.2,13.282931656075139,22.023705799368994,4,191.6717880026602,53.547495617291126,46.452504382708874,Winter,1,0
Arun Jaitley Stadium,Delhi,India,Test,2022-04-01,28.849999999999998,40.21361614083908,20.8,9.577745654159095,19.018016242377723,4,263.9841560235021,36.21756642539181,63.78243357460819,Winter,1,2
M. A. Chidambaram Stadium,Chennai,India,ODI,2018-05-08,33.0,67.0,25.9,25.8,50.8,2,231.87258946261846,60.36657173420641,39.63342826579359,Post-Monsoon,1,1
Sawai Mansingh Stadium,Jaipur,India,ODI,2000-04-14,31.75,39.554017225230176,18.2,11.254349859202431,28.218076457696377,4,247.9622552544209,41.750683869873164,58.249316130126836,Summer,0,2
Rajiv Gandhi International Stadium,Hyderabad,India,Test,2022-05-04,31.5,40.59180732743286,19.6,24.0,35.09523719859544,3,359.1470977935762,50.160187551559474,49.839812448440526,Summer,1,0
Eden Gardens,Kolkata,India,Test,2017-02-22,27.75,77.225453110321,22.2,23.146590755267543,82.44416638875738,2,287.2486472338343,64.94139340410644,35.058606595893565,Monsoon,1,1
Narendra Modi Stadium,Ahmedabad,India,ODI,2001-01-25,19.6,49.512600667889764,14.0,13.886493629438736,29.568832879545106,6,273.1366785938258,40.18353597809498,59.81646402190502,Summer,0,2
Narendra Modi Stadium,Ahmedabad,India,Test,2013-05-31,33.55,33.4284062464261,17.2,16.64652464061215,16.642241628636974,5,296.1356993193525,41.16134664962117,58.83865335037883,Summer,1,2
Maharashtra Cricket Association Stadium,Pune,India,T20,2010-06-20,25.5,66.87527734229089,12.0,16.628292877872983,25.45403122852158,3,175.32500917763954,49.746392234367,50.253607765633,Winter,0,0
Eden Gardens,Kolkata,India,T20,2021-08-14,29.85,79.55881291267177,13.3,26.274209466666733,73.42533702291462,2,167.43014493857493,66.1471478803194,33.852852119680605,Post-Monsoon,1,1
Maharashtra Cricket Association Stadium,Pune,India,ODI,2001-01-22,23.45,59.666053902747166,14.6,13.735379250341573,36.31518646429334,4,302.7273727355635,52.42068988547139,47.57931011452861,Winter,1,0
Narendra Modi Stadium,Ahmedabad,India,ODI,2010-11-28,23.1,60.52450976529985,10.1,17.559471632969494,12.793036786032719,3,300.2959247867732,53.259548163021904,46.740451836978096,Post-Monsoon,1,0
Sawai Mansingh Stadium,Jaipur,India,T20,2007-04-11,30.9,37.094652722168824,17.9,11.379790130833081,13.33055714555055,7,167.09436734163063,42.64213065557763,57.35786934442237,Summer,0,2
Narendra Modi Stadium,Ahmedabad,India,Test,2009-01-02,21.75,52.07107265209403,14.0,10.734704370673166,7.973422167826969,7,272.6660871409696,40.86175236126789,59.13824763873211,Winter,0,2
Narendra Modi Stadium,Ahmedabad,India,T20,2015-03-16,22.7,36.57633955403451,10.2,10.31773810773303,14.026202377650357,4,138.92217223248673,40.724089563276,59.275910436724,Winter,0,2
Narendra Modi Stadium,Ahmedabad,India,T20,2003-02-27,27.4,27.794509413296623,10.9,8.241643141995166,21.977285952430112,5,168.35728031101652,39.287871319647174,60.712128680352826,Winter,1,2
Punjab Cricket Association IS Bindra Stadium,Mohali,India,Test,2004-07-09,33.2,81.20930906227045,24.5,27.491948809478565,62.21768587877029,2,286.38202844455384,53.67710244974917,46.32289755025083,Monsoon,1,1
Wankhede Stadium,Mumbai,India,ODI,2015-12-30,25.75,80.98929577070253,12.0,22.460183026151505,68.24673374642248,1,254.78690483644954,55.804773977854744,44.195226022145256,Monsoon,0,1
Narendra Modi Stadium,Ahmedabad,India,T20,2018-07-23,27.3,58.82940385724486,17.7,20.201645825504485,34.9268483577053,3,215.46922584565294,43.02404078029444,56.97595921970556,Post-Monsoon,1,0
Maharashtra Cricket Association Stadium,Pune,India,T20,2005-09-11,23.450000000000003,92.62340565422188,23.6,21.020729903006426,55.0,2,150.5936162855041,58.31768427940632,41.68231572059368,Winter,1,1
M. A. Chidambaram Stadium,Chennai,India,T20,2003-08-02,28.65,46.81973211494446,13.8,13.387163242641648,25.138986996091617,6,174.97136555754093,38.42516356424105,61.57483643575895,Summer,0,2
Arun Jaitley Stadium,Delhi,India,ODI,2006-01-02,18.65,42.24555150419786,19.8,9.973541327803858,6.744686675185104,7,258.8474503798985,41.30780950533201,58.69219049466799,Summer,0,2
Sawai Mansingh Stadium,Jaipur,India,ODI,2018-05-07,32.400000000000006,29.484218030990622,18.3,13.18948636704659,32.47131633666217,6,233.60873267060225,32.873355282648475,67.12664471735152,Summer,1,2
Arun Jaitley Stadium,Delhi,India,ODI,2008-03-13,22.7,41.75095682033508,11.9,4.0,14.122383744387662,6,259.6903680062331,48.0,52.0,Summer,1,2
Sawai Mansingh Stadium,Jaipur,India,T20,2007-09-18,28.65,41.92294879521506,8.4,7.835472997044281,13.583789854724623,6,149.53530143358137,39.21033325582652,60.78966674417348,Winter,1,2
Punjab Cricket Association IS Bindra Stadium,Mohali,India,T20,2012-10-18,24.55,82.81895196403435,9.2,23.44665495674197,86.68046528616063,1,140.15490538609365,60.70088659385843,39.29911340614157,Monsoon,1,1
Wankhede Stadium,Mumbai,India,ODI,2001-08-29,26.0,84.84750551763713,19.7,21.93020425522642,72.39760959276299,2,266.19802582785195,61.41277019310159,38.58722980689841,Monsoon,1,1
Maharashtra Cricket Association Stadium,Pune,India,T20,2016-04-26,29.5,76.42970457681197,13.8,22.82883466607459,72.67926825094769,2,176.27439395971655,61.28582470134035,38.71417529865965,Post-Monsoon,1,1
Eden Gardens,Kolkata,India,T20,2013-05-13,31.0,77.79414947147454,19.5,22.873310106084357,60.60535776851187,2,172.29848867813715,63.89669135210444,36.10330864789556,Monsoon,1,1
Narendra Modi Stadium,Ahmedabad,India,T20,2023-04-20,32.3,52.612103217608905,18.6,17.68272452246172,28.75923358849297,4,193.32433789758818,54.896939843433316,45.103060156566684,Summer,1,0
Maharashtra Cricket Association Stadium,Pune,India,ODI,2004-10-08,23.9,50.4672536593514,10.1,15.778674177834922,17.048362303348004,4,315.35099905628266,55.05910588117788,44.94089411882212,Summer,1,0
Wankhede Stadium,Mumbai,India,T20,2018-03-11,28.049999999999997,65.73673714513451,22.7,15.29609462804579,30.24638120164986,4,192.52995631874418,44.96042337622621,55.03957662377379,Winter,1,0
Wankhede Stadium,Mumbai,India,T20,2023-12-17,26.5,52.14570010283106,17.7,16.776651507820407,11.778317822770143,3,207.98740957188522,58.55287954496127,41.44712045503873,Summer,1,0
Maharashtra Cricket Association Stadium,Pune,India,T20,2002-09-04,23.25,75.03196169852373,13.5,24.303590124410423,55.0,2,157.25513352346894,53.0,47.0,Winter,1,1
M. Chinnaswamy Stadium,Bengaluru,India,ODI,2018-04-27,27.799999999999997,51.370456749907355,19.1,22.590552351046856,29.70730537746453,4,301.57501514393357,52.10361187806462,47.89638812193538,Post-Monsoon,1,0
M. A. Chidambaram Stadium,Chennai,India,T20,2019-03-20,29.5,71.4,24.1,23.5,35.1,6,151.30692103479106,39.64502642287526,60.35497357712474,Summer,1,2
Arun Jaitley Stadium,Delhi,India,ODI,2007-09-13,28.6,31.830697903200438,9.7,7.627578445506918,18.044249109034165,5,263.641102975437,44.121496041088015,55.878503958911985,Summer,1,2
Punjab Cricket Association IS Bindra Stadium,Mohali,India,T20,2016-03-11,25.066666666666663,67.8,6.546666666666667,19.867649707239917,93.73486336893376,2,169.41310693030658,60.637382041061294,39.362617958938706,Winter,0,1
Punjab Cricket Association IS Bindra Stadium,Mohali,India,ODI,2021-09-26,27.549999999999997,84.56329240275032,15.5,18.528361539814707,89.94255603408762,2,244.7963223214489,56.99718533627581,43.00281466372419,Winter,1,1
M. A. Chidambaram Stadium,Chennai,India,T20,2012-07-03,31.8,50.8,24.1,20.0,68.3,1,157.23485245991512,64.88966582055221,35.11033417944779,Monsoon,1,1
Wankhede Stadium,Mumbai,India,T20,2021-10-03,27.85,57.559537136525584,17.8,20.197031363496734,31.550668617746183,3,185.8309152148655,55.35126986921055,44.64873013078945,Winter,1,0
M. A. Chidambaram Stadium,Chennai,India,Test,2010-04-21,32.0,71.8,25.9,26.0,48.7,1,291.3519637315552,55.81306999673898,44.18693000326102,Winter,0,1
Eden Gardens,Kolkata,India,T20,2007-03-30,29.6,25.75427794194635,14.2,13.206749277285121,20.995091613650104,6,136.93596352863875,36.840092581193026,63.159907418806974,Winter,1,2
Wankhede Stadium,Mumbai,India,ODI,2020-01-05,24.15,65.03655876410981,16.8,21.51427011701879,17.123653304596846,4,298.9409731247844,59.61694984178029,40.38305015821971,Summer,1,0
Eden Gardens,Kolkata,India,ODI,2011-12-15,19.1,41.12682416974847,10.2,14.701371223440704,21.703592077949757,5,287.00721598118514,42.62653501814208,57.37346498185792,Summer,0,2
M. Chinnaswamy Stadium,Bengaluru,India,ODI,2010-01-16,20.35,53.60231380241082,16.6,14.323401455318013,30.023946175506584,2,302.7468177053281,60.0,40.0,Winter,1,0
Eden Gardens,Kolkata,India,ODI,2011-02-04,21.2,27.738922797915826,10.7,11.724933565030254,13.088185588856824,6,251.39021367645387,32.744105754894676,67.25589424510532,Summer,1,2
Maharashtra Cricket Association Stadium,Pune,India,ODI,2004-05-18,26.05,40.0,13.7,15.9339640170039,39.92494464014205,4,277.9825974652312,49.452113998583265,50.547886001416735,Winter,0,0
Maharashtra Cricket Association Stadium,Pune,India,ODI,2015-12-27,20.4,46.90403882654493,13.6,15.568973574486723,37.772441773530154,3,306.98415881488677,46.69450433907778,53.30549566092222,Post-Monsoon,1,0
Maharashtra Cricket Association Stadium,Pune,India,T20,2023-04-25,30.0,68.0,27.7,15.301541431502484,22.96539388957096,3,190.18848719411255,49.956396623934836,50.043603376065164,Summer,1,0
M. A. Chidambaram Stadium,Chennai,India,Test,2012-05-31,34.3,49.1,27.7,21.6,49.2,4,307.6822466272278,38.7117978953942,61.2882021046058,Winter,1,2
Maharashtra Cricket Association Stadium,Pune,India,T20,2012-05-06,27.45,56.48354182776186,15.6,16.55305961150193,35.84047049930345,3,171.80563568931393,46.42361960650939,53.57638039349061,Summer,0,0
M. A. Chidambaram Stadium,Chennai,India,T20,2022-02-21,28.1,79.6,19.3,24.0,20.8,2,137.2449321617638,59.49938006601879,40.50061993398121,Monsoon,1,1
M. Chinnaswamy Stadium,Bengaluru,India,T20,2022-08-17,23.3,59.11522264308793,11.9,14.638691004216112,34.12640659605978,4,205.19994906456645,60.0,40.0,Summer,1,0
Eden Gardens,Kolkata,India,T20,2017-05-09,29.85,88.12492996868136,21.9,26.04508337956301,62.143526625767095,2,161.20069113079472,67.40464767639529,32.595352323604715,Post-Monsoon,0,1
Wankhede Stadium,Mumbai,India,ODI,2010-09-26,28.25,73.74887549735038,13.5,23.859768906225316,81.97669113598025,2,271.72873405774925,65.27058667267609,34.72941332732391,Monsoon,1,1
M. A. Chidambaram Stadium,Chennai,India,ODI,2000-08-25,28.25,27.399522937397172,23.9,7.950468134279919,17.991894139707075,7,270.02035854533324,41.718643357689274,58.281356642310726,Summer,0,2
Narendra Modi Stadium,Ahmedabad,India,T20,2001-10-03,30.400000000000002,45.6761789251416,11.6,18.811815292041846,5.0,3,190.36441889623245,42.97699846389388,57.02300153610612,Summer,1,0
Sawai Mansingh Stadium,Jaipur,India,ODI,2003-08-07,28.2,30.84218384835339,6.9,9.816184631421232,17.95902506623943,5,279.11222791970573,38.31212725600533,61.68787274399467,Summer,1,2
Wankhede Stadium,Mumbai,India,T20,2022-09-12,26.85,51.17204951949375,17.7,20.22935651266646,14.190297700689786,3,211.1703033417565,45.34592902627405,54.65407097372595,Summer,1,0
Rajiv Gandhi International Stadium,Hyderabad,India,T20,2005-07-21,25.950000000000003,46.64810904576306,22.1,16.04389019480758,33.216401840551626,2,198.98182736721003,50.64103168045629,49.35896831954371,Post-Monsoon,1,0
Eden Gardens,Kolkata,India,Test,2006-11-16,24.6,47.19501472766254,9.8,6.784506917969119,25.729037448032848,5,285.28810857280723,38.2899827128949,61.7100172871051,Summer,0,2
Eden Gardens,Kolkata,India,T20,2015-12-22,19.75,45.49575196471361,7.3,12.568985984741985,9.20860347527566,6,162.08001660324783,42.70657177717824,57.29342822282176,Summer,0,2
M. A. Chidambaram Stadium,Chennai,India,T20,2005-02-19,26.7,74.6,22.3,21.4,50.9,2,156.48785342149367,63.1214746228118,36.8785253771882,Winter,0,1
Narendra Modi Stadium,Ahmedabad,India,T20,2023-08-18,28.799999999999997,48.614196803638336,15.5,10.234953042020416,28.98604113312379,5,155.5113521734838,41.332946818173035,58.667053181826965,Summer,1,2
M. A. Chidambaram Stadium,Chennai,India,ODI,2019-01-24,25.9,77.0,20.5,21.2,29.9,7,245.04982102890926,38.64828380359137,61.35171619640863,Summer,0,2
Sawai Mansingh Stadium,Jaipur,India,T20,2013-02-26,19.55,42.20051287987152,18.6,9.142591871175991,10.770147552429439,7,171.59015641355913,31.118403509797105,68.8815964902029,Summer,1,2
Wankhede Stadium,Mumbai,India,ODI,2024-12-19,23.9,85.12252449580235,11.4,25.647904329354645,63.50299190899814,2,256.3965810303503,58.062745173954404,41.937254826045596,Winter,1,1
Maharashtra Cricket Association Stadium,Pune,India,ODI,2001-08-27,23.9,90.08846700032414,15.3,22.14970660171648,66.07699187069883,2,255.31849827994623,71.02633940693879,28.97366059306121,Monsoon,1,1
Eden Gardens,Kolkata,India,T20,2001-05-27,30.75,44.15172697258996,10.9,9.394738539869865,14.774698584559609,5,145.58623638898007,37.294345808909796,62.705654191090204,Summer,0,2
Narendra Modi Stadium,Ahmedabad,India,T20,2009-02-28,28.5,59.77010660010362,11.5,11.787736205688757,24.850653472225297,2,201.95569238565577,56.41083940973179,43.58916059026821,Summer,1,0
Wankhede Stadium,Mumbai,India,Test,2004-05-13,29.75,84.12019951616223,16.7,24.87281647326656,63.09125859813604,1,319.5300848124932,67.5191338692817,32.4808661307183,Monsoon,1,1
M. A. Chidambaram Stadium,Chennai,India,T20,2021-01-05,24.7,94.5,13.9,23.7,97.1,5,171.6684200778597,35.32445619488608,64.67554380511392,Summer,0,1
Eden Gardens,Kolkata,India,T20,2003-11-16,22.200000000000003,54.9629619923402,7.4,11.378843411712708,12.714584449825566,4,131.38854954073545,39.28349415676152,60.71650584323848,Summer,0,2
M. A. Chidambaram Stadium,Chennai,India,ODI,2009-11-16,26.5,86.9,11.2,24.1,78.3,1,245.35246978181954,59.421134124188036,40.578865875811964,Winter,0,1
Maharashtra Cricket Association Stadium,Pune,India,ODI,2023-09-27,25.05,68.0,9.8,17.834360024800194,27.425362850037217,4,292.8407585119485,52.947297493115414,47.052702506884586,Summer,1,0
M. A. Chidambaram Stadium,Chennai,India,T20,2005-11-08,25.8,84.8,13.0,22.9,100.0,4,142.15480304744813,48.0,52.0,Summer,0,1
Narendra Modi Stadium,Ahmedabad,India,ODI,2014-02-02,23.2,32.19187921839219,13.1,6.497991791654483,9.796718977776765,5,248.40744913668786,33.85789593859924,66.14210406140076,Summer,1,2
Maharashtra Cricket Association Stadium,Pune,India,T20,2016-07-15,24.85,56.797491088929945,16.9,14.453395969541265,40.88006029210349,4,170.10874813165645,48.52214396738436,51.47785603261564,Post-Monsoon,1,0
Eden Gardens,Kolkata,India,T20,2019-02-16,22.95,85.33442980959643,15.9,22.155257283238527,73.7830760315855,1,143.43607162644935,54.266943135690695,45.733056864309305,Monsoon,1,1
Wankhede Stadium,Mumbai,India,ODI,2014-02-16,22.05,52.55551077306962,16.6,17.45553337726773,27.410564788464594,3,283.0535028441549,49.889693273809456,50.110306726190544,Winter,1,0
Punjab Cricket Association IS Bindra Stadium,Mohali,India,T20,2011-09-13,28.75,85.16563908933554,9.7,28.09004553042788,69.66516322127337,1,163.51620670306906,64.36586836078179,35.63413163921821,Monsoon,0,1
Maharashtra Cricket Association Stadium,Pune,India,T20,2024-06-07,28.950000000000003,92.79398666106849,19.2,22.29779135223055,84.88117217831035,1,158.91585240627003,59.79114252100622,40.20885747899378,Monsoon,1,1
Arun Jaitley Stadium,Delhi,India,T20,2015-06-30,30.875,58.625,9.9625,7.113976446601894,31.648734065021117,4,137.79796176830652,38.515420646319434,61.484579353680566,Summer,1,2
Eden Gardens,Kolkata,India,ODI,2023-07-26,29.3,88.75727431808609,18.4,25.720265731877078,73.84519740694063,2,257.3374577517351,60.954679962861334,39.045320037138666,Monsoon,1,1
Maharashtra Cricket Association Stadium,Pune,India,T20,2002-02-11,23.2,76.92904211632107,11.9,24.484108540608005,87.18269107037796,2,144.97145661888285,54.1596275612257,45.8403724387743,Monsoon,1,1
Wankhede Stadium,Mumbai,India,T20,2023-06-08,31.85,81.5418130034097,16.9,20.346425251526416,82.57708703864614,2,131.73177955745805,61.41942173922291,38.58057826077709,Monsoon,1,1
Narendra Modi Stadium,Ahmedabad,India,ODI,2003-02-14,23.85,48.98839180511567,14.5,15.985262648652405,35.90660885332474,4,288.96829773311595,55.907006512593696,44.092993487406304,Post-Monsoon,1,2
Wankhede Stadium,Mumbai,India,T20,2006-09-03,26.55,56.435250877062664,13.9,16.458530633982043,30.429395453621463,2,185.43863995789414,48.19283012180606,51.80716987819394,Summer,1,0
Narendra Modi Stadium,Ahmedabad,India,ODI,2001-06-30,28.75,48.83748957645539,14.0,19.064465412800978,25.312958748811457,2,282.84214604101703,48.85581911747775,51.14418088252225,Summer,0,0
Narendra Modi Stadium,Ahmedabad,India,T20,2011-12-22,20.6,56.76216371808443,10.2,13.789248855220666,10.782722645066226,2,156.31473089829925,53.941761185168716,46.058238814831284,Winter,1,0
Rajiv Gandhi International Stadium,Hyderabad,India,Test,2010-08-02,25.55,57.910636369837604,28.5,15.910159074351645,31.22196636107955,2,395.58627051119356,43.40550788331074,56.59449211668926,Summer,1,0
Narendra Modi Stadium,Ahmedabad,India,T20,2013-11-10,24.75,62.18445317539123,17.6,11.388940782742639,42.629458205356215,2,186.16342587223832,52.97315444067637,47.02684555932363,Post-Monsoon,0,2
Maharashtra Cricket Association Stadium,Pune,India,T20,2002-12-18,24.95,51.394648345774606,9.5,14.231307750938853,8.381459332480848,3,186.23730258879345,52.31227088023925,47.68772911976075,Post-Monsoon,1,0
Wankhede Stadium,Mumbai,India,T20,2007-07-31,27.05,48.124885275338684,16.1,13.94278308394407,6.421611240981729,2,184.75599623185656,46.83024353917854,53.16975646082146,Winter,0,0
Wankhede Stadium,Mumbai,India,Test,2009-04-06,32.3,56.95614416215441,17.4,15.120693859918864,25.473660673495296,3,356.3293409371473,52.76437581687798,47.23562418312202,Summer,1,0
Eden Gardens,Kolkata,India,T20,2000-10-16,28.45,76.91922242891866,11.5,22.119412202513352,73.52013845115918,2,161.93304602841792,69.6526397755943,30.347360224405705,Winter,0,1
Rajiv Gandhi International Stadium,Hyderabad,India,Test,2002-10-13,24.700000000000003,55.93671270837073,10.5,12.318711139746702,35.16059531351551,3,365.8352204207024,50.817484730422244,49.182515269577756,Winter,1,0
Narendra Modi Stadium,Ahmedabad,India,T20,2024-12-29,21.8,40.0,13.0,13.751054080385753,18.900096388188114,2,200.34369023038337,50.47126136898542,49.52873863101458,Summer,1,0
Maharashtra Cricket Association Stadium,Pune,India,T20,2019-02-25,25.9,56.28724359694344,16.8,18.57631058816076,10.195998046703291,4,187.5765043221697,56.58390331785716,43.41609668214284,Summer,0,0
Punjab Cricket Association IS Bindra Stadium,Mohali,India,Test,2023-05-30,28.1,82.60470155086036,17.7,25.40785243293763,71.26645205423225,2,345.7527642488115,59.13664418606809,40.86335581393191,Winter,1,1
Narendra Modi Stadium,Ahmedabad,India,T20,2014-06-12,32.9,65.40458256862192,24.4,18.691269294936927,18.090333508812478,3,183.18034504626866,60.0,40.0,Post-Monsoon,1,0
Sawai Mansingh Stadium,Jaipur,India,T20,2016-10-22,25.45,47.89640433473975,12.4,14.923746871339516,2.2398797442273928,4,157.39857631843347,40.277266874039576,59.722733125960424,Summer,0,2
M. Chinnaswamy Stadium,Bengaluru,India,T20,2006-04-24,27.0,56.417757941549134,9.8,16.626529441480745,25.46283559060141,3,201.60576368508163,46.098085487180306,53.901914512819694,Post-Monsoon,1,0
Rajiv Gandhi International Stadium,Hyderabad,India,ODI,2020-02-18,24.15,63.42871322668769,10.8,14.60224708288935,29.143479994793324,2,280.26853900673234,51.31968328624241,48.68031671375759,Post-Monsoon,0,0
M. Chinnaswamy Stadium,Bengaluru,India,T20,2024-05-19,25.299999999999997,46.84241246580837,6.5,17.60240016059087,36.94715224990788,4,195.15987520882655,59.433516952188015,40.566483047811985,Summer,1,0
M. A. Chidambaram Stadium,Chennai,India,ODI,2011-12-22,24.6,72.8,25.9,19.2,46.3,7,240.57149667600282,44.61582562014097,55.38417437985903,Winter,0,2
Eden Gardens,Kolkata,India,ODI,2014-10-18,25.950000000000003,86.42294535014328,7.7,21.807002825568212,55.0,2,256.3114986830085,57.625761849192095,42.374238150807905,Post-Monsoon,1,1
Eden Gardens,Kolkata,India,T20,2016-05-21,26.9,81.47713083099407,25.4,17.03299173289121,87.2326512950336,1,178.7160437884881,66.83400526395569,33.16599473604431,Monsoon,0,1
Arun Jaitley Stadium,Delhi,India,ODI,2010-10-29,21.85,34.579485083263,10.2,12.667736093898327,14.289596469188524,5,280.5676007788384,45.054344589281584,54.945655410718416,Summer,1,2
Wankhede Stadium,Mumbai,India,ODI,2021-03-03,29.4,82.05098060882933,21.9,25.511140797179856,82.1903828001661,1,300.2283060814855,64.15594597040842,35.844054029591575,Post-Monsoon,1,1
Maharashtra Cricket Association Stadium,Pune,India,T20,2023-10-27,24.7,80.4314962061184,15.1,26.4925259626115,77.34487954827583,1,171.048404413031,70.64036415108906,29.35963584891094,Winter,1,1
Rajiv Gandhi International Stadium,Hyderabad,India,T20,2008-09-30,24.35,53.07576362241448,12.7,22.854065505906902,23.49711121981013,3,190.9050514077852,60.0,40.0,Winter,1,0
Eden Gardens,Kolkata,India,T20,2010-10-03,29.0,31.389254585368732,8.4,11.34011161407567,7.951561657055695,5,178.71918523338388,40.8493724178987,59.1506275821013,Summer,0,2
Maharashtra Cricket Association Stadium,Pune,India,T20,2021-01-22,23.7,60.88321640547774,10.2,19.09992711266779,23.081540198204532,3,208.270105230713,53.325315425121026,46.674684574878974,Winter,1,0
Eden Gardens,Kolkata,India,Test,2001-10-19,26.5,84.75864280266713,7.9,20.7040769077498,68.70786280623776,2,288.5998818355866,58.386154009610905,41.613845990389095,Winter,1,1
Punjab Cricket Association IS Bindra Stadium,Mohali,India,T20,2019-02-26,16.6,88.79818491232986,16.8,25.78302025147212,72.26567611357548,1,196.65383539966658,56.63782011255499,43.36217988744501,Winter,1,1
Narendra Modi Stadium,Ahmedabad,India,ODI,2016-08-03,27.15,39.26637629774333,13.8,10.600604384789206,24.329047737580467,4,264.515887898772,40.861100690470494,59.138899309529506,Summer,1,2
M. A. Chidambaram Stadium,Chennai,India,T20,2002-08-08,30.35,89.52411541199672,20.7,23.406477452287646,74.87053514972736,2,150.74078864874812,62.59421520070228,37.40578479929772,Monsoon,1,1
Eden Gardens,Kolkata,India,T20,2001-01-12,15.75,47.67616561954309,10.4,16.157327210068786,14.908433902188664,7,166.13773165303326,31.885132756853096,68.1148672431469,Summer,0,2
M. A. Chidambaram Stadium,Chennai,India,Test,2004-07-18,30.9,64.7,18.4,23.2,40.4,4,320.8236537594537,39.83376741827669,60.16623258172331,Summer,0,2
Wankhede Stadium,Mumbai,India,T20,2017-06-04,29.1,49.20896927486153,22.4,17.949429131540477,13.991457984600007,2,169.61806137435218,48.649535761210494,51.350464238789506,Summer,1,0
Wankhede Stadium,Mumbai,India,T20,2005-01-09,24.4,83.58336086806929,15.1,23.96389701387118,71.32992063531917,2,210.21796754938921,59.45872044327462,40.54127955672538,Winter,1,1
Eden Gardens,Kolkata,India,ODI,2010-06-21,30.9,90.52742659552919,15.4,22.20882239337529,63.27403969786336,1,259.6518836734343,62.64992046088517,37.35007953911483,Monsoon,1,1
Maharashtra Cricket Association Stadium,Pune,India,ODI,2002-01-28,18.3,56.18452684780622,6.6,13.535034992928553,24.19105625980452,4,289.8428727130474,56.47392054728625,43.52607945271375,Winter,1,0
M. A. Chidambaram Stadium,Chennai,India,ODI,2012-04-25,31.4,69.9,25.9,24.9,51.0,1,269.59659011825005,65.48164274371473,34.51835725628527,Post-Monsoon,0,1
Punjab Cricket Association IS Bindra Stadium,Mohali,India,T20,2017-12-26,15.2,77.67461279407357,11.6,23.10430903317645,86.16273620598996,2,134.31613601574756,72.76082466724728,27.239175332752723,Winter,1,1
Narendra Modi Stadium,Ahmedabad,India,ODI,2008-10-02,27.950000000000003,50.22376942978413,8.9,9.854596506868466,8.833801312803876,6,257.6332227188009,29.762967180700315,70.23703281929969,Summer,0,2
M. A. Chidambaram Stadium,Chennai,India,Test,2009-11-07,24.2,97.2,22.3,23.8,90.9,1,277.9464604833047,53.0,47.0,Post-Monsoon,0,1
Narendra Modi Stadium,Ahmedabad,India,ODI,2016-09-08,27.4,47.81137306329057,13.7,17.579979919282884,38.384857033495734,4,316.13106103398746,54.04234868611674,45.95765131388326,Summer,1,0
M. A. Chidambaram Stadium,Chennai,India,ODI,2015-04-09,30.8,73.7,22.3,25.4,41.4,2,245.30614522870025,61.486946375850884,38.513053624149116,Winter,1,1
Maharashtra Cricket Association Stadium,Pune,India,Test,2013-05-17,29.3,83.10165498634207,13.3,25.26453846320842,78.81031543564262,2,313.65576975259444,66.07950101390207,33.920498986097925,Winter,0,1
Rajiv Gandhi International Stadium,Hyderabad,India,ODI,2005-06-07,32.849999999999994,59.21250612575583,14.5,17.931127547107817,35.43120450519277,4,320.2177056182346,48.47854862960387,51.52145137039613,Post-Monsoon,0,0
Wankhede Stadium,Mumbai,India,ODI,2004-02-09,24.15,57.45301600703401,16.3,22.13781617838207,21.221739373893335,4,309.74062289082553,51.07534586278761,48.92465413721239,Summer,1,0
M. A. Chidambaram Stadium,Chennai,India,T20,2017-12-29,26.0,73.9,18.4,20.9,48.2,6,179.58058223538848,46.95342714987628,53.04657285012372,Summer,1,2
Wankhede Stadium,Mumbai,India,ODI,2000-06-14,27.85,76.58002004946476,22.3,22.472648183614236,55.0,2,267.91007663303014,53.0,47.0,Winter,1,1
Wankhede Stadium,Mumbai,India,T20,2021-07-05,27.799999999999997,50.5622886607686,13.0,17.712548159080598,22.47442519540804,3,169.16929585871435,40.903700593112724,59.096299406887276,Post-Monsoon,1,0
Eden Gardens,Kolkata,India,T20,2020-03-22,24.950000000000003,82.10072898245029,17.8,18.542210782766126,60.83961284800242,1,142.20887424032708,53.0,47.0,Post-Monsoon,1,1
Arun Jaitley Stadium,Delhi,India,ODI,2006-05-19,32.9,33.47048580111999,15.2,11.183044566242616,25.1153076521962,5,249.87599547849118,38.004483973508734,61.995516026491266,Summer,0,2
Eden Gardens,Kolkata,India,Test,2016-05-27,30.85,70.2070097679679,16.6,23.300316914778104,87.78363068903496,1,337.5283621739227,56.76987692233599,43.23012307766401,Monsoon,0,1
M. A. Chidambaram Stadium,Chennai,India,Test,2007-01-16,24.3,77.2,11.2,19.8,19.1,4,294.1014109348426,38.772382095024824,61.227617904975176,Winter,0,2
M. A. Chidambaram Stadium,Chennai,India,ODI,2022-05-16,29.7,85.0,16.7,26.8,60.8,2,243.97020553254518,64.74479749099281,35.25520250900719,Monsoon,1,1
Punjab Cricket Association IS Bindra Stadium,Mohali,India,T20,2012-06-06,33.35,85.455259820514,16.6,22.396127062860774,80.20133657511278,1,175.464446538285,61.7563011054787,38.2436988945213,Monsoon,0,1
Punjab Cricket Association IS Bindra Stadium,Mohali,India,ODI,2020-03-12,20.0,79.42469528636778,22.5,20.115540648698673,72.60636897590281,1,239.2931804118889,62.53300254892911,37.46699745107089,Monsoon,0,1
Punjab Cricket Association IS Bindra Stadium,Mohali,India,ODI,2010-07-15,30.85,79.0316071160648,6.8,24.211133576137364,63.934564449825544,2,260.3807043618241,62.73392568293589,37.26607431706411,Post-Monsoon,0,1
Maharashtra Cricket Association Stadium,Pune,India,ODI,2022-01-24,16.35,56.38046504846326,10.9,18.548016752568554,24.103157338081523,3,307.1980272201118,50.69205866695163,49.30794133304837,Winter,1,0
Eden Gardens,Kolkata,India,Test,2010-02-02,21.15,29.459249847640912,9.2,14.398069461558766,28.116318474704293,5,290.31466837516194,47.10881824672286,52.89118175327714,Summer,1,2
Wankhede Stadium,Mumbai,India,T20,2005-08-01,25.450000000000003,50.37006334179356,35.9,21.111408942218983,34.55601810309064,2,187.55867406009273,54.85502251867048,45.14497748132952,Winter,1,1
Rajiv Gandhi International Stadium,Hyderabad,India,ODI,2016-12-07,21.75,49.6079411823132,10.7,12.193290776485387,9.764168791539923,4,279.0728980361426,53.10551504484056,46.89448495515944,Summer,0,0
Narendra Modi Stadium,Ahmedabad,India,T20,2011-06-11,32.75,57.60620084577327,23.0,17.949397721121837,29.87143275825924,2,179.8025507941152,50.26782641128449,49.73217358871551,Summer,0,0
Narendra Modi Stadium,Ahmedabad,India,T20,2009-06-30,31.400000000000002,63.18565824158797,21.6,20.218659410937505,46.976841449961455,3,221.28706285536902,55.84467134497371,44.15532865502629,Summer,0,0
Rajiv Gandhi International Stadium,Hyderabad,India,ODI,2003-09-08,25.8,50.85372342981554,24.3,19.687446942485884,5.0,3,289.30357808679514,53.674085333643546,46.325914666356454,Summer,0,0
Narendra Modi Stadium,Ahmedabad,India,T20,2011-03-15,28.450000000000003,49.47073262043756,10.5,11.98817352196156,23.80130653697932,2,174.28266316379808,50.49926215391566,49.50073784608434,Post-Monsoon,1,2
Wankhede Stadium,Mumbai,India,T20,2005-07-30,26.299999999999997,46.05476642858743,28.1,17.009068836496912,31.359012448448663,4,174.77006563174137,46.81896979788853,53.18103020211147,Post-Monsoon,1,1
Narendra Modi Stadium,Ahmedabad,India,Test,2006-12-11,19.75,38.79737766037469,9.1,9.08755565204854,16.290318128421568,4,321.6702411521093,40.08038917263424,59.91961082736576,Winter,0,2
Eden Gardens,Kolkata,India,ODI,2010-08-27,28.1,77.05586144861228,15.1,20.475286409819514,73.13859618150524,2,246.96033223760753,59.44338174258347,40.55661825741653,Winter,0,1
Narendra Modi Stadium,Ahmedabad,India,Test,2024-02-25,23.4,58.33128888670336,14.0,14.483417647411898,20.69729939492985,3,368.0274968175201,52.028993769107146,47.971006230892854,Winter,0,0
Wankhede Stadium,Mumbai,India,T20,2012-03-11,24.15,78.96448575110409,18.4,27.711274240037366,91.9068979439604,1,177.67714531052673,63.84684543371047,36.15315456628953,Post-Monsoon,0,1
Punjab Cricket Association IS Bindra Stadium,Mohali,India,T20,2003-02-18,18.4,76.53141062281928,30.2,20.731158257450215,84.77163337354786,2,182.753807496163,64.91665734509921,35.08334265490079,Monsoon,1,1
Arun Jaitley Stadium,Delhi,India,ODI,2019-09-03,30.65,39.86140969083763,9.7,15.805336673962746,16.085154980215805,7,260.68913452434475,45.11748746310933,54.88251253689067,Summer,0,2
Maharashtra Cricket Association Stadium,Pune,India,Test,2007-07-12,24.75,66.63734261514568,16.6,17.943911271719358,17.80766685452911,2,372.516781764232,55.005142630106945,44.994857369893055,Summer,1,0
Maharashtra Cricket Association Stadium,Pune,India,T20,2017-08-27,24.9,80.95919981549372,24.6,28.21456790860801,100.0,2,204.4463735760085,70.52746509549152,29.47253490450848,Post-Monsoon,1,1
Sawai Mansingh Stadium,Jaipur,India,Test,2008-04-01,27.0,42.797270993762865,17.7,13.115101992230008,0.05033334494656572,7,282.64162682948125,43.764728992166205,56.235271007833795,Summer,0,2
Eden Gardens,Kolkata,India,Test,2005-10-09,27.95,34.86774052995658,6.0,8.68746612062658,13.694638267612763,6,297.2193769813719,39.905874517094766,60.094125482905234,Summer,0,2
Eden Gardens,Kolkata,India,T20,2012-04-10,28.150000000000002,78.06215588322809,18.9,21.69416581443157,66.08697228318229,2,181.88730999328004,58.272156802265144,41.727843197734856,Post-Monsoon,1,1
Arun Jaitley Stadium,Delhi,India,T20,2002-10-08,26.7,37.89267370460153,11.2,10.427718618996353,16.697608026939143,6,152.13983596101207,47.28568956459778,52.71431043540222,Summer,0,2
Maharashtra Cricket Association Stadium,Pune,India,T20,2005-08-11,23.8,85.94130106744235,21.2,23.27054400407633,81.55833573080884,1,179.7174477985961,66.56475114846131,33.43524885153869,Winter,0,1
Eden Gardens,Kolkata,India,ODI,2019-10-24,23.200000000000003,34.41368181084613,17.2,11.803322592477533,8.29824960765928,5,278.2525507689302,26.867575454815494,73.1324245451845,Summer,1,2
M. Chinnaswamy Stadium,Bengaluru,India,T20,2006-08-10,22.85,59.90519133066427,26.4,15.886240202143611,32.88379693504036,2,198.42069259667105,44.394201448330115,55.605798551669885,Summer,1,0
Maharashtra Cricket Association Stadium,Pune,India,T20,2003-11-22,23.65,77.2525550904517,11.0,25.530739332922952,75.31390668518081,1,167.12416917537118,58.70847690082821,41.29152309917179,Post-Monsoon,0,1
M. A. Chidambaram Stadium,Chennai,India,ODI,2000-05-28,31.8,78.34499073074967,18.7,18.23837803624014,56.14865092077706,2,273.53275001403495,69.76542423858214,30.234575761417858,Monsoon,0,1
Narendra Modi Stadium,Ahmedabad,India,ODI,2016-12-09,22.35,48.19857173200215,9.8,20.226073493907794,35.114619908847764,3,316.8399102684335,49.90125751009994,50.09874248990006,Post-Monsoon,1,0
Eden Gardens,Kolkata,India,T20,2015-11-15,25.549999999999997,32.19819148371398,7.6,8.535839962326842,24.70791362989076,7,171.97359519311365,44.51463589043513,55.48536410956487,Summer,0,2
Wankhede Stadium,Mumbai,India,ODI,2018-05-29,30.4,55.408739433549115,21.3,14.98411705511047,29.892052860226556,2,335.2412418792276,55.94843767854215,44.05156232145785,Winter,1,0
Arun Jaitley Stadium,Delhi,India,T20,2005-09-01,31.7,22.66722025985431,16.6,7.060496845400188,16.763113931040728,4,146.38871172526925,43.51377479910602,56.48622520089398,Summer,1,2
Maharashtra Cricket Association Stadium,Pune,India,Test,2007-04-03,30.650000000000002,76.61281642784117,17.7,27.020514818614203,55.20007232612403,1,336.3013547944903,64.38389888969058,35.616101110309415,Post-Monsoon,1,1
Rajiv Gandhi International Stadium,Hyderabad,India,Test,2015-12-17,25.2,52.65363908153032,15.5,13.820143501168403,27.2186433837718,3,390.50196268751785,47.598060529728606,52.401939470271394,Summer,1,0
M. A. Chidambaram Stadium,Chennai,India,ODI,2023-03-19,28.3,80.2,15.4,24.4,74.7,2,264.3568047709476,62.184823320340584,37.815176679659416,Winter,0,1
Punjab Cricket Association IS Bindra Stadium,Mohali,India,T20,2021-10-30,22.15,86.0127025636558,18.7,21.003307161955842,74.38891058077863,2,183.35050262779097,60.84874705761062,39.15125294238938,Monsoon,1,1
M. A. Chidambaram Stadium,Chennai,India,T20,2014-12-12,26.5,85.9,25.9,23.8,50.3,2,175.72917731729115,64.65136917375554,35.34863082624446,Monsoon,0,1
M. A. Chidambaram Stadium,Chennai,India,T20,2000-03-24,28.200000000000003,85.35368372334895,14.9,22.36955934004663,55.0,1,149.47383803129927,63.69867258628176,36.30132741371824,Post-Monsoon,1,1
Arun Jaitley Stadium,Delhi,India,T20,2016-02-03,13.125,66.5,7.622222222222222,14.474668006387871,27.05641093768543,4,157.23536202042123,41.81095567027491,58.18904432972509,Winter,1,2
Sawai Mansingh Stadium,Jaipur,India,ODI,2014-03-09,20.65,40.84554705690969,11.5,11.195507199092694,33.36720657668817,7,234.51709158797343,38.07785281190171,61.92214718809829,Summer,1,2
Sawai Mansingh Stadium,Jaipur,India,T20,2017-08-05,27.25,40.21831624968677,14.4,7.767316013398024,7.704740475709004,6,142.34083892797037,44.61739889966652,55.38260110033348,Winter,1,2
Rajiv Gandhi International Stadium,Hyderabad,India,ODI,2013-06-14,22.15,55.31205248438545,30.4,16.615155385576042,28.22835435432591,4,290.46604794194377,47.52211253093229,52.47788746906771,Summer,1,0
M. A. Chidambaram Stadium,Chennai,India,T20,2009-12-14,26.1,87.9,18.4,23.9,72.9,6,154.7428458038553,45.14252120470635,54.85747879529365,Summer,1,1
Maharashtra Cricket Association Stadium,Pune,India,T20,2021-07-27,24.75,94.95174236140514,29.5,20.36477452467566,62.85552433411441,1,181.02697091950031,55.70298361504002,44.29701638495998,Post-Monsoon,0,1
Rajiv Gandhi International Stadium,Hyderabad,India,T20,2011-01-10,18.950000000000003,49.46553162314343,14.8,13.783040856443128,15.586682443670817,4,203.71017315678506,45.28224590187838,54.71775409812162,Post-Monsoon,0,0
M. Chinnaswamy Stadium,Bengaluru,India,ODI,2012-05-29,26.65,53.079942770378146,16.5,13.142166752888318,18.605926759303088,4,304.3993329192653,56.01745612761773,43.98254387238227,Summer,0,0
Wankhede Stadium,Mumbai,India,T20,2023-01-22,22.55,71.08665162765489,23.3,24.758796908885106,69.91100457404085,1,145.24602218944622,59.36279686219147,40.63720313780853,Post-Monsoon,1,1
Narendra Modi Stadium,Ahmedabad,India,T20,2000-06-13,33.05,48.04305968726209,21.3,9.514254139419032,32.50988856251775,5,168.77521941996255,41.33813532448039,58.66186467551961,Winter,0,2
Sawai Mansingh Stadium,Jaipur,India,T20,2014-09-22,27.1,20.0,18.2,13.063283394799617,27.703069533785246,6,134.11980496637818,34.45415094253934,65.54584905746066,Summer,0,2
Eden Gardens,Kolkata,India,T20,2005-07-10,28.4,43.231582567383526,22.4,13.145017432980719,11.199806658301636,4,158.47348500934874,40.357227015238024,59.642772984761976,Winter,0,2
Maharashtra Cricket Association Stadium,Pune,India,T20,2001-01-29,23.35,80.05094082776883,8.2,28.27882332827526,55.0,2,157.43989660946104,63.508216495136296,36.491783504863704,Monsoon,1,1
Narendra Modi Stadium,Ahmedabad,India,T20,2000-03-17,25.85,43.031955149750615,11.9,15.16209376067652,33.66728402800712,3,181.05820250357357,51.35681142436068,48.64318857563932,Summer,1,2
Eden Gardens,Kolkata,India,T20,2003-11-27,21.049999999999997,40.52273614229262,9.0,14.056433729620228,10.491643621526137,7,156.85701591920295,42.94635429531998,57.05364570468002,Summer,0,2
Eden Gardens,Kolkata,India,ODI,2012-09-18,28.4,82.18825063693964,12.7,24.583842687661456,90.75764027832773,2,296.0454706793452,56.56185057980289,43.43814942019711,Post-Monsoon,0,1
Eden Gardens,Kolkata,India,T20,2015-06-09,33.7,80.37044626121329,21.0,24.16819067126287,59.111499701208686,2,145.95274475410898,66.4769135062003,33.523086493799696,Winter,1,1
Arun Jaitley Stadium,Delhi,India,T20,2011-10-20,24.2,49.88920516688396,9.3,9.32239257882284,8.838176232906218,6,159.67938862166568,46.256403167613435,53.743596832386565,Winter,0,2
Maharashtra Cricket Association Stadium,Pune,India,T20,2022-11-24,23.75,87.86675778127612,11.5,22.853470080775825,67.51478607142788,1,160.0313308631804,53.0,47.0,Post-Monsoon,1,1
M. A. Chidambaram Stadium,Chennai,India,T20,2012-12-15,25.7,76.7,25.9,21.0,40.0,6,154.29671216259075,43.84321402480733,56.15678597519267,Summer,1,2
Eden Gardens,Kolkata,India,T20,2000-09-17,27.65,25.175999347772493,15.9,5.152884293246227,14.425620750889038,4,164.23498954899677,39.18954095720579,60.81045904279421,Winter,0,2
M. Chinnaswamy Stadium,Bengaluru,India,T20,2022-11-22,20.65,60.81530884063753,15.6,20.13582447549669,35.74536872807877,4,193.33796313648594,42.97778678579693,57.02221321420307,Summer,0,0
M. A. Chidambaram Stadium,Chennai,India,Test,2022-04-06,30.3,79.3,20.5,26.2,32.9,1,330.3853427602893,64.89555092728335,35.10444907271665,Monsoon,1,1
Wankhede Stadium,Mumbai,India,ODI,2008-04-24,30.700000000000003,48.410890876952735,19.5,15.071940727002692,37.968382324450054,4,307.5993573329009,44.8430624991925,55.1569375008075,Winter,1,0
Wankhede Stadium,Mumbai,India,T20,2013-05-06,29.05,75.2961528243396,19.6,22.469154486976837,65.39413134823111,1,159.21806595863532,58.6471375699454,41.3528624300546,Post-Monsoon,1,1
Wankhede Stadium,Mumbai,India,T20,2004-10-19,26.75,49.86415751065487,12.1,21.77139716047317,29.38552984723112,2,199.6365217107421,51.99531451411167,48.00468548588833,Summer,1,0
Eden Gardens,Kolkata,India,ODI,2016-09-03,28.200000000000003,76.82033624674388,9.4,20.506043974225435,84.1478447654952,2,253.7336878789155,59.78542144187447,40.21457855812553,Post-Monsoon,1,1
Eden Gardens,Kolkata,India,Test,2023-12-30,20.9,85.11834697620345,13.1,22.418341267363342,68.73922814241773,2,314.5489171812013,60.38357840886607,39.61642159113393,Winter,0,1
Punjab Cricket Association IS Bindra Stadium,Mohali,India,T20,2018-10-24,23.5,76.71622501148846,9.4,25.44226816038075,71.40001378586662,1,184.27748417316675,53.35631003019543,46.64368996980457,Monsoon,1,1
Narendra Modi Stadium,Ahmedabad,India,ODI,2014-09-24,26.25,41.13050880341876,10.4,9.171326443209093,11.537420917508054,7,250.61674720236587,41.76926010434926,58.23073989565074,Summer,1,2
Rajiv Gandhi International Stadium,Hyderabad,India,Test,2005-10-03,26.0,40.0,10.7,13.538737238780875,31.4335720325967,4,364.0151880546069,46.30333554641231,53.69666445358769,Post-Monsoon,0,2
Narendra Modi Stadium,Ahmedabad,India,T20,2013-01-28,21.75,44.09483819233971,13.1,11.577263353304543,27.056418307313425,4,181.85678446874036,48.0,52.0,Winter,0,2
Narendra Modi Stadium,Ahmedabad,India,T20,2003-12-27,18.25,47.98860938284041,13.0,16.710972166427183,22.965467653968922,3,190.18202874268522,54.574311773315806,45.425688226684194,Summer,1,0
M. Chinnaswamy Stadium,Bengaluru,India,T20,2014-07-01,26.1,68.0,17.0,18.063258215989126,16.441100776077302,4,174.61361672870046,48.8753281141511,51.1246718858489,Post-Monsoon,1,0
M. A. Chidambaram Stadium,Chennai,India,Test,2009-09-28,29.3,72.7,11.2,23.6,77.8,7,303.1401451984049,37.95654081321317,62.04345918678683,Winter,0,2
Narendra Modi Stadium,Ahmedabad,India,ODI,2008-06-03,33.3,49.641827171138516,14.4,8.719724432549594,19.271322286685802,7,265.7301023110914,37.89758993632,62.10241006368,Winter,0,2
Arun Jaitley Stadium,Delhi,India,T20,2006-06-21,32.1,41.765196688832575,17.0,8.328175108977245,12.246504832296473,5,168.60561087645348,43.80516951813393,56.19483048186607,Summer,0,2
M. A. Chidambaram Stadium,Chennai,India,ODI,2002-03-22,28.549999999999997,91.38888767122997,18.9,25.531799547896753,77.06467154584897,1,268.77536380043495,68.2019752679996,31.7980247320004,Monsoon,1,1
M. A. Chidambaram Stadium,Chennai,India,T20,2018-11-30,27.2,73.1,20.5,21.7,41.6,6,134.95591528933633,41.27582087510727,58.72417912489273,Summer,1,2
M. A. Chidambaram Stadium,Chennai,India,Test,2011-04-30,30.8,76.5,22.3,26.0,39.0,5,300.438894995449,34.77754052974716,65.22245947025284,Summer,0,2
Narendra Modi Stadium,Ahmedabad,India,ODI,2018-04-30,34.3,34.68421547331313,25.2,11.008979873599868,20.721679814946704,5,252.37737805653586,36.649603788989054,63.350396211010946,Summer,0,2
Wankhede Stadium,Mumbai,India,Test,2001-01-26,24.1,40.0,12.8,18.782444139217805,17.76928493342341,3,336.1413716310239,45.82348026518417,54.17651973481583,Winter,1,1
Wankhede Stadium,Mumbai,India,ODI,2005-05-03,29.25,67.584931394466,18.7,17.52809472756666,14.077105803524601,3,296.26107787892283,60.0,40.0,Winter,1,0
Narendra Modi Stadium,Ahmedabad,India,ODI,2011-03-17,28.15,29.16809091702671,11.2,7.549743517542909,23.69581618392841,4,248.63094887677232,42.831474577905034,57.168525422094966,Summer,0,2
Wankhede Stadium,Mumbai,India,Test,2002-12-19,25.450000000000003,79.7426223317891,14.6,27.05549874751511,66.78898826197153,1,293.300586361313,58.843784192035734,41.156215807964266,Winter,1,1
M. A. Chidambaram Stadium,Chennai,India,T20,2014-09-20,29.3,72.1,22.3,23.6,62.4,2,178.34728001708987,60.058702150006525,39.941297849993475,Monsoon,1,1
Wankhede Stadium,Mumbai,India,Test,2014-01-19,23.25,56.725294254077774,14.0,11.511194908993588,25.108678454400447,3,360.6532935814103,52.595680294559756,47.404319705440244,Winter,1,0
Narendra Modi Stadium,Ahmedabad,India,ODI,2013-05-12,31.6,51.821069254188615,13.0,22.76159620167455,47.586957530874116,2,313.4700055038222,52.122263441413,47.877736558587,Summer,1,0
Narendra Modi Stadium,Ahmedabad,India,Test,2022-11-05,27.1,47.302915259727044,10.8,13.51417315309953,25.108320604792468,2,386.6709241303428,53.04061449581039,46.95938550418961,Winter,1,0
Eden Gardens,Kolkata,India,T20,2014-10-31,24.65,41.19105444758454,8.6,11.457246384676266,14.706652700184046,7,140.94767866229859,38.87829772278612,61.12170227721388,Summer,1,2
Eden Gardens,Kolkata,India,T20,2006-09-05,28.25,79.30010193022491,16.2,22.434937462301935,55.5166735929663,2,171.03165252126615,57.87026894246514,42.12973105753486,Monsoon,0,1
M. Chinnaswamy Stadium,Bengaluru,India,T20,2020-03-01,24.65,44.44575580871323,19.6,13.627689196343693,32.57908442032951,3,180.47087105479147,50.75114640737176,49.24885359262824,Summer,1,0
Eden Gardens,Kolkata,India,ODI,2020-09-04,28.6,40.05193582754832,10.8,17.230133977577072,11.237436280179452,5,234.43353386144074,38.96124701192938,61.03875298807062,Winter,1,2
Maharashtra Cricket Association Stadium,Pune,India,T20,2018-02-10,23.1,48.97472892795983,13.7,18.25051307726228,14.946028338027478,3,181.4846676760513,44.38956943051202,55.61043056948798,Winter,1,0
M. Chinnaswamy Stadium,Bengaluru,India,T20,2017-06-13,24.05,53.852682233277505,23.4,21.0895726733701,11.973443808628295,4,187.43554790474016,46.80322002227039,53.19677997772961,Winter,0,0
Punjab Cricket Association IS Bindra Stadium,Mohali,India,T20,2016-10-02,32.81481481481482,61.81481481481482,4.122222222222223,20.02414250423541,87.02016245450224,1,155.40785970386338,70.41155744847788,29.58844255152212,Winter,1,1
Eden Gardens,Kolkata,India,ODI,2012-01-05,21.6,76.24375162454866,7.4,24.550043035233944,89.15257102662571,2,250.753967342893,54.56132686549628,45.43867313450372,Monsoon,1,1
M. A. Chidambaram Stadium,Chennai,India,T20,2012-03-25,27.8,69.5,22.3,21.2,6.3,1,141.41697466876028,60.8602649310059,39.1397350689941,Post-Monsoon,0,1
Maharashtra Cricket Association Stadium,Pune,India,T20,2022-05-13,29.65,81.60581566815733,20.3,20.285054041721146,68.08184617466655,2,147.9586246071296,53.0,47.0,Monsoon,0,1
M. Chinnaswamy Stadium,Bengaluru,India,T20,2011-02-20,23.95,40.43649789048331,13.8,17.503025149802056,6.611810665372477,3,181.72547496718232,55.43481351749209,44.56518648250791,Summer,1,0
Maharashtra Cricket Association Stadium,Pune,India,ODI,2009-01-06,22.45,59.04720557878127,9.5,22.740019232478588,28.330727071005235,2,332.79079299890424,46.497964118679405,53.502035881320595,Winter,1,0
M. Chinnaswamy Stadium,Bengaluru,India,Test,2019-10-28,23.1,55.857748046649554,18.1,24.0,27.809580661495055,2,368.10751967291685,55.824815837049506,44.175184162950494,Winter,1,0
M. A. Chidambaram Stadium,Chennai,India,ODI,2013-01-18,24.7,77.0,22.3,20.2,43.8,7,243.62311341457104,41.891426086821035,58.108573913178965,Summer,1,2
Sawai Mansingh Stadium,Jaipur,India,Test,2003-07-24,27.3,24.723225293388765,6.6,13.51760406545679,17.6007568713063,6,291.69015890138076,43.74374811990459,56.25625188009541,Summer,1,2
Maharashtra Cricket Association Stadium,Pune,India,ODI,2023-02-11,26.15,56.1947386018212,12.7,17.42414171667679,23.606655148202606,3,303.4063574006829,48.19769954926534,51.80230045073466,Post-Monsoon,1,0
Maharashtra Cricket Association Stadium,Pune,India,ODI,2003-02-20,22.25,52.30671877999711,10.2,17.071534991832575,38.69019745094522,4,297.71783740649835,43.55729755433799,56.44270244566201,Post-Monsoon,0,0
Maharashtra Cricket Association Stadium,Pune,India,T20,2020-12-17,22.45,93.7499576368691,12.8,22.956070598670834,66.17953317887924,1,135.24615043559783,59.57698356257433,40.42301643742567,Winter,1,1
Eden Gardens,Kolkata,India,Test,2014-11-05,25.25,88.16637865088265,10.3,18.26388463020715,63.98607240760845,2,312.6229856954617,56.72883069512732,43.27116930487268,Monsoon,1,1
M. A. Chidambaram Stadium,Chennai,India,T20,2012-11-16,24.7,71.4,22.3,18.9,39.3,5,149.37172594368823,45.18120486291562,54.81879513708438,Winter,1,2
Maharashtra Cricket Association Stadium,Pune,India,T20,2002-07-24,23.85,82.00037322766218,18.4,24.880456412883547,67.34182144703462,1,149.5295129821533,62.81809398786263,37.18190601213737,Post-Monsoon,1,1
Narendra Modi Stadium,Ahmedabad,India,T20,2007-02-20,25.85,31.93910620366202,13.8,12.895414097635786,40.397577774698476,6,132.99863100514645,41.83339396825261,58.16660603174739,Summer,1,2
Wankhede Stadium,Mumbai,India,ODI,2006-12-21,25.4,74.71342732650919,14.6,26.01696276808579,70.07982240659418,1,262.99809177281196,59.05883853758732,40.94116146241268,Monsoon,0,1
Eden Gardens,Kolkata,India,T20,2000-09-04,28.9,38.41321371557852,14.1,11.770083497129257,24.825861302952607,6,167.34936599377957,36.40453476955832,63.59546523044168,Summer,0,2
M. Chinnaswamy Stadium,Bengaluru,India,ODI,2013-10-31,22.15,59.7276878013745,10.9,17.07075630165025,24.509505826726638,3,288.29504033700357,49.56350845465121,50.43649154534879,Winter,1,0
Arun Jaitley Stadium,Delhi,India,T20,2013-08-16,26.6,92.0,4.46,8.031385639904407,0.9436297541495264,7,145.80588357034512,38.66144268828082,61.33855731171918,Summer,0,2
M. A. Chidambaram Stadium,Chennai,India,ODI,2009-11-25,27.3,84.6,18.4,24.3,54.8,2,231.9302200840966,61.10128899673471,38.89871100326529,Post-Monsoon,0,1
Arun Jaitley Stadium,Delhi,India,T20,2016-04-09,30.73333333333333,32.46666666666667,12.61875,13.724188530553956,8.378427312791759,5,160.46480989072873,42.93025819987779,57.06974180012221,Summer,0,2
Narendra Modi Stadium,Ahmedabad,India,Test,2016-10-28,26.85,54.25120131822803,10.3,14.08416069619755,17.573577048070764,4,286.2395600016699,40.15371916130265,59.84628083869735,Summer,1,2
Rajiv Gandhi International Stadium,Hyderabad,India,Test,2005-03-03,27.950000000000003,58.57237541998571,17.6,15.29494558491491,46.073178997820165,4,358.7699102905797,42.276934515695785,57.723065484304215,Summer,1,0
Rajiv Gandhi International Stadium,Hyderabad,India,T20,2024-07-09,26.4,55.31880672222605,17.9,18.328162630494504,15.159948862762844,4,193.08589464819548,42.01004319904329,57.98995680095671,Winter,1,0
Maharashtra Cricket Association Stadium,Pune,India,ODI,2019-05-19,31.35,93.9962635922206,22.8,21.12612521508687,57.99897721782346,2,239.27911299496898,60.720654350607774,39.279345649392226,Monsoon,0,1
Narendra Modi Stadium,Ahmedabad,India,Test,2010-11-23,21.9,50.80037825055686,16.5,13.178087099117423,27.354160872561373,5,306.32292838711066,45.848380005122095,54.151619994877905,Summer,1,2
Eden Gardens,Kolkata,India,T20,2014-03-24,27.85,91.41997236028683,12.2,27.863681139661413,78.19853980326533,1,137.07030381613657,62.14405295969314,37.85594704030686,Winter,1,1
Arun Jaitley Stadium,Delhi,India,Test,2018-03-23,23.1,38.235388604679784,13.2,4.357437886870992,20.76581263841264,5,292.7046118569068,34.051889973561785,65.94811002643821,Summer,0,2
Arun Jaitley Stadium,Delhi,India,Test,2017-09-28,29.05,48.691035663014596,9.3,6.961816016465036,5.55328470668052,6,285.28884691447576,40.45159505127565,59.54840494872435,Winter,1,2
Arun Jaitley Stadium,Delhi,India,ODI,2003-06-14,35.25,44.02227549891498,15.5,4.441120263119204,26.63067931407953,6,275.60343515633406,43.72598735410731,56.27401264589269,Winter,1,2
Rajiv Gandhi International Stadium,Hyderabad,India,Test,2017-10-11,25.4,46.62090565932266,6.9,11.226616088513733,7.338688341147062,2,367.37316388642415,48.64769129802869,51.35230870197131,Post-Monsoon,1,0
M. Chinnaswamy Stadium,Bengaluru,India,T20,2019-09-03,22.65,57.652930796295124,24.6,16.886000407984163,22.904316369266635,2,193.33900213408555,49.754939918677884,50.245060081322116,Winter,1,0
Sawai Mansingh Stadium,Jaipur,India,ODI,2018-11-29,19.25,43.131463877869734,8.2,12.149039451355051,11.46521678099636,6,249.30570048485663,29.64800695544689,70.35199304455311,Summer,1,2
Sawai Mansingh Stadium,Jaipur,India,ODI,2021-07-19,27.1,45.5421264098022,12.7,9.633416464989708,6.908461973838454,6,247.0563420879653,40.86918850047308,59.13081149952692,Winter,0,2
Sawai Mansingh Stadium,Jaipur,India,T20,2011-04-22,28.2,40.9095852027437,12.7,14.58085571556913,0.6350767216367075,4,169.9375798282966,48.0,52.0,Winter,0,2
Narendra Modi Stadium,Ahmedabad,India,Test,2019-09-16,28.200000000000003,45.014647168512425,18.3,13.491870642619496,16.733606612402195,5,277.04418466865144,42.00499239401192,57.99500760598808,Winter,0,2
M. A. Chidambaram Stadium,Chennai,India,T20,2022-07-08,29.7,74.5,22.4,24.6,87.4,5,175.0035305431344,31.588082073299503,68.4119179267005,Summer,1,1
Eden Gardens,Kolkata,India,ODI,2019-08-08,27.75,41.6178459931673,24.4,11.744040532142678,18.62669167962501,6,251.60602690983325,41.48072796095447,58.51927203904553,Winter,0,2
M. Chinnaswamy Stadium,Bengaluru,India,ODI,2011-06-21,23.9,52.790661048138965,26.0,12.825713961185517,25.814793003264327,2,328.6220314331054,50.499020003524066,49.500979996475934,Winter,0,0
Narendra Modi Stadium,Ahmedabad,India,T20,2002-10-26,28.6,46.67500935535344,11.6,13.629301753189717,16.978834589590715,4,186.59706964122248,53.06106217726089,46.93893782273911,Summer,1,2
Narendra Modi Stadium,Ahmedabad,India,T20,2019-06-17,31.299999999999997,36.57142425684917,28.2,10.57388117530118,15.773969852342617,5,155.79389750737093,36.659010782211844,63.340989217788156,Summer,0,2
Punjab Cricket Association IS Bindra Stadium,Mohali,India,T20,2016-07-03,29.5625,78.125,1.96875,23.3594391706593,87.05944123978982,2,189.4701745579444,60.89999256326644,39.10000743673356,Winter,1,1
M. Chinnaswamy Stadium,Bengaluru,India,ODI,2008-01-14,20.700000000000003,68.0,11.2,17.430129939503846,12.649037553036822,4,302.8966697821231,46.406887003926734,53.593112996073266,Summer,0,0
M. Chinnaswamy Stadium,Bengaluru,India,ODI,2008-04-19,26.900000000000002,55.67421454030035,15.2,14.717570325891637,22.066478129605088,2,279.5290052490396,50.54820097078667,49.45179902921333,Summer,1,0
Maharashtra Cricket Association Stadium,Pune,India,T20,2012-05-10,30.0,48.48229780134815,14.8,21.73889523442583,27.30475162279543,2,193.95704790158584,41.13025320290996,58.86974679709004,Winter,1,0
Eden Gardens,Kolkata,India,ODI,2004-04-18,32.65,44.8807161141286,18.0,8.550428489823922,16.319553816014405,4,243.57459001869606,46.475198384157,53.524801615843,Summer,1,2
Wankhede Stadium,Mumbai,India,T20,2008-04-07,29.2,77.30585519189583,15.9,20.219617734809606,77.28377094865245,2,155.51484989835424,61.056959062502386,38.943040937497614,Winter,0,1
Eden Gardens,Kolkata,India,Test,2017-06-17,30.25,34.35075043107714,15.9,12.832534749232563,14.526396533928915,7,314.3752969848801,35.10207329422013,64.89792670577987,Summer,1,2
Sawai Mansingh Stadium,Jaipur,India,Test,2022-04-24,32.599999999999994,46.52223497359359,14.9,14.215708868547974,22.867169531672985,4,308.7911918761015,34.503241288561725,65.49675871143828,Summer,0,2
Eden Gardens,Kolkata,India,Test,2005-10-07,27.95,87.51993307330879,5.9,23.871799313723685,78.42128296184517,2,336.91902090491067,64.44205526944393,35.55794473055607,Monsoon,1,1
Eden Gardens,Kolkata,India,T20,2007-03-27,29.0,20.73954260558436,12.5,15.112233522424933,18.339049829569007,6,164.7838118405329,48.0,52.0,Summer,0,2
Wankhede Stadium,Mumbai,India,T20,2021-08-26,26.9,63.54438010983166,17.0,22.026714805750956,29.20420589419226,3,188.40784442211293,55.87634584653223,44.12365415346777,Summer,1,0
Narendra Modi Stadium,Ahmedabad,India,T20,2012-03-26,27.450000000000003,50.942828871955335,10.6,17.494851758231956,19.027669920859992,2,192.76393240422772,53.35444136074915,46.64555863925085,Summer,0,0
Arun Jaitley Stadium,Delhi,India,T20,2002-03-06,19.3,36.42697303800783,14.6,12.66871740491984,3.140905330280683,7,165.98601959356787,41.74547081669959,58.25452918330041,Summer,1,2
Narendra Modi Stadium,Ahmedabad,India,T20,2020-10-26,27.8,31.278748184299776,13.0,12.951778363474103,23.94603336962754,4,166.14731402457792,45.85597585181269,54.14402414818731,Winter,1,2
Wankhede Stadium,Mumbai,India,Test,2023-10-21,29.55,46.16953090941681,12.3,11.816756027042615,36.904072931656806,2,365.00004270371807,45.826443404912865,54.173556595087135,Summer,1,0
Eden Gardens,Kolkata,India,Test,2018-09-09,29.0,32.760834869520224,15.9,11.065094513179748,31.02283174955251,6,302.8983587574036,44.07143776536641,55.92856223463359,Summer,0,2
Maharashtra Cricket Association Stadium,Pune,India,T20,2002-07-06,25.2,85.36295623059014,20.1,26.091410283513063,71.53113300701101,2,180.9231635731404,66.75951719632153,33.240482803678475,Monsoon,0,1
Eden Gardens,Kolkata,India,T20,2015-11-14,25.75,31.073351074454052,7.1,5.951390685152585,15.320919760113801,6,168.66839869689284,37.06888834320361,62.93111165679639,Summer,0,2
Narendra Modi Stadium,Ahmedabad,India,T20,2006-08-21,26.799999999999997,67.70843830584067,20.6,22.222875339142917,18.2808563377982,3,182.8957881393364,42.037930635772256,57.962069364227744,Post-Monsoon,1,0
Rajiv Gandhi International Stadium,Hyderabad,India,ODI,2006-12-07,22.5,56.974298444704665,12.7,20.454318839965516,31.60858477734319,4,298.8715423053702,50.39850019387388,49.60149980612612,Post-Monsoon,1,0
Narendra Modi Stadium,Ahmedabad,India,Test,2003-03-18,27.9,38.164068512130676,11.4,11.071593263568746,15.616733485717518,4,285.05721666794943,35.530908232212084,64.46909176778792,Summer,1,2
Eden Gardens,Kolkata,India,T20,2007-07-18,29.05,30.820056233162703,16.7,10.410504738805678,24.617382396969777,5,132.97948100166354,46.65438626306745,53.34561373693255,Summer,0,2
Eden Gardens,Kolkata,India,ODI,2008-11-27,22.25,87.74962242403194,9.7,22.960919713591736,71.62004396912334,2,265.56780421487974,61.84249397382811,38.15750602617189,Monsoon,0,1
Eden Gardens,Kolkata,India,T20,2006-07-15,28.549999999999997,54.665687672472274,7.9,5.45873124223909,15.492593338531247,6,183.66652340544306,46.00759732959361,53.99240267040639,Summer,0,2
Sawai Mansingh Stadium,Jaipur,India,Test,2013-08-31,26.299999999999997,45.11301854021606,14.1,8.917870028427075,3.4291972646028928,7,307.38570462137966,31.236762227245308,68.76323777275469,Winter,1,2
Eden Gardens,Kolkata,India,T20,2000-04-20,30.75,81.69566119546708,19.1,24.086769671925996,72.26892061725187,2,132.55662081250765,54.70026649473678,45.29973350526322,Winter,1,1
Narendra Modi Stadium,Ahmedabad,India,Test,2003-07-04,29.7,60.75161839336937,13.4,17.090290857829665,36.413721047344204,4,372.12036019217925,57.85377306031051,42.14622693968949,Summer,1,0
Maharashtra Cricket Association Stadium,Pune,India,ODI,2002-08-26,23.5,72.25055609980859,17.9,24.746212892649385,67.45968784474975,1,268.72804174206686,65.30393234924617,34.69606765075383,Monsoon,1,1
M. Chinnaswamy Stadium,Bengaluru,India,T20,2004-01-20,22.5,63.36997652180049,15.7,17.964805420449103,34.46772317500743,4,191.18004829392578,48.46729989902942,51.53270010097058,Post-Monsoon,1,0
Maharashtra Cricket Association Stadium,Pune,India,ODI,2011-04-09,28.700000000000003,52.13485474578693,14.7,19.774912158212864,26.843380662042517,4,291.779665104815,46.5386818557944,53.4613181442056,Post-Monsoon,1,0
Eden Gardens,Kolkata,India,ODI,2018-07-20,29.700000000000003,78.02410269964133,22.1,24.186073599608548,71.70712190869362,1,263.509886205442,58.9634304134786,41.0365695865214,Winter,1,1
Maharashtra Cricket Association Stadium,Pune,India,Test,2006-07-08,24.4,78.29689529948912,18.8,19.69319418748552,80.7457602968039,1,321.3077691356761,71.49914754881216,28.50085245118784,Monsoon,1,1
Rajiv Gandhi International Stadium,Hyderabad,India,T20,2015-11-08,26.35,49.951934448588084,15.8,16.149372855731563,30.68162131919535,2,181.67056603830196,46.02867708718999,53.97132291281001,Summer,1,0
Wankhede Stadium,Mumbai,India,ODI,2015-02-20,24.85,59.65763355415748,18.3,10.0,28.82012540704588,4,321.25076463286206,48.55134335784805,51.44865664215195,Post-Monsoon,1,0
M. A. Chidambaram Stadium,Chennai,India,T20,2007-05-19,33.1,58.0,18.4,23.3,52.0,5,164.27748611825578,44.54498847256859,55.45501152743141,Summer,0,2
Arun Jaitley Stadium,Delhi,India,T20,2013-07-01,33.857142857142854,54.0,8.728571428571428,9.620366552788933,21.367032157378958,4,153.24455570315249,31.40629920125444,68.59370079874556,Summer,0,2
Narendra Modi Stadium,Ahmedabad,India,ODI,2003-10-02,29.35,62.29578640398245,6.8,10.283188301198095,36.47732792145658,3,270.2944222764602,49.83461817495452,50.16538182504548,Summer,0,0
Rajiv Gandhi International Stadium,Hyderabad,India,ODI,2015-10-26,26.6,44.89680698143423,13.9,21.711118971903566,33.87371610483144,4,319.5669807158948,54.075827801492345,45.924172198507655,Post-Monsoon,1,0
Wankhede Stadium,Mumbai,India,ODI,2024-06-20,27.4,64.44442346143099,20.7,11.720391959327806,17.885030991123593,2,313.80746215161685,54.15874170399537,45.84125829600463,Winter,1,0
Narendra Modi Stadium,Ahmedabad,India,T20,2000-12-03,21.7,38.62760104622329,16.9,11.927007068257103,34.2586961976827,4,161.04810400090858,45.118238808499456,54.881761191500544,Winter,1,2
Eden Gardens,Kolkata,India,ODI,2000-09-15,27.75,68.71182246829149,16.6,22.559780758600926,78.70104091737159,2,264.8600404856618,63.74906890185661,36.25093109814339,Monsoon,1,1
M. Chinnaswamy Stadium,Bengaluru,India,T20,2004-03-25,27.2,63.30444189722476,10.2,15.768280755277729,18.509206874556867,3,168.28382897161228,56.08074470490009,43.91925529509991,Winter,1,0
Arun Jaitley Stadium,Delhi,India,Test,2003-12-01,14.7,31.70787908800736,10.6,10.82149841513979,26.50117891225443,5,286.55826392977434,40.120974441156775,59.879025558843225,Summer,1,2
Sawai Mansingh Stadium,Jaipur,India,T20,2008-10-19,26.15,40.40234749952944,12.9,7.2747865635458995,37.179012716781614,4,161.13803738729962,34.56444900755618,65.43555099244382,Summer,1,2
Sawai Mansingh Stadium,Jaipur,India,ODI,2013-01-06,9.799999999999999,27.47469155780454,8.8,7.737493640715649,11.507199590463141,6,246.98778380077997,48.0,52.0,Summer,1,2
Arun Jaitley Stadium,Delhi,India,T20,2000-06-28,32.9,51.8805917001142,12.6,13.651354883785883,14.897514517005813,7,178.73491168844697,41.501589865805364,58.498410134194636,Summer,0,2
Narendra Modi Stadium,Ahmedabad,India,ODI,2005-10-05,26.700000000000003,56.72274052732851,8.4,21.041733884243307,23.840613393623496,3,304.1412019494306,53.91558607266768,46.08441392733232,Summer,1,0
Maharashtra Cricket Association Stadium,Pune,India,Test,2007-05-02,31.2,55.671254090433244,13.9,13.989157421450466,33.59986448047536,4,369.3159687685934,49.200688074577315,50.799311925422685,Winter,0,0
Eden Gardens,Kolkata,India,T20,2018-12-04,21.25,47.81961037446924,10.9,10.594660907280113,25.00592771008759,4,156.68943094260248,35.65966050777078,64.34033949222922,Summer,0,2
M. Chinnaswamy Stadium,Bengaluru,India,T20,2012-02-24,23.65,57.8419855526687,19.2,23.285888533792082,23.58932473202148,3,171.865066503712,46.41125262220062,53.58874737779938,Summer,0,0
Eden Gardens,Kolkata,India,Test,2022-01-08,21.049999999999997,73.98578296178803,9.7,24.125393297377116,62.83887539675386,1,330.868258779898,62.35678481331292,37.64321518668708,Monsoon,1,1
Eden Gardens,Kolkata,India,Test,2009-11-10,27.200000000000003,43.703979402760794,7.0,8.531893930762697,27.903069503349844,4,310.57434893475727,48.0,52.0,Summer,1,2
M. A. Chidambaram Stadium,Chennai,India,T20,2005-02-20,27.0,72.5,25.9,21.2,57.0,1,186.85416067980438,61.040985021549105,38.959014978450895,Post-Monsoon,1,1
M. A. Chidambaram Stadium,Chennai,India,T20,2000-03-02,23.5,86.89574295609196,10.6,22.958816579881237,60.250599106938736,1,128.23108432131914,61.880323318579215,38.119676681420785,Monsoon,0,1
Maharashtra Cricket Association Stadium,Pune,India,T20,2005-07-16,24.9,56.09882424257743,11.4,13.827365857092087,21.34607163916764,2,172.8034587070067,54.79259366455146,45.20740633544854,Summer,1,0
Eden Gardens,Kolkata,India,T20,2007-02-16,20.25,80.59045932470801,10.5,24.645689846511246,70.93933232661135,2,171.13512343098648,63.01761455764665,36.98238544235335,Monsoon,1,1
Sawai Mansingh Stadium,Jaipur,India,Test,2003-09-17,26.65,35.605882368917946,15.5,17.146266952589862,32.281347216577046,7,281.1872440328631,34.31975658222285,65.68024341777715,Winter,1,2
Wankhede Stadium,Mumbai,India,Test,2018-09-08,26.0,40.41473460508226,17.7,18.815581136656043,28.895892301133443,4,389.3870590990897,45.09367047492694,54.90632952507306,Summer,1,0
Arun Jaitley Stadium,Delhi,India,T20,2002-09-01,29.25,54.74534647144476,11.6,12.157539657669503,11.895542322441859,4,175.86714429633298,45.56205735991709,54.43794264008291,Winter,0,2
Maharashtra Cricket Association Stadium,Pune,India,T20,2002-02-06,23.85,76.61165273115688,15.1,25.974275006624012,75.08990558174891,2,121.13375504051324,53.0,47.0,Post-Monsoon,1,1
M. A. Chidambaram Stadium,Chennai,India,T20,2024-01-10,26.8,77.8,22.3,22.4,51.9,6,147.58792158281503,40.893275845069454,59.106724154930546,Summer,1,2
Eden Gardens,Kolkata,India,ODI,2024-09-02,28.85,35.40322483282388,16.2,9.320192616915344,31.938510769569866,7,260.6191777125181,38.462946167529886,61.537053832470114,Summer,0,2
Eden Gardens,Kolkata,India,Test,2005-02-11,22.85,86.8940220542318,11.6,22.58752062466206,73.72651284856755,2,276.1802310617914,64.06839989677228,35.93160010322772,Winter,1,1
Wankhede Stadium,Mumbai,India,T20,2016-05-19,30.85,78.64339705222775,19.3,21.99812104376985,55.0,2,168.15530073709883,63.40136674122853,36.59863325877147,Monsoon,0,1
M. A. Chidambaram Stadium,Chennai,India,T20,2023-01-18,25.4,71.1,16.8,19.5,48.2,4,142.37618551068093,44.998561143346905,55.001438856653095,Summer,1,2
Punjab Cricket Association IS Bindra Stadium,Mohali,India,T20,2003-08-05,28.85,77.41841405423239,7.2,21.710764727638583,68.84569352777122,1,158.61118723261282,71.24573017923352,28.75426982076648,Winter,1,1
Narendra Modi Stadium,Ahmedabad,India,T20,2004-12-25,21.85,58.23910413247251,16.3,19.877775199759938,7.263333747575132,4,188.2830730776241,46.34313050264,53.65686949736,Post-Monsoon,1,2
Narendra Modi Stadium,Ahmedabad,India,T20,2001-04-17,29.650000000000002,48.7537024115044,15.3,21.51429470599283,33.429207452769035,3,170.76956172059644,40.87044571980118,59.12955428019882,Post-Monsoon,1,2
Rajiv Gandhi International Stadium,Hyderabad,India,T20,2007-12-17,24.1,48.59443551184368,17.7,22.59673409310794,19.480746235447484,3,190.98281527119323,60.0,40.0,Winter,1,0
M. A. Chidambaram Stadium,Chennai,India,T20,2013-10-15,28.9,78.4,22.3,24.6,62.8,1,153.2008960138029,66.37196054230807,33.628039457691926,Monsoon,1,1
M. A. Chidambaram Stadium,Chennai,India,ODI,2018-05-04,31.5,68.2,24.1,24.8,43.3,7,279.3831205855653,39.625093910050815,60.374906089949185,Summer,0,2
M. Chinnaswamy Stadium,Bengaluru,India,T20,2000-03-21,25.95,62.78245093078341,17.1,23.857028461249783,23.233582114577167,2,187.63894517870472,57.71452508039295,42.28547491960705,Winter,1,0
Maharashtra Cricket Association Stadium,Pune,India,ODI,2002-12-10,23.75,64.27827043286216,9.1,16.906638855453057,27.07347916792077,3,287.14901745255315,51.73463946968347,48.26536053031653,Summer,0,0
Wankhede Stadium,Mumbai,India,ODI,2017-10-23,28.5,46.530485557014465,15.3,19.617086274839927,20.97294104593204,3,280.8199623311226,57.336077025114534,42.663922974885466,Summer,0,0
Rajiv Gandhi International Stadium,Hyderabad,India,T20,2020-10-31,24.85,56.47502091597979,12.8,16.705613783492133,19.28706362131915,4,190.12636522036468,50.678779356719915,49.321220643280085,Winter,0,0
Wankhede Stadium,Mumbai,India,T20,2001-05-27,29.4,59.345647448791546,28.8,18.557968813935048,44.15038685532785,2,168.55248544032094,40.730565476759054,59.269434523240946,Winter,1,0
Narendra Modi Stadium,Ahmedabad,India,T20,2024-02-03,24.25,46.08050957491942,10.2,10.358433197018257,10.182030150945149,6,146.50219329531694,34.914113261898976,65.08588673810102,Summer,1,2
Narendra Modi Stadium,Ahmedabad,India,T20,2019-08-17,27.45,36.4419181861545,17.5,12.93892830015906,23.851213149745718,4,159.50501434755674,39.03079602794745,60.96920397205255,Summer,0,2
M. Chinnaswamy Stadium,Bengaluru,India,ODI,2005-12-31,18.700000000000003,59.6685797493821,14.5,14.10131859521963,12.78712083689642,4,331.03157782680097,54.39657491697828,45.60342508302172,Winter,1,0
M. A. Chidambaram Stadium,Chennai,India,ODI,2019-06-26,30.4,73.3,29.9,24.6,74.6,2,264.19258860132436,62.033045638613935,37.966954361386065,Monsoon,0,1
Maharashtra Cricket Association Stadium,Pune,India,T20,2001-12-15,22.55,78.17143319395588,6.6,23.08860432426582,55.0,2,160.37478044370044,59.42255759040651,40.57744240959349,Winter,0,1
M. Chinnaswamy Stadium,Bengaluru,India,ODI,2001-01-05,22.15,40.0,13.7,15.569741040496197,5.947875361692635,2,299.459308660532,45.12695288773793,54.87304711226207,Winter,1,0
M. A. Chidambaram Stadium,Chennai,India,ODI,2013-04-28,31.9,64.1,24.1,23.7,32.5,1,254.52541098485761,60.826970002347,39.173029997653,Monsoon,1,1
Narendra Modi Stadium,Ahmedabad,India,ODI,2019-11-02,26.799999999999997,59.48350385410501,14.2,21.765562830773145,38.95775164970507,4,296.2886526660974,60.0,40.0,Winter,1,0
M. A. Chidambaram Stadium,Chennai,India,T20,2000-10-17,27.85,82.69887308335726,19.6,22.92051629956196,67.01209502661598,1,156.2905261374352,56.26295918880537,43.73704081119463,Monsoon,1,1
Sawai Mansingh Stadium,Jaipur,India,T20,2006-05-15,35.099999999999994,20.0,14.0,9.325544642312847,21.624640597502104,6,156.46646408056787,40.96343813043414,59.03656186956586,Summer,1,2
M. A. Chidambaram Stadium,Chennai,India,ODI,2007-01-05,24.1,75.3,13.0,19.2,52.7,5,245.41715835731225,38.119652018396145,61.880347981603855,Summer,0,2
Rajiv Gandhi International Stadium,Hyderabad,India,T20,2014-05-02,31.75,40.0,13.7,23.27687953730738,25.502443982082468,3,169.20411569821226,51.21435435611269,48.78564564388731,Winter,1,0
Eden Gardens,Kolkata,India,T20,2016-06-05,29.35,78.87182966991034,12.8,24.478825113821813,83.46813031635759,2,169.23958048793756,61.25333270089789,38.74666729910211,Post-Monsoon,0,1
Sawai Mansingh Stadium,Jaipur,India,T20,2024-08-13,27.1,36.232261457709164,17.6,10.916052630409347,19.804478716081444,4,140.4204261064881,45.555524504587794,54.444475495412206,Summer,0,2
Narendra Modi Stadium,Ahmedabad,India,ODI,2013-05-21,35.9,48.400356757591666,17.1,16.196934816229835,27.419295111821548,5,264.5848973810745,31.280327369161043,68.71967263083896,Winter,0,2
Maharashtra Cricket Association Stadium,Pune,India,Test,2020-11-30,24.4,61.85620591520714,12.4,12.653510681856648,25.25972939167428,4,384.21162559734944,56.711278630133165,43.288721369866835,Post-Monsoon,1,0
M. A. Chidambaram Stadium,Chennai,India,T20,2006-02-15,25.4,61.0,14.8,16.7,44.1,6,168.5661750283415,40.378637681644214,59.621362318355786,Summer,0,2
M. A. Chidambaram Stadium,Chennai,India,T20,2022-12-25,26.4,90.9,27.7,24.8,81.5,4,162.11653354091314,39.03145266932422,60.96854733067578,Winter,1,1
M. A. Chidambaram Stadium,Chennai,India,T20,2008-09-13,30.3,49.1,25.9,17.9,59.6,6,151.92096101826002,27.25336023696498,72.74663976303502,Summer,0,2
Eden Gardens,Kolkata,India,ODI,2006-09-11,28.3,42.44055776057076,13.5,9.38018246422178,22.927599497184595,7,265.07550997593944,30.687539139738135,69.31246086026187,Summer,1,2
Arun Jaitley Stadium,Delhi,India,ODI,2000-08-26,29.0,46.84805033202229,10.6,9.735988176062902,25.828742909319715,5,257.43367448327206,42.69149547658325,57.30850452341675,Summer,1,2
Arun Jaitley Stadium,Delhi,India,T20,2016-08-19,32.07142857142857,68.28571428571429,1.917857142857143,7.286611341612712,12.542049630935601,6,155.06772209865096,40.79836041411241,59.20163958588759,Summer,0,2
Rajiv Gandhi International Stadium,Hyderabad,India,T20,2000-11-09,24.6,63.87713495772364,11.0,23.10140737755669,24.67164679808792,3,159.10964642352212,50.639181332689276,49.360818667310724,Winter,1,0
Arun Jaitley Stadium,Delhi,India,ODI,2023-06-27,29.6,46.25219019994961,18.6,10.58765902132063,21.34759495187938,6,266.7352891105068,38.275914610551055,61.724085389448945,Summer,0,2
Arun Jaitley Stadium,Delhi,India,T20,2011-07-19,29.2,32.70459247146679,7.9,9.854786318005013,8.433282835287683,6,158.1874117809153,42.34701170101362,57.65298829898638,Summer,1,2
Eden Gardens,Kolkata,India,T20,2006-04-25,31.049999999999997,79.83730208103823,12.8,23.698660279175854,82.03936605971369,1,146.4464164683927,62.854512723891105,37.145487276108895,Monsoon,0,1
M. A. Chidambaram Stadium,Chennai,India,ODI,2019-01-29,25.9,75.5,20.0,21.1,43.0,1,245.51226896579038,60.09932684941217,39.90067315058783,Winter,1,1
M. A. Chidambaram Stadium,Chennai,India,ODI,2000-04-28,33.15,91.36345162112875,24.2,24.30991202568511,90.82649022652714,1,264.7936404101175,61.31537836752476,38.68462163247524,Post-Monsoon,1,1
Narendra Modi Stadium,Ahmedabad,India,T20,2018-09-06,26.65,30.260079380998125,17.5,10.466522824133932,11.80182403537312,6,162.22712823025327,32.84450417205352,67.15549582794648,Summer,1,2
Arun Jaitley Stadium,Delhi,India,Test,2012-05-01,28.1,25.473927422555885,12.3,9.383686047146771,27.182501285868508,6,269.7029777314885,43.93282887552084,56.06717112447916,Winter,1,2
M. Chinnaswamy Stadium,Bengaluru,India,T20,2023-10-17,25.15,48.40435467525762,15.5,14.577473457712312,24.815848684603797,3,195.41346845085914,52.684388284175455,47.315611715824545,Summer,1,0
Narendra Modi Stadium,Ahmedabad,India,T20,2018-10-30,27.299999999999997,40.38008856948444,14.9,9.532767595643229,16.512346582511608,5,118.22437497621198,43.56776990685177,56.43223009314823,Summer,1,2
Eden Gardens,Kolkata,India,T20,2016-03-25,28.700000000000003,43.95466870999741,12.6,11.98223328559262,15.954882359617635,5,145.91123332073462,46.838769493985296,53.161230506014704,Summer,0,2
M. A. Chidambaram Stadium,Chennai,India,ODI,2010-07-23,30.0,68.6,20.5,23.3,69.0,2,258.5104582462737,53.0,47.0,Monsoon,0,1
Arun Jaitley Stadium,Delhi,India,T20,2005-12-20,14.2,46.314952359348425,9.0,11.52710136849455,28.319437588945927,6,160.6947002117008,48.0,52.0,Summer,1,2
Narendra Modi Stadium,Ahmedabad,India,ODI,2022-02-03,22.0,30.1351845787338,16.5,13.986617984488046,16.962110374491974,7,243.4257184048056,37.144129668544764,62.855870331455236,Summer,1,2
M. A. Chidambaram Stadium,Chennai,India,T20,2018-12-25,25.9,81.4,18.4,22.2,35.9,1,177.3668294482998,54.181180960850156,45.818819039149844,Winter,1,1
M. Chinnaswamy Stadium,Bengaluru,India,Test,2020-07-24,23.2,56.66227910461299,16.3,17.555488819202044,19.89784696638698,2,400.1647983438776,51.58412242980034,48.41587757019966,Post-Monsoon,1,0
Maharashtra Cricket Association Stadium,Pune,India,T20,2017-03-20,26.700000000000003,63.11789636066505,17.0,20.307489323181116,37.99263441988566,3,202.43138682246675,40.0,60.0,Winter,1,0
Eden Gardens,Kolkata,India,T20,2015-08-09,29.2,55.0,11.7,14.531735998487289,24.114289538960108,5,178.55424676985865,47.18484648734608,52.81515351265392,Summer,1,2
Punjab Cricket Association IS Bindra Stadium,Mohali,India,ODI,2022-01-12,12.399999999999999,76.27069233215508,9.8,25.10512667223712,66.91864888100574,1,245.51075412356795,63.19870697801589,36.80129302198411,Monsoon,1,1
Wankhede Stadium,Mumbai,India,ODI,2002-08-10,25.05,61.4462299545973,22.5,11.05226289239652,14.287439808052708,3,298.22546137475666,57.70835423404597,42.29164576595403,Summer,1,0
Wankhede Stadium,Mumbai,India,T20,2005-08-13,26.45,85.50703318474855,21.1,26.24174608027799,65.66803136238418,1,178.01818853838358,65.50651297579365,34.493487024206345,Monsoon,1,1
Narendra Modi Stadium,Ahmedabad,India,ODI,2024-06-12,34.400000000000006,66.63292497697108,19.5,21.030996711331287,40.78824897780453,2,304.1228775598679,47.06679848840906,52.93320151159094,Summer,0,2
Narendra Modi Stadium,Ahmedabad,India,Test,2022-08-19,27.6,46.79347195028249,18.1,11.625948745620107,27.59783824275336,6,317.2067955089603,39.659495182811405,60.340504817188595,Summer,0,2
Sawai Mansingh Stadium,Jaipur,India,ODI,2020-11-17,20.5,39.03825857969475,11.5,13.3416233284895,6.413137296236952,5,236.95963983895365,42.04625153305091,57.95374846694909,Winter,0,2
Narendra Modi Stadium,Ahmedabad,India,T20,2013-02-23,24.8,55.0,14.9,5.306556500300671,28.292721050297864,4,157.6894045384065,44.134045526965366,55.865954473034634,Summer,1,2
Eden Gardens,Kolkata,India,ODI,2000-11-22,24.05,55.0,8.0,16.91868756434144,16.74566567443396,6,283.4503760584868,33.31975701370649,66.6802429862935,Summer,0,2
Wankhede Stadium,Mumbai,India,ODI,2019-07-02,27.05,51.950570745276146,18.8,16.36078548062149,8.767318115395916,3,309.02984708497445,53.767067205857394,46.232932794142606,Post-Monsoon,0,0
M. Chinnaswamy Stadium,Bengaluru,India,T20,2016-09-04,22.4,53.566269669744806,18.3,17.986949798218046,16.297484518826252,2,211.11003775002237,47.27646788627825,52.72353211372175,Winter,0,0
Punjab Cricket Association IS Bindra Stadium,Mohali,India,ODI,2018-02-11,17.0,71.77438676780021,16.8,28.04467845370661,74.99307716203317,2,267.1110812843269,55.35391957648283,44.64608042351717,Monsoon,1,1
M. A. Chidambaram Stadium,Chennai,India,ODI,2010-11-28,26.5,83.5,22.3,23.3,62.4,6,238.01781366462532,45.41948144802825,54.58051855197175,Summer,0,1
Wankhede Stadium,Mumbai,India,T20,2010-01-23,24.4,52.19441768266792,14.9,14.481675816389066,48.0,2,178.52391253056203,50.45696140850844,49.54303859149156,Post-Monsoon,0,0
Narendra Modi Stadium,Ahmedabad,India,T20,2016-07-03,29.950000000000003,27.640264172204542,16.0,11.22892043254714,15.686684812715102,4,160.20312759682727,42.928557644945926,57.071442355054074,Winter,1,2
Punjab Cricket Association IS Bindra Stadium,Mohali,India,ODI,2003-10-04,23.95,85.66476865532097,9.1,21.391645745937822,64.54246419485006,2,239.61142706870288,62.62366517911034,37.37633482088966,Post-Monsoon,1,1
Maharashtra Cricket Association Stadium,Pune,India,T20,2001-11-07,24.8,58.75491705600801,10.9,13.097642727163077,33.95865356295796,2,174.7677785709149,51.493706176453884,48.506293823546116,Winter,1,0
Punjab Cricket Association IS Bindra Stadium,Mohali,India,T20,2024-11-22,20.0,78.92448921683436,6.6,19.970247563315585,60.17849192045602,1,202.86347899756055,65.87017034444868,34.12982965555132,Monsoon,1,1
Eden Gardens,Kolkata,India,ODI,2021-12-23,18.6,69.69620337786077,9.9,21.999114077273816,62.66539641993488,1,257.61577897228636,57.23950823834016,42.76049176165984,Winter,0,1
Wankhede Stadium,Mumbai,India,T20,2011-05-25,29.450000000000003,55.973165878627064,16.7,16.09569954406847,40.372923369751305,2,185.55624979067292,52.66798729525032,47.33201270474968,Winter,1,0
Arun Jaitley Stadium,Delhi,India,T20,2010-09-05,26.65,48.01380006852156,9.3,9.693777581168113,14.167174632704159,7,180.47561660445098,36.04599139410505,63.95400860589495,Winter,0,2
Narendra Modi Stadium,Ahmedabad,India,T20,2002-02-24,23.95,58.780648203449104,11.8,14.272472606404273,35.05951290574182,4,182.64756885111126,50.03647203322499,49.96352796677501,Summer,0,0
Sawai Mansingh Stadium,Jaipur,India,Test,2015-08-28,29.5,30.354998660788816,15.0,7.274733413364823,16.36745132448921,4,331.67695217588374,39.45176122712996,60.54823877287004,Summer,1,2
M. A. Chidambaram Stadium,Chennai,India,Test,2011-03-22,28.6,84.4,22.3,25.5,27.2,5,280.4120075013938,36.421363594626136,63.578636405373864,Winter,0,2
Wankhede Stadium,Mumbai,India,ODI,2018-10-17,28.05,87.75142616921144,14.5,23.15210262625857,74.76993475080346,2,234.7292929678673,64.1199548018159,35.880045198184106,Winter,1,1
Narendra Modi Stadium,Ahmedabad,India,T20,2001-07-18,27.7,59.237725391484005,19.9,17.65133814608558,6.299257389227883,4,205.63250207765213,48.049229194441295,51.950770805558705,Post-Monsoon,1,0
M. A. Chidambaram Stadium,Chennai,India,T20,2014-03-21,29.5,71.8,18.4,23.4,35.7,4,173.3713510062616,41.0322287920527,58.9677712079473,Winter,0,2
Wankhede Stadium,Mumbai,India,ODI,2002-05-27,30.25,82.40565279266923,18.7,20.48859463792505,65.3889628310628,2,269.3878025834638,61.66509497841835,38.33490502158165,Post-Monsoon,0,1
Eden Gardens,Kolkata,India,Test,2018-02-03,22.25,38.49288276951581,9.8,7.445104375147358,22.41563917044479,5,307.2656740939437,37.24827449297556,62.75172550702444,Summer,0,2
Punjab Cricket Association IS Bindra Stadium,Mohali,India,ODI,2005-07-07,27.7,83.01793071306562,26.1,26.32100582263013,75.30502434772144,1,277.87463296321243,65.09783028155906,34.902169718440945,Post-Monsoon,1,1
Eden Gardens,Kolkata,India,ODI,2021-03-10,29.55,80.83924982223051,17.6,25.905199344976907,67.95601351214884,1,287.80973471923886,62.5199500362992,37.4800499637008,Monsoon,1,1
Punjab Cricket Association IS Bindra Stadium,Mohali,India,Test,2017-08-14,29.700000000000003,80.53527928910027,12.9,24.797017014369654,74.4446556638508,2,321.9668529151635,60.41499224264018,39.58500775735982,Winter,0,1
Wankhede Stadium,Mumbai,India,ODI,2001-07-18,26.95,50.69348356252502,25.3,16.65870554510917,20.92119786764155,2,306.4423274492122,51.9147767173108,48.0852232826892,Summer,1,0
Wankhede Stadium,Mumbai,India,ODI,2004-05-19,28.7,75.21691602096891,21.3,25.386274889052537,58.248667615114044,2,294.1462264610764,69.08454599377006,30.915454006229936,Monsoon,1,1
Eden Gardens,Kolkata,India,ODI,2000-11-09,23.9,82.46834928557452,9.8,19.877365619498974,62.96935822206376,1,296.32258787514587,66.31151000567492,33.68848999432508,Monsoon,1,1
Wankhede Stadium,Mumbai,India,T20,2006-10-09,27.7,42.333887694200605,11.9,18.947993336838593,24.96068560390024,4,177.55877003832728,52.52253564253457,47.47746435746543,Post-Monsoon,1,1
Narendra Modi Stadium,Ahmedabad,India,ODI,2024-03-19,28.35,32.972122158905684,15.1,10.884385214469763,31.91718433544809,5,272.99004498711736,42.4111623935146,57.5888376064854,Summer,1,2
Eden Gardens,Kolkata,India,ODI,2003-03-17,26.1,28.864494190860768,11.3,18.0,19.784637941002202,5,259.37280267259814,32.83392746696913,67.16607253303087,Summer,0,2
Arun Jaitley Stadium,Delhi,India,ODI,2023-06-02,27.3,44.59541649907984,15.8,12.963978585343359,23.96399125219986,6,244.9770985403883,44.6449458356529,55.3550541643471,Summer,0,2
Sawai Mansingh Stadium,Jaipur,India,T20,2002-08-31,28.799999999999997,37.731172480350864,9.6,11.253983842198291,40.13948713625808,7,173.7424790879498,35.827372263154714,64.17262773684529,Summer,1,2
M. A. Chidambaram Stadium,Chennai,India,T20,2021-09-11,31.6,70.6,27.7,25.3,60.4,1,124.79882188178792,56.597782084960244,43.402217915039756,Monsoon,1,1
Arun Jaitley Stadium,Delhi,India,Test,2021-06-30,36.7,52.57039080650487,33.5,7.1567923794625035,14.611147148313293,7,307.18901931630467,42.60294206427706,57.39705793572294,Winter,0,2
Arun Jaitley Stadium,Delhi,India,T20,2013-01-01,10.0,84.5,0.0,8.505902903608085,19.1613342431761,7,133.540135666259,40.31502507918388,59.68497492081612,Summer,0,2
Sawai Mansingh Stadium,Jaipur,India,Test,2006-08-16,28.55,38.09642544481461,16.9,7.719585888614051,21.175930435990722,5,275.46021824748306,39.69807035787792,60.30192964212208,Summer,1,2
Eden Gardens,Kolkata,India,T20,2012-01-30,20.35,75.41840329082885,14.1,21.3801920370543,63.22345665087448,1,120.71896842657229,59.48438665317038,40.51561334682962,Monsoon,0,1
Narendra Modi Stadium,Ahmedabad,India,T20,2014-01-15,18.549999999999997,57.52085193690655,12.0,17.98467262800128,9.646936978387933,4,178.49601797396477,46.4016646148963,53.5983353851037,Summer,1,2
Rajiv Gandhi International Stadium,Hyderabad,India,T20,2022-09-23,25.25,53.266140649526065,16.9,18.296355263654082,48.0,3,158.31861821165543,58.408010636898034,41.591989363101966,Winter,1,0
Rajiv Gandhi International Stadium,Hyderabad,India,T20,2019-02-25,28.549999999999997,53.58254183845934,18.1,16.752923740278632,41.53463227923318,4,193.45539151695894,49.46559064837869,50.53440935162131,Post-Monsoon,1,0
Punjab Cricket Association IS Bindra Stadium,Mohali,India,ODI,2016-08-14,28.933333333333334,83.7,6.369999999999998,21.65228076457046,67.79553562592542,2,291.63207362148876,61.33220402356999,38.66779597643001,Post-Monsoon,0,1
Arun Jaitley Stadium,Delhi,India,ODI,2020-02-29,19.05,43.035232048817605,21.3,13.456291851042327,18.7567402636616,6,245.9321005466278,35.64588614816681,64.35411385183319,Summer,1,2
Narendra Modi Stadium,Ahmedabad,India,ODI,2010-10-01,28.75,30.478230328594265,10.6,7.509578600623187,19.296476472503,4,258.3769306682405,47.93549150399121,52.06450849600879,Winter,1,2
Punjab Cricket Association IS Bindra Stadium,Mohali,India,T20,2001-04-17,25.25,83.60075107476801,10.9,23.488270212613912,84.07072887600481,1,153.67416764954714,64.74122671414328,35.25877328585672,Monsoon,1,1
Eden Gardens,Kolkata,India,T20,2004-09-29,28.05,45.2378332012512,9.7,5.994692023314372,10.742535075191462,7,118.22953280177904,35.88429515316349,64.11570484683651,Winter,1,2
Narendra Modi Stadium,Ahmedabad,India,T20,2021-07-06,31.5,37.65493128287274,15.0,11.397039519208018,18.543305353354683,5,171.4340786497152,37.25935810178902,62.74064189821098,Summer,1,2
M. A. Chidambaram Stadium,Chennai,India,T20,2017-12-31,26.3,75.4,22.3,21.3,36.5,7,165.94120110688584,32.81849121718355,67.18150878281645,Summer,0,2
M. A. Chidambaram Stadium,Chennai,India,Test,2000-02-23,26.0,84.40276477810644,13.2,25.9653246036355,79.61505332406745,2,322.1495274810776,60.69576975313979,39.30423024686021,Monsoon,0,1
Maharashtra Cricket Association Stadium,Pune,India,T20,2017-05-16,29.25,50.93269967496116,19.7,23.43662787921911,17.318517306046836,2,174.38076036252718,40.0,60.0,Post-Monsoon,1,0
Narendra Modi Stadium,Ahmedabad,India,ODI,2008-03-24,28.05,32.010138289473566,9.4,9.043519888289165,19.802629371913625,4,267.9223760088626,38.91658585670292,61.08341414329708,Summer,1,2
M. A. Chidambaram Stadium,Chennai,India,T20,2017-04-19,32.2,73.0,22.4,26.5,27.7,4,150.83872067888439,39.637134597044906,60.362865402955094,Winter,0,2
M. A. Chidambaram Stadium,Chennai,India,ODI,2001-03-19,28.05,82.60514859942629,16.1,20.18570864700444,65.29269093982596,1,255.92421828459368,53.973642763873194,46.026357236126806,Winter,1,1
M. Chinnaswamy Stadium,Bengaluru,India,T20,2004-12-28,20.75,63.21057839822484,15.8,13.846831525395011,28.39872568831132,4,176.31617926184117,46.00243157450688,53.99756842549312,Winter,1,0
Punjab Cricket Association IS Bindra Stadium,Mohali,India,T20,2005-07-29,30.1,84.59034511680461,12.7,21.490804565845785,60.48690500592636,2,151.90710992518984,58.795336187285514,41.204663812714486,Monsoon,1,1
Narendra Modi Stadium,Ahmedabad,India,ODI,2019-08-02,27.6,45.97298591856052,14.6,17.082652172568466,24.130959035046523,2,298.1053597293325,58.27577971518727,41.72422028481273,Post-Monsoon,0,0
M. A. Chidambaram Stadium,Chennai,India,T20,2017-10-17,26.8,91.9,16.6,25.3,73.9,4,146.25230207427248,34.877436622866554,65.12256337713345,Summer,0,1
Eden Gardens,Kolkata,India,Test,2007-09-06,27.35,45.84538635461941,16.4,8.01292931947458,21.94614235071279,6,303.31495006948586,40.53766872133032,59.46233127866968,Winter,0,2
Wankhede Stadium,Mumbai,India,ODI,2020-01-25,25.6,89.94990612192515,20.3,21.734616873128502,66.63241900142866,2,277.19319784646564,53.0,47.0,Monsoon,1,1
Sawai Mansingh Stadium,Jaipur,India,T20,2021-09-25,26.65,38.79768301059273,10.0,13.13082462941353,28.43785359857216,4,146.99076812579102,44.87919168617504,55.12080831382496,Winter,1,2
Maharashtra Cricket Association Stadium,Pune,India,T20,2021-05-23,27.25,58.47761560242935,16.3,16.85292045660347,14.920389779361136,3,171.70789544840653,58.61522715485437,41.38477284514563,Summer,1,0
Wankhede Stadium,Mumbai,India,T20,2005-08-16,25.7,88.78286705672544,20.0,21.814082963983754,77.21275930454088,1,166.3543511102676,59.91450637969746,40.08549362030254,Monsoon,0,1
Punjab Cricket Association IS Bindra Stadium,Mohali,India,T20,2009-12-31,14.35,80.5221176585066,14.8,24.002089692146683,74.18826628961037,1,132.49827383917489,55.91222290490756,44.08777709509244,Monsoon,1,1
M. Chinnaswamy Stadium,Bengaluru,India,T20,2011-05-26,25.2,41.89941513857656,15.5,22.577397675382826,29.757354996869275,4,171.93184928249926,47.5741734415189,52.4258265584811,Summer,0,2
Arun Jaitley Stadium,Delhi,India,ODI,2008-01-15,16.4,43.605785254876686,18.1,8.616201634624835,28.4285205424647,5,253.92488424469062,32.56300855157069,67.43699144842931,Summer,1,2
Wankhede Stadium,Mumbai,India,T20,2021-12-24,22.1,53.99906360699451,14.6,24.0,32.02795788955417,3,183.59232116901205,44.93750039725257,55.06249960274743,Summer,1,0
M. A. Chidambaram Stadium,Chennai,India,T20,2020-06-11,30.0,69.7,25.7,23.5,76.8,1,166.20594738129586,72.7889986168736,27.2110013831264,Post-Monsoon,1,1
Arun Jaitley Stadium,Delhi,India,T20,2010-04-06,29.25,35.11993314152071,21.7,10.322830420941093,8.727175253059187,4,147.92316650033786,41.92939056377623,58.07060943622377,Summer,1,2
Rajiv Gandhi International Stadium,Hyderabad,India,T20,2024-05-19,28.45,66.30655709306077,11.4,18.590473728474684,17.634507144370918,3,172.81821818964386,58.82414392301801,41.17585607698199,Summer,0,0
M. Chinnaswamy Stadium,Bengaluru,India,ODI,2011-05-23,25.700000000000003,40.0,13.4,17.835679964521418,22.65134807279888,2,296.39530320951445,45.679705125332745,54.320294874667255,Post-Monsoon,1,0
Eden Gardens,Kolkata,India,ODI,2013-04-06,29.65,25.94139481781562,12.6,8.417474964429289,37.65939273660713,4,251.82375873473026,30.99129026126427,69.00870973873573,Summer,0,2
Arun Jaitley Stadium,Delhi,India,Test,2005-09-19,27.7,53.11503636813883,8.1,12.06343686498637,17.79764587548038,4,311.94955591161334,35.77899404653557,64.22100595346443,Summer,1,2
Narendra Modi Stadium,Ahmedabad,India,T20,2000-04-03,30.85,37.253610802772066,10.5,12.096423417928504,43.43082943494028,7,147.39103205072806,35.743572125776055,64.25642787422395,Winter,0,2
Arun Jaitley Stadium,Delhi,India,Test,2019-10-25,25.05,47.36053123375724,10.0,9.88584007643772,8.060332100340727,4,317.3123586688374,33.73947287745705,66.26052712254295,Summer,0,2
Narendra Modi Stadium,Ahmedabad,India,T20,2023-03-04,30.55,60.5567620674813,14.1,19.528789774316234,20.23634243498128,3,161.7300995090085,53.689439947741825,46.310560052258175,Winter,1,0
Narendra Modi Stadium,Ahmedabad,India,T20,2000-06-27,32.55,43.41715508886086,22.3,15.994460691252765,33.93557021358322,4,196.45144411364902,45.106116211569564,54.893883788430436,Summer,1,2
M. A. Chidambaram Stadium,Chennai,India,ODI,2008-08-31,29.1,63.5,22.3,21.3,57.3,1,265.34181583021694,65.51033409521239,34.489665904787614,Monsoon,0,1
Punjab Cricket Association IS Bindra Stadium,Mohali,India,T20,2018-02-14,15.75,81.88744024345822,23.0,23.675698918088482,69.66731791547433,1,152.77679606516693,59.7949337810727,40.2050662189273,Post-Monsoon,1,1
M. A. Chidambaram Stadium,Chennai,India,T20,2005-12-19,23.4,89.4,24.1,21.5,98.1,1,184.55358410791575,53.0,47.0,Post-Monsoon,0,1
Maharashtra Cricket Association Stadium,Pune,India,T20,2010-07-03,23.25,60.6614207741512,10.7,19.413050892807373,38.877620882785536,4,174.31080642236623,60.0,40.0,Summer,0,0
Maharashtra Cricket Association Stadium,Pune,India,ODI,2014-11-20,24.450000000000003,53.64249994795173,8.6,18.495899709348578,42.86087433365289,4,283.4559951182212,55.98465444773125,44.01534555226875,Winter,1,0
Narendra Modi Stadium,Ahmedabad,India,ODI,2004-01-02,19.35,51.273768378201126,11.0,14.32429748777745,23.324434502341884,4,302.813573665467,45.232318874789414,54.767681125210586,Winter,0,2
M. A. Chidambaram Stadium,Chennai,India,T20,2017-08-07,30.4,70.9,22.3,24.3,59.3,4,178.95005707922286,36.52072121986611,63.47927878013389,Summer,0,2
M. A. Chidambaram Stadium,Chennai,India,T20,2018-02-03,24.7,65.1,16.6,17.0,26.7,1,182.8381528850531,62.128786715423765,37.871213284576235,Post-Monsoon,0,1
Arun Jaitley Stadium,Delhi,India,ODI,2021-06-08,35.15,32.43456704386653,26.5,13.182601080877397,19.365215534000413,6,255.16883680483159,46.95256216815297,53.04743783184703,Summer,0,2
M. A. Chidambaram Stadium,Chennai,India,ODI,2000-10-27,27.3,32.47907567078443,11.2,11.42350705649792,3.948186234029487,7,229.3535564138058,33.56578868677249,66.43421131322751,Winter,0,2
Maharashtra Cricket Association Stadium,Pune,India,T20,2013-01-07,22.25,51.56652813926353,10.1,15.960580555738337,27.435511008315945,4,172.108413520644,51.00011227757325,48.99988772242675,Winter,1,0
Eden Gardens,Kolkata,India,ODI,2008-04-23,31.95,34.06202328987691,15.0,9.879458008457458,21.882426264505124,7,279.3533920839755,35.55508409797676,64.44491590202324,Summer,0,2
Maharashtra Cricket Association Stadium,Pune,India,T20,2015-07-30,23.95,76.09455285111949,19.2,23.02922601666217,80.47851856490425,2,161.3036111925548,58.572214418188246,41.427785581811754,Post-Monsoon,1,1
Rajiv Gandhi International Stadium,Hyderabad,India,T20,2019-08-22,26.0,62.793726566478675,21.3,11.299893800066247,23.454797173122913,4,188.4714999605654,45.66144246548108,54.33855753451892,Summer,1,0
Narendra Modi Stadium,Ahmedabad,India,T20,2015-11-09,26.75,52.875958460986496,8.0,12.973664031299538,39.68596421774661,7,164.416945973707,43.98941381809247,56.01058618190753,Summer,0,2
Arun Jaitley Stadium,Delhi,India,Test,2020-08-21,29.2,32.30076101318272,19.0,11.587455163644384,4.307684998534214,6,301.2924590846457,47.193875636201,52.806124363799,Summer,0,2
Narendra Modi Stadium,Ahmedabad,India,T20,2006-07-13,29.4,33.02882582620773,21.3,9.37282547159513,26.598721405620857,4,171.89161625672816,43.47256751534886,56.52743248465114,Summer,1,2
M. A. Chidambaram Stadium,Chennai,India,ODI,2003-09-24,29.5,42.643167718868824,14.5,9.006239983224209,9.637897748812208,7,269.7929890297937,43.10410692840294,56.89589307159706,Summer,0,2
Narendra Modi Stadium,Ahmedabad,India,ODI,2018-06-15,34.8,53.41366967287431,27.0,21.981235803112646,36.20947044156962,3,334.5400819841629,51.71059261679263,48.28940738320737,Winter,0,0
Eden Gardens,Kolkata,India,T20,2012-07-29,26.95,84.20108657095645,12.7,24.07850049420005,76.87882019652804,2,142.38416642203387,55.701219728558335,44.298780271441665,Winter,0,1
Narendra Modi Stadium,Ahmedabad,India,T20,2021-03-19,29.599999999999998,68.0,10.6,15.559572156389224,22.54115231829698,3,171.30535449293976,53.46665649620809,46.53334350379191,Post-Monsoon,1,0
M. A. Chidambaram Stadium,Chennai,India,T20,2010-01-10,25.4,86.8,14.8,23.0,52.1,7,177.78519796612093,38.86606976945432,61.13393023054568,Winter,1,2
Wankhede Stadium,Mumbai,India,T20,2002-12-25,23.85,56.120667604973356,14.3,15.645270514118039,19.130777807488922,4,201.9022799412167,50.70403151682666,49.29596848317334,Post-Monsoon,1,0
Narendra Modi Stadium,Ahmedabad,India,Test,2017-02-25,24.9,55.0,13.1,4.989433123800458,30.834034892137126,4,314.6432602729079,39.460597778284836,60.539402221715164,Winter,0,2
Rajiv Gandhi International Stadium,Hyderabad,India,ODI,2019-01-18,23.3,48.84672051710198,9.2,19.081914517326396,21.735193264247428,4,333.69266745359937,50.27658413012252,49.72341586987748,Summer,1,0
Wankhede Stadium,Mumbai,India,T20,2010-03-07,25.6,58.68262385367439,19.3,17.76459465574036,9.16541685388867,2,163.09544443246978,49.90429060775958,50.09570939224042,Winter,1,0
Eden Gardens,Kolkata,India,T20,2019-01-07,18.15,31.46765099042623,11.3,9.86029452767434,15.919387684360006,5,155.18007592875168,36.956051142353715,63.043948857646285,Summer,0,2
Eden Gardens,Kolkata,India,T20,2009-04-17,30.4,76.6787822089706,16.6,25.375675970840604,83.13633111163382,1,193.49187891811238,67.18178459038651,32.81821540961349,Winter,0,1
M. A. Chidambaram Stadium,Chennai,India,T20,2020-10-29,25.0,93.2,27.5,23.8,95.3,4,155.09468687525563,45.09306929199704,54.90693070800296,Winter,0,1
Rajiv Gandhi International Stadium,Hyderabad,India,ODI,2001-09-11,26.4,58.30897169419488,17.6,19.190201532215603,16.69142857334638,2,344.536082857116,53.45127780638837,46.54872219361163,Post-Monsoon,1,0
Narendra Modi Stadium,Ahmedabad,India,ODI,2014-04-20,30.8,61.696363086360925,12.4,15.047250161781292,35.55964426964056,2,308.7672123070485,41.50994113135482,58.49005886864518,Winter,0,0
M. A. Chidambaram Stadium,Chennai,India,T20,2020-12-29,26.8,76.6,22.3,22.2,82.4,7,157.74798263743565,41.58121296171791,58.41878703828209,Summer,1,2
Wankhede Stadium,Mumbai,India,T20,2003-04-20,28.299999999999997,59.8925873562117,20.7,17.21677265457944,15.170698174061139,4,194.86789987634145,46.3758145478376,53.6241854521624,Winter,1,0
Punjab Cricket Association IS Bindra Stadium,Mohali,India,T20,2003-12-02,15.65,82.55783525693487,11.5,24.07179918226537,66.50795368574634,1,161.42043363475307,63.515859387545625,36.484140612454375,Winter,0,1
M. A. Chidambaram Stadium,Chennai,India,T20,2003-01-17,24.450000000000003,87.31690571789964,23.4,27.056827076589123,65.04179452337439,1,155.6226822761279,61.96554900727413,38.03445099272587,Monsoon,0,1
M. Chinnaswamy Stadium,Bengaluru,India,T20,2009-06-08,23.95,63.77444005712629,23.4,19.47197795400104,15.073373427717597,2,194.84192373961432,50.27007720577378,49.72992279422622,Winter,1,0
M. A. Chidambaram Stadium,Chennai,India,Test,2000-01-16,25.3,42.71637508828482,14.7,10.736369772753138,25.52231571906871,5,298.17414599192574,35.67015680791424,64.32984319208576,Summer,0,2
Maharashtra Cricket Association Stadium,Pune,India,T20,2004-11-05,23.25,87.21516001938328,15.7,23.71426111682799,72.43843956213495,2,160.56773767137983,62.94812433944506,37.05187566055494,Winter,1,1
Rajiv Gandhi International Stadium,Hyderabad,India,T20,2019-11-27,23.0,51.124829223871146,15.2,17.02492097810391,48.0,3,216.29744875209872,43.25297830875933,56.74702169124067,Summer,1,0
M. A. Chidambaram Stadium,Chennai,India,T20,2017-06-06,32.4,61.0,25.9,23.4,46.6,4,121.68233213916216,41.119910818728854,58.880089181271146,Summer,1,2
Rajiv Gandhi International Stadium,Hyderabad,India,T20,2018-04-23,31.15,45.5655262155277,10.0,19.167668169200404,6.849651088137808,3,200.51623454890773,40.0,60.0,Summer,1,0
Wankhede Stadium,Mumbai,India,ODI,2020-07-18,27.05,40.0,26.1,19.781091986412658,43.833877854171874,2,310.2054738253868,54.37006376507768,45.62993623492232,Summer,1,1
Maharashtra Cricket Association Stadium,Pune,India,T20,2010-04-01,26.2,79.97712257267673,15.8,22.398697064322256,69.43706390930775,1,160.68536658369914,53.03841269725094,46.96158730274906,Monsoon,0,1
Wankhede Stadium,Mumbai,India,T20,2023-06-27,26.0,74.41755238887258,20.9,22.868681578192067,67.06109200261892,1,149.28863046973996,59.64741034306812,40.35258965693188,Winter,1,1
Eden Gardens,Kolkata,India,T20,2012-06-17,29.75,33.95620014402799,20.0,9.672229286031902,25.676368501158287,4,135.5523915830915,41.01528583534331,58.98471416465669,Winter,0,2
Wankhede Stadium,Mumbai,India,ODI,2006-05-30,30.4,43.06637489969107,24.1,15.399444459906872,19.638247823546127,4,300.11064017377356,50.261117191986344,49.738882808013656,Post-Monsoon,1,1
Rajiv Gandhi International Stadium,Hyderabad,India,ODI,2005-12-13,22.0,52.05986584531213,11.0,14.0328971454515,29.368834560502016,4,302.84468282494834,45.14071564591811,54.85928435408189,Winter,0,0
Sawai Mansingh Stadium,Jaipur,India,T20,2003-02-10,16.45,45.17755534426449,10.9,13.486134218386924,31.647522229670187,5,175.80337016898622,41.25605287436733,58.74394712563267,Winter,1,2
Punjab Cricket Association IS Bindra Stadium,Mohali,India,ODI,2008-06-28,28.700000000000003,78.02430909895592,10.9,19.000170072602913,79.59302622695435,1,252.72765055528862,67.68226345841565,32.31773654158435,Monsoon,1,1
Arun Jaitley Stadium,Delhi,India,ODI,2017-10-03,28.299999999999997,42.45917245754898,14.8,11.568921497067166,9.536989883753002,6,240.89722909276983,33.51471401754421,66.48528598245579,Summer,1,2
Eden Gardens,Kolkata,India,Test,2004-06-15,26.75,36.94123461314011,17.2,7.026853375769335,33.558097901203915,7,302.1222448429464,38.437300430087106,61.562699569912894,Summer,0,2
Narendra Modi Stadium,Ahmedabad,India,ODI,2001-05-12,33.25,44.43019260458716,15.5,17.50177194050291,5.0,2,310.4159545989644,48.39879670624446,51.60120329375554,Winter,1,2
Narendra Modi Stadium,Ahmedabad,India,Test,2003-12-29,18.799999999999997,51.1744889029623,18.7,15.272156931976419,39.77514541943261,3,376.64337100120116,49.96359227430722,50.03640772569278,Summer,1,0
Sawai Mansingh Stadium,Jaipur,India,T20,2021-01-05,17.85,35.4704183633505,19.5,12.838896141423797,16.87209682044465,4,173.11266156479837,32.34110554699474,67.65889445300526,Summer,0,2
Wankhede Stadium,Mumbai,India,ODI,2019-01-22,23.1,63.302549856949895,11.9,19.18342563462245,32.45387653085129,4,301.47293005204205,50.961868123685,49.038131876315,Summer,1,1
Rajiv Gandhi International Stadium,Hyderabad,India,T20,2017-10-04,25.5,53.40111068914692,7.9,23.83699383293257,19.575537320777926,4,179.40115751132208,44.06877578288294,55.93122421711706,Post-Monsoon,0,0
Arun Jaitley Stadium,Delhi,India,T20,2020-01-15,12.7,42.420809442836934,12.5,7.4384078030979,7.503999883377675,4,162.109827093095,33.717905430711824,66.28209456928818,Summer,1,2
Rajiv Gandhi International Stadium,Hyderabad,India,ODI,2005-11-18,21.0,50.21032818745639,9.7,16.4165860660133,20.82519336227235,2,276.26676354711185,50.23089581620023,49.76910418379977,Winter,1,0
Punjab Cricket Association IS Bindra Stadium,Mohali,India,ODI,2018-03-03,23.65,72.82117905703001,13.4,24.034049713686525,66.13636049937993,2,301.71935488129526,53.40806015066198,46.59193984933802,Post-Monsoon,0,1
Punjab Cricket Association IS Bindra Stadium,Mohali,India,T20,2014-06-14,30.5,66.875,6.487500000000001,22.491728678731697,76.49517145652084,1,149.93764665610883,59.17529768133512,40.82470231866488,Winter,0,1
Sawai Mansingh Stadium,Jaipur,India,T20,2007-04-02,28.1,30.19232947108076,17.6,12.67564687782267,16.227711074153596,4,157.79529812307055,36.76257654645263,63.23742345354737,Winter,0,2
Punjab Cricket Association IS Bindra Stadium,Mohali,India,T20,2007-02-09,17.95,86.58940333160956,19.0,27.459642094751867,65.96370289355238,1,176.92277517039398,53.0,47.0,Monsoon,1,1
Eden Gardens,Kolkata,India,T20,2018-02-04,23.950000000000003,90.44275915430191,12.9,22.91884732728255,77.42442337859924,2,168.40718424453257,62.30632193764596,37.69367806235404,Post-Monsoon,1,1
M. Chinnaswamy Stadium,Bengaluru,India,T20,2009-07-09,21.9,59.29864045746816,27.1,17.575585762986027,34.741179148473876,3,228.7677626287671,57.78377093334045,42.21622906665955,Summer,1,0
Maharashtra Cricket Association Stadium,Pune,India,T20,2023-10-20,26.1,84.77070075821726,12.0,24.551155899114736,55.0,2,128.7135633547732,74.26145843993471,25.738541560065286,Post-Monsoon,1,1
Eden Gardens,Kolkata,India,T20,2022-03-02,24.85,54.165117590206656,9.1,12.499364312887396,4.567116579010262,5,126.72457554980183,42.16813742577094,57.83186257422906,Winter,0,2
Sawai Mansingh Stadium,Jaipur,India,ODI,2022-12-12,19.75,25.462583275316426,13.0,5.720552876913603,24.01437172668365,7,241.4979666941354,28.065241002130392,71.93475899786961,Summer,0,2
M. A. Chidambaram Stadium,Chennai,India,T20,2024-05-24,48.0,72.9,13.9,32.0,54.2,2,174.86330201261197,53.0,47.0,Monsoon,0,1
Sawai Mansingh Stadium,Jaipur,India,T20,2023-10-22,26.0,35.85831338362021,12.6,12.447158711997357,3.3079183809994177,7,131.93867106406833,35.09463600654084,64.90536399345916,Winter,0,2
Wankhede Stadium,Mumbai,India,ODI,2003-04-22,28.5,63.47403845801949,16.8,15.46433974973474,29.5150352012638,2,295.69138403137845,52.331847952596114,47.668152047403886,Winter,0,0
Punjab Cricket Association IS Bindra Stadium,Mohali,India,ODI,2015-05-08,34.125,22.375,12.275,25.213443882247812,82.15809442185868,2,267.4150561026618,64.38748172962332,35.61251827037668,Monsoon,0,1
Narendra Modi Stadium,Ahmedabad,India,ODI,2001-09-27,31.7,57.26014897633934,9.7,13.413070739896595,15.951852663806319,3,256.4837635152177,46.129402778303316,53.870597221696684,Summer,1,0
M. Chinnaswamy Stadium,Bengaluru,India,T20,2014-01-04,20.6,53.53577803395719,12.5,17.12697655866822,26.230724792431374,2,175.3774903170711,53.575371919306704,46.424628080693296,Post-Monsoon,1,0
Punjab Cricket Association IS Bindra Stadium,Mohali,India,T20,2005-04-18,28.95,77.42913170464209,19.9,21.473304656136417,64.74139148144245,1,175.86211305623496,66.21955498208241,33.780445017917586,Post-Monsoon,1,1
Maharashtra Cricket Association Stadium,Pune,India,T20,2020-02-03,23.549999999999997,82.21301299283982,17.3,28.158853726183477,84.00553998907299,2,143.89662175389049,61.656029729400984,38.343970270599016,Monsoon,0,1
M. Chinnaswamy Stadium,Bengaluru,India,Test,2012-02-17,24.450000000000003,49.16773706046655,17.1,16.92849191002296,20.227971560441205,4,344.801829723414,45.48465340508972,54.51534659491028,Winter,0,0
Maharashtra Cricket Association Stadium,Pune,India,ODI,2000-05-24,27.5,60.69899427512495,14.6,17.153182296513364,38.7021519352115,2,298.99594653017414,57.528527974064794,42.471472025935206,Summer,1,0
Eden Gardens,Kolkata,India,ODI,2011-05-25,32.4,30.531058559920986,12.1,8.149933835268257,15.2877353927955,4,264.5163546531879,48.0,52.0,Summer,0,2
Eden Gardens,Kolkata,India,T20,2006-07-14,28.85,44.426513788994136,9.5,8.87660641049385,23.231889857880923,7,153.07895564861602,47.113143243748745,52.886856756251255,Summer,0,2
M. A. Chidambaram Stadium,Chennai,India,T20,2014-07-10,28.1,76.6,29.5,23.3,88.6,6,164.38495718955147,43.16816042472573,56.83183957527427,Winter,0,2
Sawai Mansingh Stadium,Jaipur,India,ODI,2002-06-27,30.25,53.10339177223573,16.0,4.2948935063040015,20.85891977724539,6,285.4643143313485,32.12039855727305,67.87960144272695,Summer,0,2
Eden Gardens,Kolkata,India,Test,2004-09-28,28.45,72.20488574798544,8.9,18.403514020627345,64.44996977300195,1,308.15713335912193,63.60056116211398,36.39943883788602,Monsoon,0,1
Rajiv Gandhi International Stadium,Hyderabad,India,T20,2014-09-04,25.85,44.87654316407419,27.6,23.364423654169233,24.205177621306184,4,173.4098719164023,54.0043961985652,45.9956038014348,Summer,0,2
Arun Jaitley Stadium,Delhi,India,ODI,2012-05-03,28.85,53.263587946775054,15.1,9.731257232532492,24.544560746195888,6,262.9971379811266,44.81236301840543,55.18763698159457,Winter,0,2
Wankhede Stadium,Mumbai,India,ODI,2003-08-22,26.95,58.6892765685987,15.5,18.172355870827552,33.12019740765273,3,312.4994453314521,49.30506086913579,50.69493913086421,Winter,1,0
Narendra Modi Stadium,Ahmedabad,India,T20,2019-09-18,28.9,68.0,16.7,18.157006179231807,13.051574190719684,2,185.48874019764534,54.910614124268754,45.089385875731246,Post-Monsoon,1,2
Punjab Cricket Association IS Bindra Stadium,Mohali,India,T20,2012-02-14,16.75,82.58210660573714,10.1,20.187033644462144,75.96853689296549,1,192.7442452906117,60.283330489722104,39.716669510277896,Winter,1,1
Wankhede Stadium,Mumbai,India,T20,2003-03-31,28.75,84.46140906652973,19.6,19.56123711646591,80.47161493069503,1,190.65815366379832,58.5986248568779,41.4013751431221,Monsoon,1,1
Wankhede Stadium,Mumbai,India,T20,2021-09-21,26.4,88.27619399530818,14.5,26.373631537288382,75.70535869983591,2,170.2490618392227,55.66833214060424,44.33166785939576,Monsoon,0,1
Eden Gardens,Kolkata,India,T20,2002-07-16,29.25,39.96944225860348,9.4,13.827665424530686,28.862220402431998,4,171.7261778656133,41.76225276110218,58.23774723889782,Summer,0,2
Wankhede Stadium,Mumbai,India,T20,2010-11-14,27.85,68.0,9.2,17.377487851493022,27.320734116591407,4,199.67232274751794,53.02260315300416,46.97739684699584,Post-Monsoon,1,0
Arun Jaitley Stadium,Delhi,India,Test,2001-09-15,29.15,44.30888895412177,19.1,14.164868284157881,19.12432795934432,7,310.8180054481312,25.0,75.0,Summer,0,2
Rajiv Gandhi International Stadium,Hyderabad,India,T20,2000-06-06,23.35,51.299252236414944,20.8,22.434971559607852,31.706140857884296,3,165.73268621019582,46.63091964359331,53.36908035640669,Winter,1,0
Maharashtra Cricket Association Stadium,Pune,India,T20,2011-06-16,24.0,90.33127780994263,17.4,22.686000861732772,75.87879456893236,2,141.31544782438036,64.87282591748739,35.12717408251261,Monsoon,1,1
Eden Gardens,Kolkata,India,ODI,2014-05-09,34.3,87.18138258443898,22.7,29.0,64.60596079965487,1,278.4706129045744,71.52637548430332,28.473624515696685,Winter,1,1
Punjab Cricket Association IS Bindra Stadium,Mohali,India,ODI,2010-07-03,33.5,86.25240130993559,18.9,25.73853448153739,72.72883479711322,1,228.85333949559615,60.17438718330355,39.82561281669645,Monsoon,1,1
M. A. Chidambaram Stadium,Chennai,India,T20,2002-07-03,32.849999999999994,41.44575405175988,24.1,8.609127040156382,24.937454512896103,6,196.554829714169,38.085771455674276,61.914228544325724,Winter,0,2
M. A. Chidambaram Stadium,Chennai,India,ODI,2016-12-27,26.0,74.8,22.3,21.0,47.9,6,264.3495672631365,34.88295111275856,65.11704888724144,Summer,1,2
Eden Gardens,Kolkata,India,T20,2024-04-15,31.45,38.55504908106223,14.2,14.228720472399157,11.234711737861222,5,157.61205728069214,38.334648136908726,61.665351863091274,Summer,0,2
Wankhede Stadium,Mumbai,India,Test,2009-06-07,29.200000000000003,72.6221148901655,15.5,26.587232686125624,61.54289930671638,1,310.2374858076659,57.25487550369228,42.74512449630772,Monsoon,0,1
Eden Gardens,Kolkata,India,T20,2016-01-20,22.05,23.15717193158204,12.3,9.30443591530734,22.35145355346672,6,146.37505427886134,38.809803104418116,61.190196895581884,Winter,1,2
Eden Gardens,Kolkata,India,T20,2022-04-09,30.9,43.888449069907,21.1,7.824088196138911,1.3231539787674684,5,183.12027000112093,32.76143508362965,67.23856491637035,Winter,1,2
Punjab Cricket Association IS Bindra Stadium,Mohali,India,ODI,2011-03-15,24.45,78.9237216631933,10.4,23.25052009329018,70.34486271030164,1,234.5396511724884,64.69794568210902,35.30205431789098,Post-Monsoon,1,1
Punjab Cricket Association IS Bindra Stadium,Mohali,India,ODI,2018-01-04,12.8,82.51229535822289,10.8,23.092840038442414,74.11749401582817,1,251.3860164275145,67.10143762292158,32.89856237707842,Monsoon,0,1
Narendra Modi Stadium,Ahmedabad,India,ODI,2006-06-17,30.95,33.67281847789762,14.5,12.77965814211233,24.14786989872479,7,269.1844291038513,37.356916392227085,62.643083607772915,Summer,1,2
M. Chinnaswamy Stadium,Bengaluru,India,T20,2013-09-10,21.799999999999997,58.11713459087444,18.3,18.314774059292276,16.944459614814093,4,207.78369474853076,47.2759577110527,52.7240422889473,Winter,0,0
M. Chinnaswamy Stadium,Bengaluru,India,ODI,2018-07-17,23.7,49.82097292290302,33.8,18.88539464658274,21.775932624781834,3,293.2887257164727,51.90111567758754,48.09888432241246,Summer,1,0
Rajiv Gandhi International Stadium,Hyderabad,India,ODI,2008-01-05,21.5,54.828911777073735,13.3,17.53200329077947,14.600056460549736,3,273.67127446049415,50.532691800151056,49.467308199848944,Post-Monsoon,1,0
M. A. Chidambaram Stadium,Chennai,India,T20,2008-10-24,25.9,89.4,11.2,24.0,92.1,2,144.51402029903153,64.27414226578958,35.72585773421042,Monsoon,1,1
Wankhede Stadium,Mumbai,India,ODI,2018-05-31,30.85,71.65154504240066,18.1,22.360124988490107,94.61173528608121,2,250.70576906657362,67.44345433696958,32.55654566303042,Monsoon,0,1
Eden Gardens,Kolkata,India,Test,2014-08-15,27.0,81.51060327741648,9.7,29.0,79.45639203700658,2,314.47967938179625,69.5821374073854,30.417862592614597,Monsoon,0,1
Narendra Modi Stadium,Ahmedabad,India,T20,2011-05-11,32.25,43.126281074021136,16.3,8.454425073942076,9.611266841379264,4,161.33198363824178,43.76018126826146,56.23981873173854,Summer,1,2
Narendra Modi Stadium,Ahmedabad,India,ODI,2024-02-17,27.55,34.63903953311863,13.7,7.0967165104060665,17.889964963126154,7,271.87949345954365,41.977218971569926,58.022781028430074,Summer,0,2
Wankhede Stadium,Mumbai,India,T20,2008-06-04,30.4,72.94976748612757,19.8,18.1524447228875,67.73422470163152,1,169.3748161051831,67.40626416714191,32.59373583285809,Post-Monsoon,0,1
Narendra Modi Stadium,Ahmedabad,India,ODI,2024-11-05,28.35,56.980029108942915,12.0,18.72141561468686,10.322278745754724,3,310.1653312101383,48.948003080468006,51.051996919531994,Post-Monsoon,1,0
Narendra Modi Stadium,Ahmedabad,India,Test,2013-05-31,33.55,37.24800980616972,17.2,10.34121803222372,16.74145733721227,5,276.7630255223669,32.920428627113665,67.07957137288633,Winter,1,2
Eden Gardens,Kolkata,India,T20,2007-12-30,18.1,79.21863616086594,11.1,20.89389011267324,75.13539581605669,2,146.56279773310865,65.89758800443599,34.10241199556401,Monsoon,1,1
Sawai Mansingh Stadium,Jaipur,India,Test,2018-05-10,31.849999999999998,42.56138003286808,16.1,10.353719421672583,9.24235613691001,4,308.4103660463539,36.934521546124586,63.065478453875414,Summer,1,2
Arun Jaitley Stadium,Delhi,India,ODI,2000-07-25,27.75,33.79045803206503,19.2,8.069335590837676,21.61383476498813,6,278.7594384925284,39.36316347675885,60.63683652324115,Summer,1,2
Punjab Cricket Association IS Bindra Stadium,Mohali,India,T20,2022-11-08,23.25,86.7999367218065,23.1,20.52201881502125,72.23483666682274,1,142.71606723071338,68.31377595930313,31.68622404069687,Monsoon,1,1
Eden Gardens,Kolkata,India,T20,2008-02-17,19.65,89.64784693717237,8.7,18.884414230412993,78.47834673095568,1,167.89830636650296,58.69204500427032,41.30795499572968,Winter,0,1
M. A. Chidambaram Stadium,Chennai,India,T20,2014-05-11,31.9,66.3,18.4,24.5,50.1,2,161.91821957771788,60.25763965796517,39.74236034203483,Monsoon,1,1
Eden Gardens,Kolkata,India,T20,2015-09-20,27.1,22.51199096732696,18.3,9.712125888357384,16.929361137959727,4,160.06436907810942,42.50814278185951,57.49185721814049,Summer,1,2
Sawai Mansingh Stadium,Jaipur,India,T20,2001-08-05,27.799999999999997,49.75656556609208,13.7,9.069536872750612,17.580433868035996,5,173.73902523328715,40.77123413698047,59.22876586301953,Winter,1,2
Rajiv Gandhi International Stadium,Hyderabad,India,ODI,2012-08-24,26.05,45.42824626063118,13.6,13.909941287003036,28.08179630198678,2,305.47304141411126,52.129163044526585,47.870836955473415,Post-Monsoon,1,0
Rajiv Gandhi International Stadium,Hyderabad,India,ODI,2014-07-01,31.6,48.37437865879027,21.2,15.570624332206712,5.0,4,313.4986252371606,45.768620077462806,54.231379922537194,Winter,0,0
Punjab Cricket Association IS Bindra Stadium,Mohali,India,ODI,2010-09-09,28.15,85.86041825607599,21.3,21.760956719862552,86.79993699097523,1,284.6557588269386,60.39344019804275,39.60655980195725,Monsoon,1,1
M. A. Chidambaram Stadium,Chennai,India,ODI,2007-12-29,25.2,80.5,7.6,21.4,33.5,1,255.54634147128448,73.06539368384935,26.93460631615065,Monsoon,1,1
Wankhede Stadium,Mumbai,India,T20,2004-12-18,25.2,45.84460561265975,12.6,18.326110815104716,14.47247570151254,2,164.9577526818138,50.76408796979288,49.23591203020712,Post-Monsoon,1,1
M. Chinnaswamy Stadium,Bengaluru,India,ODI,2023-10-02,23.9,52.36078112732845,23.1,13.953524658445321,19.34516480464845,3,312.021996381218,52.81285215963871,47.18714784036129,Summer,0,0
M. A. Chidambaram Stadium,Chennai,India,T20,2003-02-27,27.5,81.66240487440845,16.6,22.446246284027886,76.35752443584079,2,157.08209700245501,53.93950154207983,46.06049845792017,Post-Monsoon,1,1
Wankhede Stadium,Mumbai,India,T20,2021-12-22,23.1,79.34158526739304,12.5,25.66344942518994,83.01759261329278,2,186.946721000509,55.409094523151765,44.590905476848235,Monsoon,0,1
Wankhede Stadium,Mumbai,India,T20,2013-04-29,31.0,64.1463428370784,20.3,21.857052051846647,28.45792900787823,3,164.49258601217878,54.27778264086098,45.72221735913902,Winter,1,0
Narendra Modi Stadium,Ahmedabad,India,T20,2004-11-16,26.2,50.27485218707233,10.0,16.077469825027183,28.6609964108969,4,180.16315004524614,56.851563246527604,43.148436753472396,Winter,1,0
M. A. Chidambaram Stadium,Chennai,India,T20,2010-01-03,25.0,75.2,18.4,20.2,53.6,1,180.7925161429338,66.38547781683211,33.61452218316789,Monsoon,1,1
Punjab Cricket Association IS Bindra Stadium,Mohali,India,Test,2003-03-07,17.1,92.6075916578895,19.6,23.835281582458844,76.95613835219245,2,318.17703016938134,65.35904256120563,34.64095743879437,Monsoon,1,1
M. A. Chidambaram Stadium,Chennai,India,Test,2007-02-02,24.8,75.0,13.0,19.7,41.4,1,339.6727639926989,61.53347777194222,38.46652222805778,Post-Monsoon,1,1
Wankhede Stadium,Mumbai,India,Test,2019-05-01,28.049999999999997,61.93545570816996,16.1,15.123435102864999,23.639985644728554,4,378.4288034850239,48.377283408220045,51.622716591779955,Post-Monsoon,1,0
Eden Gardens,Kolkata,India,ODI,2015-03-12,25.05,76.6169413515655,8.7,23.267764662180483,65.57570510738732,2,292.6296976205102,58.542256595400325,41.457743404599675,Winter,0,1
Narendra Modi Stadium,Ahmedabad,India,ODI,2018-12-25,19.45,65.74742210943883,13.2,15.138478369416047,14.982979356272402,3,320.84638822661725,53.858602389907965,46.141397610092035,Summer,1,0
Punjab Cricket Association IS Bindra Stadium,Mohali,India,T20,2009-03-06,22.95,77.0535797776824,14.3,26.168031516443413,68.7676052036117,1,181.66785760148423,62.36045871587871,37.63954128412129,Monsoon,1,1
Rajiv Gandhi International Stadium,Hyderabad,India,ODI,2018-05-16,30.95,68.0,11.7,18.1627114734021,21.013677087052734,4,282.083838202423,54.13537973387389,45.86462026612611,Winter,1,0
M. Chinnaswamy Stadium,Bengaluru,India,T20,2018-10-29,22.4,55.603324752785845,18.7,19.173339829369624,32.500643831285316,2,172.63183040843188,51.69719052709811,48.30280947290189,Winter,0,0
Eden Gardens,Kolkata,India,Test,2023-11-14,24.65,80.01279233562241,11.3,19.46681603858874,55.0,1,328.38317975087426,53.01171303885583,46.98828696114417,Post-Monsoon,1,1
Wankhede Stadium,Mumbai,India,Test,2010-06-08,28.85,91.1643161749345,13.7,23.33778775771051,56.4840999750242,1,312.3654879675229,69.96195939201947,30.038040607980534,Monsoon,1,1
Sawai Mansingh Stadium,Jaipur,India,T20,2023-07-17,28.95,41.11753364256002,14.3,10.557672530245497,30.7062088571941,6,154.61852826157852,29.69850914737961,70.30149085262039,Summer,0,2
Maharashtra Cricket Association Stadium,Pune,India,T20,2004-01-04,22.3,74.44681922419548,11.9,25.99686484038617,71.74602596748915,2,123.33224375392254,57.04170146808984,42.95829853191016,Post-Monsoon,1,1
Punjab Cricket Association IS Bindra Stadium,Mohali,India,T20,2010-07-20,27.15,80.82535472735542,11.6,24.081640381449226,68.8266288523283,2,158.75329945449047,66.51832435377382,33.48167564622618,Monsoon,0,1
Rajiv Gandhi International Stadium,Hyderabad,India,T20,2013-04-29,32.65,52.61018165119747,15.5,14.107880226047516,22.61424836576734,4,180.05025523367976,52.34998242869629,47.65001757130371,Winter,1,0
Narendra Modi Stadium,Ahmedabad,India,T20,2017-02-24,24.4,39.91726957247167,14.7,13.57818827147126,7.342418293671903,5,176.3863467308543,37.72155040722539,62.27844959277461,Summer,0,2
Rajiv Gandhi International Stadium,Hyderabad,India,Test,2021-02-04,21.35,52.171088603962424,11.2,15.278977624410476,40.7119161671924,4,403.47763977896807,46.24438744971919,53.75561255028081,Winter,1,0
M. Chinnaswamy Stadium,Bengaluru,India,ODI,2020-09-27,22.35,51.704650206538076,15.8,10.155539698929756,21.367397756061493,2,282.92579426723245,53.67057959872133,46.32942040127867,Post-Monsoon,1,0
Arun Jaitley Stadium,Delhi,India,Test,2003-05-12,31.25,24.154627155942254,19.1,9.82860815161157,32.78260010364836,5,278.4438895332699,31.660561944402403,68.3394380555976,Summer,0,2
Narendra Modi Stadium,Ahmedabad,India,Test,2022-03-31,31.35,35.47860488091821,14.8,7.195958249468009,0.0,5,288.6330593532715,40.94192063632192,59.05807936367808,Summer,0,2
Punjab Cricket Association IS Bindra Stadium,Mohali,India,Test,2020-01-01,10.35,75.49447649447744,10.5,22.140919226019136,87.46647183317276,2,311.0569688604016,60.07618139994825,39.92381860005175,Monsoon,1,1
Wankhede Stadium,Mumbai,India,T20,2005-10-25,26.75,78.51648601420891,13.4,25.715592262082097,81.34314479734304,1,179.39066455797624,69.17141921835946,30.82858078164054,Post-Monsoon,0,1
Punjab Cricket Association IS Bindra Stadium,Mohali,India,ODI,2024-09-03,28.65,86.887022928709,14.4,21.601520850892037,70.28645354121868,1,243.95686815973988,69.71270151671203,30.28729848328797,Monsoon,1,1
Maharashtra Cricket Association Stadium,Pune,India,ODI,2012-05-01,29.35,87.26473493292184,16.4,21.30797924550326,70.2579295297369,2,280.6478576838871,62.25606898648096,37.74393101351904,Post-Monsoon,1,1
Maharashtra Cricket Association Stadium,Pune,India,T20,2007-11-06,26.75,92.86096896516054,8.3,22.06308067678104,70.11229144873417,1,198.47956608320686,60.84349834124101,39.15650165875899,Post-Monsoon,1,1
Rajiv Gandhi International Stadium,Hyderabad,India,T20,2023-12-09,23.1,45.90873020382606,9.0,16.199364656473932,48.0,2,161.9654563547433,44.24152409293993,55.75847590706007,Winter,1,0
Punjab Cricket Association IS Bindra Stadium,Mohali,India,T20,2013-06-11,30.166666666666668,61.66666666666666,16.349999999999998,21.90236414646884,68.95278819007574,2,160.17648538783152,61.20520307844461,38.79479692155539,Monsoon,1,1
Eden Gardens,Kolkata,India,Test,2006-01-18,22.95,68.0,10.0,20.855593072178955,81.7607268197214,2,308.7672243767177,56.193620070216674,43.806379929783326,Post-Monsoon,1,1
Arun Jaitley Stadium,Delhi,India,T20,2009-07-04,32.3,42.66820073466673,8.1,12.562162696105217,24.947778572009565,6,135.48410849567728,48.0,52.0,Summer,0,2
Wankhede Stadium,Mumbai,India,T20,2013-04-21,28.15,45.75767990185156,18.3,19.514294576484367,5.0,3,142.4883137673633,53.90524427727736,46.09475572272264,Post-Monsoon,1,0
Sawai Mansingh Stadium,Jaipur,India,T20,2011-03-20,26.5,21.977490091793364,24.9,13.949719908336213,12.968437160537803,5,178.10381601427744,33.452371817428,66.547628182572,Summer,1,2
Eden Gardens,Kolkata,India,ODI,2018-10-18,27.55,37.61212879623475,10.1,8.943179022925213,30.376715889052875,5,277.0506440089039,40.41162839096367,59.58837160903633,Summer,1,2
Wankhede Stadium,Mumbai,India,ODI,2005-04-20,30.650000000000002,83.57873635948357,19.5,23.504893174656484,73.80129443805812,2,246.40364949775437,60.63902231701647,39.36097768298353,Monsoon,0,1
Eden Gardens,Kolkata,India,ODI,2022-05-26,30.45,81.0849878427096,13.7,18.85715193025198,75.8686454444346,1,219.5426689505971,54.071235105297234,45.928764894702766,Monsoon,0,1
Maharashtra Cricket Association Stadium,Pune,India,T20,2010-12-16,20.1,79.1866031686947,10.6,19.364268008702478,67.00214658756396,1,181.26132498666826,60.48820133005122,39.51179866994878,Monsoon,1,1
Wankhede Stadium,Mumbai,India,T20,2017-09-08,28.05,76.75342954553426,20.2,21.964357439612925,62.21034971236259,2,147.90628988426926,64.47776210647105,35.52223789352895,Monsoon,1,1
Maharashtra Cricket Association Stadium,Pune,India,ODI,2015-03-18,25.95,46.83924198609324,11.2,21.431676350764675,10.73582268370729,2,314.3321201480635,43.15499419143741,56.84500580856259,Post-Monsoon,1,0
Eden Gardens,Kolkata,India,T20,2013-10-07,25.8,29.318117670862854,6.3,13.331649609368379,28.297361940064704,4,178.4135238121558,35.36386757155604,64.63613242844396,Summer,1,2
Wankhede Stadium,Mumbai,India,T20,2000-02-02,22.5,48.19505209799458,14.2,15.424145951565682,15.030567449236594,4,177.9710432905179,51.71544087626065,48.28455912373935,Summer,1,1
Wankhede Stadium,Mumbai,India,T20,2009-10-04,27.4,55.44323315667064,16.5,15.433285950244068,48.0,3,179.5698671147733,55.73397081054948,44.26602918945052,Winter,1,0
Maharashtra Cricket Association Stadium,Pune,India,ODI,2015-07-04,25.35,42.177899706462476,20.5,14.974203979222324,17.456765881192513,2,328.35866291676695,40.0,60.0,Summer,1,0
Narendra Modi Stadium,Ahmedabad,India,T20,2007-04-19,32.4,61.405507459681985,11.8,18.1160727236071,32.77407068442516,3,199.9856517126016,49.168945749100224,50.831054250899776,Winter,1,0
M. Chinnaswamy Stadium,Bengaluru,India,T20,2017-09-25,22.55,45.447036496074396,15.3,12.444829840885541,24.059169804285727,3,166.49074925613672,52.737769394971025,47.262230605028975,Post-Monsoon,1,0
M. A. Chidambaram Stadium,Chennai,India,ODI,2006-11-28,26.4,78.7,14.8,22.2,57.4,7,253.03700397293338,37.53704224177564,62.46295775822436,Winter,0,2
Narendra Modi Stadium,Ahmedabad,India,ODI,2010-08-23,28.2,39.907106998699405,16.0,9.708624999614125,24.372352244159977,4,253.39954068261093,41.17917121907091,58.82082878092909,Summer,0,2
Wankhede Stadium,Mumbai,India,T20,2017-10-04,29.549999999999997,83.59788180483667,17.2,19.61627107131745,69.47612072294032,2,169.49978517225583,64.26464623388884,35.73535376611116,Post-Monsoon,1,1
Punjab Cricket Association IS Bindra Stadium,Mohali,India,T20,2016-11-30,19.869565217391305,80.08695652173913,4.269565217391306,19.21519195814433,55.62249966818462,1,133.0226787000251,65.06686344736663,34.93313655263337,Monsoon,1,1
Eden Gardens,Kolkata,India,T20,2009-05-30,30.0,41.797576707705616,12.4,5.507282522457409,25.426375932547874,6,149.99149642439667,43.02500356404366,56.97499643595634,Summer,1,2
M. A. Chidambaram Stadium,Chennai,India,ODI,2019-01-23,25.3,79.0,22.3,21.2,31.2,2,301.0221049631783,64.33616070594971,35.66383929405029,Post-Monsoon,1,1
Narendra Modi Stadium,Ahmedabad,India,T20,2000-11-29,23.5,42.336437204389576,19.3,6.943000942290805,24.042153260563175,7,150.01110498617837,35.38772133381896,64.61227866618104,Winter,1,2
Eden Gardens,Kolkata,India,ODI,2012-12-27,16.05,35.08449398188431,11.2,11.108179780393387,17.962936222205236,4,275.81451589081684,34.77233862605159,65.22766137394841,Summer,0,2
M. A. Chidambaram Stadium,Chennai,India,T20,2013-04-25,30.4,72.0,22.3,24.5,42.5,4,167.04405415632834,34.64347730535192,65.35652269464808,Winter,1,2
M. A. Chidambaram Stadium,Chennai,India,ODI,2002-08-24,31.400000000000002,89.5738678757697,17.3,22.944245249790452,61.740715628605905,2,284.3995860320214,61.77131473570855,38.22868526429145,Post-Monsoon,1,1
Eden Gardens,Kolkata,India,T20,2010-07-13,29.15,81.47623513072301,10.5,24.30679954879032,69.43671334307503,1,184.6760014242643,66.18567469337643,33.81432530662357,Post-Monsoon,1,1
M. Chinnaswamy Stadium,Bengaluru,India,T20,2014-08-06,23.1,40.0,25.6,10.407228221470206,19.514838901012382,2,230.14655200129042,55.468284039481155,44.531715960518845,Summer,0,0
Wankhede Stadium,Mumbai,India,ODI,2015-02-28,23.25,68.0,23.8,15.895537749104214,19.162646529139167,3,304.6142031356495,49.67058057272605,50.32941942727395,Summer,1,0
Wankhede Stadium,Mumbai,India,T20,2004-11-03,28.5,60.9140593174753,10.2,19.546195261858756,8.76993646537396,2,170.68054514841157,52.02103693888508,47.97896306111492,Winter,1,0
Maharashtra Cricket Association Stadium,Pune,India,Test,2017-11-17,22.65,92.38794646552772,10.8,19.672257452402043,59.184194910845946,2,314.06696849360293,61.789539557599376,38.210460442400624,Monsoon,1,1
Wankhede Stadium,Mumbai,India,T20,2011-02-25,24.35,80.8931572895637,16.3,21.16282873293371,72.188363785467,1,181.81371300584192,64.31038568347911,35.68961431652089,Post-Monsoon,1,1
Eden Gardens,Kolkata,India,T20,2014-12-07,21.4,78.65548951610236,9.2,23.97271622808651,78.07142466627684,1,148.24353340826912,58.723002595796764,41.276997404203236,Monsoon,0,1
M. Chinnaswamy Stadium,Bengaluru,India,ODI,2004-11-14,21.6,50.76795185551671,14.9,16.249468276961718,19.89275958774148,4,277.55148832586474,56.37819138380861,43.62180861619139,Winter,1,0
Eden Gardens,Kolkata,India,ODI,2010-09-07,28.7,78.08149382026147,22.1,23.2885002151329,70.36447004873914,1,271.08034374346585,61.57487587781297,38.42512412218703,Winter,1,1
Arun Jaitley Stadium,Delhi,India,T20,2013-03-12,23.5,62.5,4.933333333333334,12.717185324088057,25.067196551459418,5,151.80335070804927,36.144818916200975,63.855181083799025,Summer,0,2
Rajiv Gandhi International Stadium,Hyderabad,India,Test,2009-05-12,33.25,56.12309653490119,13.1,15.61908684631241,39.06955577781809,4,381.64337538771935,53.04216942146804,46.95783057853196,Post-Monsoon,1,0
Narendra Modi Stadium,Ahmedabad,India,T20,2003-12-17,19.8,30.050520641258682,13.8,15.597883677179382,28.968539126149295,5,185.1690152233868,44.4804440388789,55.5195559611211,Summer,1,2
Narendra Modi Stadium,Ahmedabad,India,T20,2008-02-11,18.0,55.197172787567624,14.1,15.234628346176695,22.27819472703412,2,183.43416703616288,47.60831505139501,52.39168494860499,Post-Monsoon,0,0
Eden Gardens,Kolkata,India,ODI,2010-09-05,28.549999999999997,93.09353702344859,16.7,21.78805650770003,63.040191470892886,1,266.7180583589722,54.660102692553515,45.339897307446485,Post-Monsoon,1,1
Punjab Cricket Association IS Bindra Stadium,Mohali,India,Test,2004-03-01,22.55,88.7948480082618,23.5,21.203805924597866,81.87305694079605,2,318.2500234055346,61.46073744017256,38.53926255982744,Post-Monsoon,1,1
Wankhede Stadium,Mumbai,India,T20,2015-02-09,25.55,68.0,16.8,18.062626417968588,17.146903046499876,2,189.23161014544957,56.19816239075125,43.80183760924875,Winter,1,1
Sawai Mansingh Stadium,Jaipur,India,T20,2002-11-08,22.75,35.21304509412742,10.2,5.383533492699812,8.806725675690913,4,151.8774023601657,39.94832218408823,60.05167781591177,Winter,1,2
Maharashtra Cricket Association Stadium,Pune,India,T20,2021-03-30,29.15,66.99969311281538,23.3,10.196828675376834,6.414345434919259,4,218.21701402466783,52.978477725999724,47.021522274000276,Post-Monsoon,1,0
Maharashtra Cricket Association Stadium,Pune,India,T20,2005-02-07,23.5,92.24777916046443,12.3,21.71169192865539,75.28901169284731,1,160.45890409953952,65.85562419226277,34.144375807737234,Monsoon,1,1
Eden Gardens,Kolkata,India,T20,2014-07-09,29.45,28.573571015081075,11.6,10.428046827484522,27.369976747738555,6,185.30969236470202,36.2456550563437,63.7543449436563,Winter,0,2
Eden Gardens,Kolkata,India,ODI,2016-02-19,28.25,80.17349055881577,10.7,19.67594388301992,95.43357172587102,2,283.91525309611706,61.10496771692149,38.89503228307851,Monsoon,0,1
Maharashtra Cricket Association Stadium,Pune,India,T20,2021-11-09,23.35,85.6870118831722,16.3,23.802378551411113,78.012158509915,2,160.02145228662428,55.50284280829425,44.49715719170575,Monsoon,1,1
M. Chinnaswamy Stadium,Bengaluru,India,T20,2003-10-25,21.85,40.0,7.9,18.20298613702509,26.65376306395468,4,190.07162757068028,49.808459339345,50.191540660655,Winter,1,0
Sawai Mansingh Stadium,Jaipur,India,Test,2018-04-04,30.75,33.899640978578155,18.4,10.440901985912857,24.8322564898815,7,301.2898106278882,25.0,75.0,Winter,0,2
Punjab Cricket Association IS Bindra Stadium,Mohali,India,ODI,2012-12-02,14.95,78.52706967047904,10.2,25.72240756846247,62.450715474429586,2,267.07983110338193,63.76733950694073,36.23266049305927,Post-Monsoon,1,1
Maharashtra Cricket Association Stadium,Pune,India,T20,2023-01-14,21.45,79.31146345114777,14.2,19.364314187861822,63.939784537582725,1,167.09813599038054,57.79537295243681,42.20462704756319,Winter,0,1
Sawai Mansingh Stadium,Jaipur,India,T20,2021-06-28,33.8,34.771263051845324,11.5,14.880529905378111,7.199207054988632,7,140.57098390429869,40.166473697584685,59.833526302415315,Summer,1,2
M. Chinnaswamy Stadium,Bengaluru,India,T20,2024-06-13,24.3,52.01888402592845,23.5,14.509854483232427,31.651586806116185,3,179.0479097920007,40.30657541435123,59.69342458564877,Post-Monsoon,1,0
Wankhede Stadium,Mumbai,India,T20,2014-11-12,29.200000000000003,49.677914037148994,12.7,12.532813153323923,5.0,4,173.8951536633223,54.591361833191634,45.408638166808366,Post-Monsoon,1,1
Punjab Cricket Association IS Bindra Stadium,Mohali,India,ODI,2021-01-06,18.15,77.57466912867514,13.3,23.03404854578748,62.79502652187874,2,276.95880207303696,70.64271326983415,29.357286730165853,Post-Monsoon,0,1
Eden Gardens,Kolkata,India,T20,2022-04-23,31.65,89.84579624508768,22.7,28.69275903102909,81.36846522707577,2,152.0577432930897,59.242927524110385,40.757072475889615,Winter,1,1
Wankhede Stadium,Mumbai,India,T20,2024-08-27,26.299999999999997,88.36997903848655,31.1,19.423156855998645,55.0,2,164.46225160948129,63.63461509268751,36.36538490731249,Post-Monsoon,1,1
Maharashtra Cricket Association Stadium,Pune,India,T20,2011-03-02,26.900000000000002,51.09840499569216,8.6,17.907743083514646,27.525728501032432,3,157.82474698242896,43.993607438556396,56.006392561443604,Winter,1,0
Maharashtra Cricket Association Stadium,Pune,India,ODI,2006-01-09,22.1,78.64667726271013,14.8,27.74473558098153,67.48763071749457,1,235.47348326992397,57.62900490901008,42.37099509098992,Post-Monsoon,0,1
M. A. Chidambaram Stadium,Chennai,India,Test,2022-02-28,27.5,76.0,20.7,22.8,25.2,6,299.33257527489064,43.581095575556326,56.418904424443674,Summer,1,2
Maharashtra Cricket Association Stadium,Pune,India,ODI,2009-01-16,22.5,83.84202174175297,14.0,26.20690463208838,82.4140900772693,1,260.31046785166825,60.63063616229452,39.36936383770548,Monsoon,1,1
M. A. Chidambaram Stadium,Chennai,India,ODI,2008-05-25,31.8,67.5,18.4,24.7,54.2,2,269.6824373368243,63.47636999792748,36.52363000207252,Post-Monsoon,0,1
Punjab Cricket Association IS Bindra Stadium,Mohali,India,ODI,2010-09-16,26.200000000000003,83.7527155626769,6.8,18.936827120972232,73.92878689025225,1,264.8719524765392,55.42960702399973,44.57039297600027,Monsoon,0,1
Eden Gardens,Kolkata,India,T20,2010-03-12,29.35,52.18231938472835,13.8,6.444904557380027,6.927012583931761,5,132.17073095680098,41.34116599766633,58.65883400233367,Summer,0,2
Eden Gardens,Kolkata,India,ODI,2020-02-01,19.1,44.84663838484792,9.1,10.218463537400844,25.582798753472442,6,246.43700741856932,32.564164032709044,67.43583596729096,Winter,0,2
Arun Jaitley Stadium,Delhi,India,Test,2012-10-16,24.5,20.0,8.4,13.883083029859717,16.998835290310723,6,289.11619572795775,48.0,52.0,Winter,0,2
Eden Gardens,Kolkata,India,ODI,2024-09-30,29.85,34.28495686243641,8.8,10.28114853369606,20.923898760308038,5,265.62989314527147,32.17110234398373,67.82889765601627,Winter,0,2
Eden Gardens,Kolkata,India,T20,2021-02-19,24.15,48.203831886196085,13.5,14.499640117241626,17.230588013790978,4,180.54802121046032,47.76758771122653,52.23241228877347,Summer,1,2
Wankhede Stadium,Mumbai,India,T20,2015-04-28,28.95,45.81180560539489,17.4,16.0237949185783,11.34740543229057,3,181.57492939353816,53.29236011557767,46.70763988442233,Winter,1,0
Punjab Cricket Association IS Bindra Stadium,Mohali,India,T20,2023-12-23,16.3,92.10133427343878,9.5,22.193313656352363,59.626648549200034,2,151.52131788556187,64.63365538662254,35.366344613377464,Monsoon,1,1
Wankhede Stadium,Mumbai,India,T20,2002-07-28,27.25,80.6850385613335,18.8,23.21137554103612,64.11716849215036,2,164.6087805373807,59.696534039387764,40.303465960612236,Winter,0,1
M. Chinnaswamy Stadium,Bengaluru,India,T20,2024-08-14,24.4,50.833172510491124,11.2,21.400905493931404,31.34475938267383,3,181.78496363308244,44.451372971017,55.548627028983,Summer,0,0
M. Chinnaswamy Stadium,Bengaluru,India,T20,2018-02-25,23.35,45.19037409739071,16.8,14.6830766674029,37.4088647865036,3,186.43462199896013,46.917852431353424,53.082147568646576,Post-Monsoon,1,0
Wankhede Stadium,Mumbai,India,T20,2004-07-24,26.45,45.954922525908145,13.8,11.046872385645777,10.668905764400611,3,167.061120292624,46.8883060308333,53.1116939691667,Summer,0,0
M. A. Chidambaram Stadium,Chennai,India,ODI,2018-01-27,25.4,72.5,18.4,19.5,17.4,2,251.6445293019582,61.08250878707211,38.91749121292789,Monsoon,1,1
Maharashtra Cricket Association Stadium,Pune,India,T20,2005-07-22,23.9,84.96223140224119,13.1,25.554219467338722,70.87227946453712,2,196.50468224700592,61.87026120021022,38.12973879978978,Winter,1,1
Punjab Cricket Association IS Bindra Stadium,Mohali,India,ODI,2015-10-03,30.0,52.333333333333336,18.785714285714285,24.323779397716756,69.25318571045382,1,267.5565585220205,69.71629187434846,30.283708125651543,Monsoon,1,1
Wankhede Stadium,Mumbai,India,T20,2010-06-06,29.95,50.631156903008616,23.5,15.905205156539303,32.980906964011155,4,184.87554848570323,49.83010214197661,50.16989785802339,Post-Monsoon,1,0
Sawai Mansingh Stadium,Jaipur,India,T20,2005-06-03,35.0,28.526973344813822,24.2,11.981029606367944,11.659793356336685,7,166.55805554207728,39.86707329336951,60.13292670663049,Summer,1,2
Punjab Cricket Association IS Bindra Stadium,Mohali,India,T20,2000-07-28,28.75,79.67146998939388,7.4,18.99056961185825,74.09569747523116,1,152.02237119816297,61.363129267346125,38.636870732653875,Post-Monsoon,0,1
Narendra Modi Stadium,Ahmedabad,India,ODI,2023-02-28,27.9,44.046572033506976,11.8,7.292762064302145,23.381835027981964,4,296.9032200310396,39.26934179521526,60.73065820478474,Winter,0,2
M. A. Chidambaram Stadium,Chennai,India,T20,2015-05-12,31.5,72.1,22.3,25.8,71.3,1,155.4416699420227,54.8282721475127,45.1717278524873,Monsoon,1,1
Punjab Cricket Association IS Bindra Stadium,Mohali,India,T20,2008-04-19,29.5,82.578948895347,20.5,17.55578095476165,63.5776658719728,1,178.4164739987493,68.37528023615472,31.624719763845277,Monsoon,0,1
Wankhede Stadium,Mumbai,India,ODI,2016-05-07,29.450000000000003,93.10250120834868,19.9,24.48033770305783,69.58355192740501,1,277.5631388646667,61.03161994908353,38.96838005091647,Post-Monsoon,1,1
Eden Gardens,Kolkata,India,T20,2023-08-19,28.9,85.68937369748798,20.1,25.91252796817044,77.912074951368,2,145.57308854205976,59.63878602145875,40.36121397854125,Post-Monsoon,0,1
Eden Gardens,Kolkata,India,T20,2006-03-21,27.4,84.53457267560798,12.7,22.383452816989468,64.33627379228294,1,175.32493753484792,63.35185857163495,36.64814142836505,Monsoon,0,1
Punjab Cricket Association IS Bindra Stadium,Mohali,India,T20,2014-02-09,12.875,63.375,9.2625,24.09159394421622,61.9432158285115,1,164.15328628571066,60.6734663391726,39.3265336608274,Post-Monsoon,1,1
M. A. Chidambaram Stadium,Chennai,India,T20,2021-03-12,27.2,70.0,18.4,20.8,27.8,1,180.40184991389665,53.0,47.0,Post-Monsoon,0,1
Eden Gardens,Kolkata,India,T20,2012-06-03,34.0,79.4656413447536,22.8,24.71474339960851,65.13753031980549,1,152.31165192830522,58.160259265011234,41.839740734988766,Winter,1,1
M. Chinnaswamy Stadium,Bengaluru,India,ODI,2008-06-13,22.95,46.601410592161564,25.3,18.186731798675726,23.305910609436538,4,293.79212175494354,46.64968750157103,53.35031249842897,Post-Monsoon,0,0
Maharashtra Cricket Association Stadium,Pune,India,T20,2016-06-25,23.1,49.87833400214511,14.0,17.8131869143931,28.930367383442835,2,183.6035859475145,53.05301106758644,46.94698893241356,Summer,0,0
Wankhede Stadium,Mumbai,India,ODI,2020-12-30,23.6,59.342246501313895,20.4,18.32264641684599,13.169700407647763,3,316.02011215845187,51.36174543374633,48.63825456625367,Winter,1,0
M. A. Chidambaram Stadium,Chennai,India,ODI,2001-06-09,31.700000000000003,77.4633421472335,19.7,23.382929768148962,95.5769923002637,2,267.45194738570535,64.74514995558286,35.25485004441714,Monsoon,1,1
M. A. Chidambaram Stadium,Chennai,India,ODI,2011-01-12,24.4,75.8,20.5,19.5,50.7,7,254.94327208313177,39.958590450210366,60.041409549789634,Winter,1,2
M. Chinnaswamy Stadium,Bengaluru,India,ODI,2002-03-03,24.05,52.72681814820787,13.9,23.35956718381528,24.940304447455617,3,314.81588448212034,40.0,60.0,Winter,0,0
Wankhede Stadium,Mumbai,India,T20,2020-05-28,30.75,61.55599007661617,17.7,17.04956481117974,31.707697428073573,4,168.79167009450202,51.59157453202362,48.40842546797638,Post-Monsoon,0,0
Wankhede Stadium,Mumbai,India,ODI,2011-06-18,28.55,73.78967055560284,29.0,22.581439682947646,71.0931915539214,2,285.6017225075421,61.118923297169275,38.881076702830725,Post-Monsoon,1,1
Eden Gardens,Kolkata,India,ODI,2008-03-19,29.45,87.76785261590207,17.9,26.083679639703423,95.2844829795291,1,274.2128148607564,58.69353724297623,41.30646275702377,Winter,1,1
Eden Gardens,Kolkata,India,T20,2003-03-03,29.549999999999997,86.80905725039986,15.4,21.654687968647128,82.70976396820207,2,198.3751508347121,62.83008460384291,37.16991539615709,Monsoon,1,1
Arun Jaitley Stadium,Delhi,India,Test,2022-12-07,17.2,20.525226541376618,21.5,17.250794732299006,18.741809641791622,5,290.5232661176484,44.11914382953256,55.88085617046744,Summer,1,2
M. A. Chidambaram Stadium,Chennai,India,T20,2002-12-28,23.9,50.676801518428235,12.2,13.119178855047007,35.49366528745499,7,140.9889704086501,40.15769391048884,59.84230608951116,Summer,0,2
Rajiv Gandhi International Stadium,Hyderabad,India,ODI,2007-08-25,25.549999999999997,54.279436875652074,10.2,17.117636583141092,28.415717298501754,3,273.50088431765965,55.52113165372722,44.47886834627278,Post-Monsoon,1,0
Sawai Mansingh Stadium,Jaipur,India,ODI,2013-03-19,25.05,54.47812719471793,15.5,17.346889490187515,29.14815607688049,7,248.01071406361064,48.0,52.0,Summer,1,2
Eden Gardens,Kolkata,India,T20,2018-08-22,28.55,35.17405046537913,9.4,11.355992509171989,25.897978823867277,5,148.53557604301804,42.83356512655075,57.16643487344925,Winter,1,2
Eden Gardens,Kolkata,India,T20,2008-06-27,28.549999999999997,40.22860731609445,14.8,12.009749379816304,21.399727179489194,4,143.2697087025455,36.66713665695233,63.33286334304767,Summer,1,2
Maharashtra Cricket Association Stadium,Pune,India,ODI,2009-01-13,22.950000000000003,76.09585718377708,11.7,25.227304276380906,88.23712195558286,1,261.229192096679,61.05104643281378,38.94895356718622,Post-Monsoon,1,1
Sawai Mansingh Stadium,Jaipur,India,ODI,2011-04-15,27.3,38.27525996788422,10.3,13.405387729701342,10.188918337869934,6,253.57079290919924,41.09116722273587,58.90883277726413,Summer,1,2
Eden Gardens,Kolkata,India,Test,2016-11-17,21.2,44.375549520225725,12.4,15.804714133686279,23.99640431140917,4,304.0828780783647,44.58541276105153,55.41458723894847,Summer,0,2
Narendra Modi Stadium,Ahmedabad,India,ODI,2005-05-20,34.3,53.52299673922317,14.4,15.965006927997338,22.892668242170632,4,281.66083081128704,58.64410390483195,41.35589609516805,Winter,1,2
Arun Jaitley Stadium,Delhi,India,T20,2013-09-11,30.857142857142858,61.142857142857146,3.971428571428571,15.77065641686534,19.274382270637126,5,148.09549825967017,40.14041537552016,59.85958462447984,Winter,0,2
Punjab Cricket Association IS Bindra Stadium,Mohali,India,T20,2022-05-15,37.1,71.84140605828765,23.5,23.39982894181474,80.92897326983422,2,158.36492463110073,64.0290540056856,35.970945994314405,Post-Monsoon,0,1
Narendra Modi Stadium,Ahmedabad,India,T20,2010-12-07,22.5,50.29591874682681,15.3,19.00281902761303,26.399252209969205,4,197.56446965736788,54.80677974583647,45.19322025416353,Post-Monsoon,1,0
Maharashtra Cricket Association Stadium,Pune,India,T20,2012-05-27,28.549999999999997,42.41605275231579,16.7,21.19263085584316,20.93398128684037,4,160.16088628517682,57.8138087512173,42.1861912487827,Post-Monsoon,0,0
M. A. Chidambaram Stadium,Chennai,India,T20,2014-06-05,32.4,64.2,18.4,24.5,46.2,1,167.01783794293442,66.44416972224174,33.55583027775826,Monsoon,1,1
Narendra Modi Stadium,Ahmedabad,India,T20,2000-12-24,21.75,68.0,11.4,16.91985041300513,43.514838475629006,4,205.20156003595997,49.85704276050364,50.14295723949636,Winter,0,0
Sawai Mansingh Stadium,Jaipur,India,T20,2019-05-08,34.7,26.812864714479986,28.9,17.213247797649846,18.238005957270897,7,174.2351458165287,45.8387595879921,54.1612404120079,Winter,1,2
Eden Gardens,Kolkata,India,T20,2001-08-21,29.0,20.0,19.9,8.652750998115662,0.0,6,154.98343018221755,44.57578057922963,55.42421942077037,Summer,0,2
Eden Gardens,Kolkata,India,ODI,2018-05-01,27.6,84.05914453474816,16.2,25.335172230414756,66.68726818047519,1,273.76505968894253,57.11318219303139,42.88681780696861,Post-Monsoon,1,1
Rajiv Gandhi International Stadium,Hyderabad,India,T20,2013-12-04,23.05,63.99814956205432,14.8,13.623811503746454,31.760431241559942,2,195.7248164949331,56.443917564087805,43.556082435912195,Post-Monsoon,0,0
Wankhede Stadium,Mumbai,India,T20,2010-01-24,24.1,72.77299928933714,13.9,22.348970716068973,76.64778862100525,2,165.2568583799479,62.17556849902309,37.82443150097691,Monsoon,1,1
Wankhede Stadium,Mumbai,India,ODI,2019-01-29,23.9,82.48649010646945,19.7,24.592881038276218,73.17365751096312,1,287.98745911935947,53.0,47.0,Winter,1,1
Sawai Mansingh Stadium,Jaipur,India,ODI,2015-05-31,33.8,34.53413874701583,14.8,12.75250722005687,10.739059951195197,5,227.5257064700546,39.817596221928845,60.182403778071155,Summer,0,2
Eden Gardens,Kolkata,India,T20,2012-10-18,25.5,46.513675910864066,8.3,13.92999610993439,18.31450452819437,7,131.58065893036184,36.115961505674264,63.884038494325736,Summer,0,2
Maharashtra Cricket Association Stadium,Pune,India,T20,2007-03-30,31.1,83.39439377448527,11.5,24.58749959063989,65.55043070072632,1,156.85060781886403,63.59601933742471,36.40398066257529,Winter,1,1
Narendra Modi Stadium,Ahmedabad,India,T20,2015-02-05,22.9,49.43991155512512,15.5,15.080855278438783,13.549260416409759,2,198.23470692544544,56.829939177341224,43.170060822658776,Post-Monsoon,1,0
Eden Gardens,Kolkata,India,T20,2013-03-13,28.650000000000002,89.08889136355151,11.9,20.03266732324794,85.89220367656242,2,170.37854526695295,67.12785761357569,32.872142386424315,Post-Monsoon,0,1
M. Chinnaswamy Stadium,Bengaluru,India,T20,2019-04-16,27.950000000000003,52.457337809856966,21.8,17.033626578438547,31.741977605660633,2,167.40935367704188,48.44068730167878,51.55931269832122,Summer,0,0
Sawai Mansingh Stadium,Jaipur,India,T20,2024-03-16,21.45,22.05551703156675,13.2,6.553443807671538,0.0,4,169.2415084959161,43.39132220077588,56.60867779922412,Winter,1,2
M. Chinnaswamy Stadium,Bengaluru,India,Test,2008-08-28,23.4,68.0,7.3,23.414709535324704,24.388010729481604,2,350.937949647491,46.469313878696404,53.530686121303596,Winter,1,0
Eden Gardens,Kolkata,India,Test,2001-04-09,31.65,85.42130106426612,17.3,25.791776376613473,62.80493767764939,2,317.27719232076635,62.523145170091716,37.476854829908284,Post-Monsoon,1,1
Arun Jaitley Stadium,Delhi,India,T20,2019-07-30,29.25,55.0,18.6,7.093035784699904,16.43277140005619,7,152.06197408125843,44.87391204424327,55.12608795575673,Summer,0,2
Narendra Modi Stadium,Ahmedabad,India,Test,2005-11-05,25.25,49.15670379444719,9.3,19.301232701457696,5.0,3,341.75713834209654,45.13679995463993,54.86320004536007,Winter,1,2
Narendra Modi Stadium,Ahmedabad,India,ODI,2012-12-15,23.6,50.98241529242299,11.2,15.978096050848466,27.396008814821467,3,315.8757470488152,46.351006225301134,53.648993774698866,Winter,1,0
Narendra Modi Stadium,Ahmedabad,India,T20,2018-07-12,27.7,52.41971888679635,13.9,24.0,33.690691377647084,3,225.80784691156336,54.633824548789626,45.366175451210374,Post-Monsoon,1,0
M. A. Chidambaram Stadium,Chennai,India,ODI,2003-07-04,29.849999999999998,84.60342491835763,19.4,21.19144932082686,72.53205432448898,1,260.63297716334716,56.757355428650364,43.242644571349636,Monsoon,0,1
Eden Gardens,Kolkata,India,T20,2002-12-08,19.85,79.0419130256968,11.8,24.076917698200567,89.78109739375549,2,169.80704254019537,63.5816507115451,36.4183492884549,Post-Monsoon,1,1
Punjab Cricket Association IS Bindra Stadium,Mohali,India,T20,2001-07-17,28.35,94.07155217762113,8.1,21.736831540721084,79.21902783871175,2,162.0484348754645,58.030224261260564,41.969775738739436,Post-Monsoon,1,1
Narendra Modi Stadium,Ahmedabad,India,T20,2018-12-06,22.5,55.85634083794592,9.2,16.40798139926809,26.438373941515636,4,189.76338520239665,52.80183099407967,47.19816900592033,Summer,1,0
Arun Jaitley Stadium,Delhi,India,T20,2015-07-06,27.875,83.25,9.275,11.538687121318718,23.951214989715893,6,133.04903881485134,39.45026553926186,60.54973446073814,Summer,1,2
M. A. Chidambaram Stadium,Chennai,India,ODI,2008-01-02,24.3,78.7,14.8,20.0,41.6,7,266.23474311115365,29.945369437997428,70.05463056200257,Summer,0,2
Wankhede Stadium,Mumbai,India,ODI,2004-05-25,29.05,78.96113731068908,16.0,24.164161755695886,98.03367776807639,2,270.2276300433286,64.48844019507042,35.511559804929576,Post-Monsoon,1,1
M. A. Chidambaram Stadium,Chennai,India,T20,2006-04-29,33.5,59.0,22.3,23.4,39.0,5,150.82500857750907,38.73827084329276,61.26172915670724,Summer,0,2
Rajiv Gandhi International Stadium,Hyderabad,India,T20,2016-01-19,22.95,62.80213127436882,15.8,13.402507340041298,16.93914075982947,2,204.84678203375674,46.38154272565113,53.61845727434887,Post-Monsoon,1,0
Maharashtra Cricket Association Stadium,Pune,India,T20,2012-06-29,25.35,81.10975011045844,12.1,27.742752372239064,55.0,2,168.8885955744049,54.815015673285544,45.184984326714456,Winter,1,1
M. A. Chidambaram Stadium,Chennai,India,T20,2023-09-17,28.2,84.5,17.5,25.2,71.8,6,150.94828616346686,38.765730354343916,61.234269645656084,Summer,1,2
Sawai Mansingh Stadium,Jaipur,India,T20,2020-12-30,11.649999999999999,39.11383937327681,12.0,6.3130895392275175,23.084287927472083,5,152.4779519915922,36.57750798565678,63.42249201434322,Summer,1,2
Narendra Modi Stadium,Ahmedabad,India,T20,2006-10-13,29.299999999999997,66.20120717880754,8.7,19.77964831948876,29.57125178952303,4,188.72617884975332,51.83701783764412,48.16298216235588,Winter,1,0
Rajiv Gandhi International Stadium,Hyderabad,India,T20,2008-11-21,24.6,49.23475280293531,12.0,24.0,36.49772590118504,3,218.21857324857075,58.85712631559393,41.14287368440607,Winter,1,0
Narendra Modi Stadium,Ahmedabad,India,ODI,2003-08-02,27.75,32.79423015395016,13.8,10.424102772612535,30.526308393911876,7,260.67917761342176,42.090373144905726,57.909626855094274,Summer,0,2
Narendra Modi Stadium,Ahmedabad,India,T20,2003-01-25,22.1,58.72639857986915,8.7,24.0,26.445402876332782,2,186.26385438896997,51.778443865726636,48.221556134273364,Summer,1,0
Wankhede Stadium,Mumbai,India,ODI,2019-06-24,27.85,89.81298563827525,12.5,27.638020429670632,67.67577055987894,2,286.5127414848102,66.10990097163915,33.89009902836085,Monsoon,1,1
Arun Jaitley Stadium,Delhi,India,ODI,2024-12-31,11.8,37.031772673760194,4.8,13.148587219138026,17.248865387853076,6,258.11983963361916,34.604381103378955,65.39561889662104,Summer,1,2
M. A. Chidambaram Stadium,Chennai,India,T20,2006-08-19,30.4,69.2,22.3,24.0,47.0,2,160.92825648605603,63.90163722972508,36.09836277027492,Post-Monsoon,0,1
Wankhede Stadium,Mumbai,India,Test,2010-12-14,23.35,80.25729755851061,13.7,22.49008948251882,65.15131558722965,2,323.6807315833555,69.62251741244337,30.377482587556628,Winter,1,1
Rajiv Gandhi International Stadium,Hyderabad,India,T20,2014-03-06,22.95,40.0,15.3,15.29667662107716,25.588150199824554,2,199.2130915575148,51.77174057541033,48.22825942458967,Winter,1,0
Eden Gardens,Kolkata,India,ODI,2015-07-05,29.1,77.30021649691062,8.3,24.940327413771474,69.79295140968532,1,270.16983996033184,64.08604766822636,35.91395233177364,Post-Monsoon,0,1
M. A. Chidambaram Stadium,Chennai,India,ODI,2018-02-10,27.1,76.1,14.8,22.3,39.6,2,276.77217352268804,58.327352819683526,41.672647180316474,Winter,1,1
Rajiv Gandhi International Stadium,Hyderabad,India,Test,2005-06-28,25.25,53.67641920534763,29.4,19.628697720041686,26.0120888768254,3,344.6431095563745,56.96805341996213,43.03194658003787,Summer,1,0
Rajiv Gandhi International Stadium,Hyderabad,India,T20,2015-12-31,24.8,52.63743423216097,14.0,13.972738069010902,26.46848458408644,2,181.63064753982778,57.76033660703685,42.23966339296315,Post-Monsoon,1,0
M. A. Chidambaram Stadium,Chennai,India,T20,2009-09-25,32.2,60.9,14.8,23.0,31.7,5,180.1675445001241,43.30789442211781,56.69210557788219,Winter,0,2
Sawai Mansingh Stadium,Jaipur,India,ODI,2022-10-02,27.95,21.324782760092205,18.0,13.261565209801047,15.9911792957047,4,243.05372060996416,48.0,52.0,Summer,0,2
Eden Gardens,Kolkata,India,T20,2014-08-12,30.05,40.0025863455237,18.5,6.711505284909594,32.279584983041104,4,170.8157699101756,39.15897096444372,60.84102903555628,Summer,1,2
Maharashtra Cricket Association Stadium,Pune,India,T20,2021-06-26,24.9,68.0,23.9,15.179534642862462,48.0,3,183.2163856987626,43.86115997052336,56.13884002947664,Post-Monsoon,0,0
Rajiv Gandhi International Stadium,Hyderabad,India,T20,2004-11-02,25.15,50.986412896702724,13.0,11.206759841147527,20.480456940740055,2,178.48328768845826,49.0230079787296,50.9769920212704,Winter,1,0
M. A. Chidambaram Stadium,Chennai,India,T20,2012-03-27,28.5,68.1,18.4,21.7,31.3,2,187.78577898588892,57.28849441183071,42.71150558816929,Winter,1,1
M. A. Chidambaram Stadium,Chennai,India,T20,2001-11-12,26.65,36.91040232972817,14.5,13.27927091905443,10.993280367815267,5,158.01570779123804,42.43211186599614,57.56788813400386,Winter,0,2
Maharashtra Cricket Association Stadium,Pune,India,T20,2008-07-09,24.45,62.06616804473001,18.3,16.24426718493363,48.0,4,159.70758671468246,55.06289218592575,44.93710781407425,Post-Monsoon,0,0
Eden Gardens,Kolkata,India,T20,2006-11-17,24.05,24.75923725451853,9.0,7.936864517965034,18.417386549260268,7,167.29552948223719,41.684159838202966,58.315840161797034,Summer,1,2
Eden Gardens,Kolkata,India,T20,2000-02-26,20.8,68.0,10.6,25.121229622691505,68.62712992158043,1,161.29162691441653,67.19889154303517,32.801108456964826,Winter,1,1
Arun Jaitley Stadium,Delhi,India,T20,2003-11-14,18.75,40.073358983600656,8.9,7.461477763744671,15.262781315996639,6,165.21388801591866,36.666906855185815,63.333093144814185,Summer,1,2
M. Chinnaswamy Stadium,Bengaluru,India,T20,2019-07-30,23.7,51.53696646485719,27.7,10.0,27.36714779837949,2,178.53192188627926,44.11622119141265,55.88377880858735,Summer,1,0
M. A. Chidambaram Stadium,Chennai,India,Test,2018-03-02,28.0,67.1,16.6,19.8,14.2,5,267.9113864623177,31.632830093645495,68.3671699063545,Summer,0,2
Eden Gardens,Kolkata,India,T20,2006-03-21,27.4,35.56852258783886,12.7,9.47563702275294,4.83359062328789,7,161.4732023791748,38.08552452419154,61.91447547580846,Summer,0,2
Eden Gardens,Kolkata,India,T20,2021-12-30,20.200000000000003,89.30404768844315,11.7,25.11828010451457,79.10435178984595,2,144.5911466998268,70.60147452616094,29.398525473839058,Post-Monsoon,1,1
Maharashtra Cricket Association Stadium,Pune,India,ODI,2002-08-21,24.1,40.886234585776684,16.2,17.897171113823003,31.187149844245802,2,288.0516862086591,54.46303026128936,45.53696973871064,Winter,1,1
Maharashtra Cricket Association Stadium,Pune,India,T20,2013-04-24,29.849999999999998,83.22497809194296,16.6,22.82064853152565,69.6122121775134,1,171.98107351459393,62.46901780379756,37.53098219620244,Monsoon,0,1
Narendra Modi Stadium,Ahmedabad,India,T20,2020-12-27,21.65,63.347983803461645,15.9,16.773150935659725,18.31898240423744,2,167.34619831927947,54.15420936049676,45.84579063950324,Winter,0,1
M. A. Chidambaram Stadium,Chennai,India,T20,2008-09-02,29.1,63.6,18.4,21.3,52.9,5,154.6666595435184,36.82424526592798,63.17575473407202,Winter,0,2
Arun Jaitley Stadium,Delhi,India,T20,2011-12-03,20.35,45.63702234921845,12.8,10.521161997437982,15.688752953178735,6,142.15632511002207,48.0,52.0,Summer,0,2
Eden Gardens,Kolkata,India,T20,2019-12-09,22.85,28.78725173273635,12.3,8.44192065609554,20.076334124572305,6,165.27683838304372,38.70876906501387,61.29123093498613,Winter,1,2
M. Chinnaswamy Stadium,Bengaluru,India,T20,2009-11-04,22.15,45.98573384640784,18.9,15.335477412924185,12.497430358677732,3,171.56141898607154,52.24893284715871,47.75106715284129,Summer,0,0
Eden Gardens,Kolkata,India,T20,2007-06-12,31.1,78.9657087882451,14.5,21.023713233684283,73.08011804534317,1,158.18553252160353,63.92097472088014,36.07902527911986,Monsoon,0,1
Narendra Modi Stadium,Ahmedabad,India,T20,2019-04-20,30.799999999999997,45.79330590624282,11.2,17.019771086702217,27.759470986000064,3,179.44645456596973,51.939927921944076,48.060072078055924,Winter,1,0
Eden Gardens,Kolkata,India,Test,2011-12-23,17.3,83.2304804772648,15.7,22.806851586669122,70.76352701821013,2,310.74565018093494,62.50742965167019,37.49257034832981,Monsoon,0,1
Maharashtra Cricket Association Stadium,Pune,India,T20,2001-03-10,23.75,92.07407468738214,13.8,20.83562569552734,62.82851122168571,2,201.97848233655213,57.560770274878536,42.439229725121464,Winter,1,1
Narendra Modi Stadium,Ahmedabad,India,ODI,2022-09-19,27.8,60.556699674981715,11.2,17.379737831528384,26.841694910191148,2,274.3875539720892,51.79181758187805,48.20818241812195,Post-Monsoon,1,0
Rajiv Gandhi International Stadium,Hyderabad,India,T20,2023-07-06,26.0,56.643239628587,22.4,13.476096569259877,7.461731554113502,2,171.10217248070728,58.9318884250282,41.0681115749718,Post-Monsoon,1,0
Maharashtra Cricket Association Stadium,Pune,India,T20,2019-08-18,24.6,46.93775647068728,21.7,13.634354760293263,20.659412841904064,4,194.2963450579644,49.612041886260116,50.387958113739884,Summer,1,0
Wankhede Stadium,Mumbai,India,T20,2000-06-08,26.95,62.32298304769519,15.5,15.648637465659636,16.957926000058194,3,184.88924013062461,49.91566585001642,50.08433414998358,Winter,1,0
Eden Gardens,Kolkata,India,ODI,2019-08-12,28.5,95.01832814701156,13.0,24.62530690940571,69.3441492092081,2,272.30084074232093,60.648222086976894,39.351777913023106,Monsoon,0,1
Narendra Modi Stadium,Ahmedabad,India,ODI,2000-11-06,26.599999999999998,39.38005750708059,9.0,10.297753780759564,26.22083489120939,7,242.38317798911092,45.50707105590392,54.49292894409608,Summer,1,2
Narendra Modi Stadium,Ahmedabad,India,Test,2001-05-20,32.75,49.38498712817147,18.0,20.213025623745946,32.78983619925112,4,381.26979553866187,55.09036920781516,44.90963079218484,Post-Monsoon,0,2
Narendra Modi Stadium,Ahmedabad,India,T20,2013-09-09,27.75,68.0,8.0,15.038610020288768,19.1649306478679,3,154.38016076045471,50.308036327464734,49.691963672535266,Winter,1,0
M. A. Chidambaram Stadium,Chennai,India,T20,2011-02-20,27.5,84.3,22.3,24.5,49.8,1,179.40305072116578,64.65260715644382,35.34739284355618,Winter,1,1
Rajiv Gandhi International Stadium,Hyderabad,India,T20,2005-06-02,33.05,66.67763532589532,16.1,15.958127287024068,20.334710253081457,4,179.17706235611217,50.96226182358341,49.03773817641659,Post-Monsoon,1,0
M. Chinnaswamy Stadium,Bengaluru,India,T20,2022-08-23,23.299999999999997,51.835066120056595,20.6,14.298840293389341,29.377123603741023,3,151.79147747726086,47.72754423877716,52.27245576122284,Post-Monsoon,1,0
Narendra Modi Stadium,Ahmedabad,India,T20,2021-01-03,18.5,45.34457306892066,11.0,12.730040702389731,21.163669190393133,6,167.44096918285075,37.04678460001563,62.95321539998437,Summer,1,2
Wankhede Stadium,Mumbai,India,T20,2010-03-11,28.5,45.93363031961473,18.9,11.275815837749064,33.322283200504096,2,177.11588193127443,50.01542577043575,49.98457422956425,Winter,1,0
Maharashtra Cricket Association Stadium,Pune,India,T20,2006-12-31,23.0,49.711657448382184,9.3,16.943280389379094,27.161568046012732,3,186.6283054676079,44.8611491251949,55.1388508748051,Winter,1,0
M. A. Chidambaram Stadium,Chennai,India,T20,2002-05-24,32.95,89.12124573915291,20.8,25.60589016431319,78.20351365202829,1,169.16637018614983,58.05880186171593,41.94119813828407,Monsoon,1,1
Maharashtra Cricket Association Stadium,Pune,India,ODI,2005-11-26,22.45,84.38214856626502,13.6,22.973940508554428,66.69750987563681,1,255.9757598679827,65.69857843401621,34.30142156598379,Post-Monsoon,0,1
Narendra Modi Stadium,Ahmedabad,India,T20,2021-07-02,31.7,43.31482939391945,22.6,12.451946881854582,15.913372332763334,6,176.32592999326388,36.15381895981436,63.84618104018564,Summer,1,2
Eden Gardens,Kolkata,India,T20,2007-06-11,30.200000000000003,81.52813438976578,20.5,22.03554235019809,98.95751782798915,2,148.2065798360529,63.248825796838986,36.751174203161014,Winter,1,1
Arun Jaitley Stadium,Delhi,India,ODI,2004-04-04,29.25,41.147326441444186,18.1,13.331385377826585,22.80883155216011,4,255.41217021024025,42.740795624218514,57.259204375781486,Winter,1,2
Eden Gardens,Kolkata,India,T20,2019-05-12,31.799999999999997,31.958244644663836,19.6,5.699114305609837,29.373015824657667,5,182.6399044015435,43.753623091325565,56.246376908674435,Summer,1,2
Rajiv Gandhi International Stadium,Hyderabad,India,T20,2023-10-19,26.549999999999997,43.731364614134385,16.2,17.322795359818905,22.486395377847696,4,157.82474695382888,46.18032008646564,53.81967991353436,Post-Monsoon,0,2
Narendra Modi Stadium,Ahmedabad,India,Test,2009-08-29,27.0,50.482807438995664,11.6,13.876419968032883,27.855835226120178,5,290.06419491927676,41.05359489538381,58.94640510461619,Summer,0,2
Rajiv Gandhi International Stadium,Hyderabad,India,T20,2024-04-25,32.45,55.950297549861816,12.0,17.638704990889718,19.94508861844109,4,202.10300916144053,40.51901871087844,59.48098128912156,Winter,1,0
Eden Gardens,Kolkata,India,ODI,2011-05-14,32.3,74.7094620466418,15.0,21.739657967406743,75.34607291730721,2,225.46056009101736,63.3701716528716,36.6298283471284,Monsoon,1,1
Arun Jaitley Stadium,Delhi,India,T20,2021-06-07,33.2,24.807469349126414,15.8,14.974210896881754,21.68593608094771,4,194.7170413038936,39.11384927365944,60.88615072634056,Summer,1,2
Eden Gardens,Kolkata,India,ODI,2016-07-11,28.6,92.06997310277171,16.8,17.67645273340395,60.340322791201054,2,260.45816698135593,65.63862309999568,34.361376900004316,Post-Monsoon,0,1
Punjab Cricket Association IS Bindra Stadium,Mohali,India,ODI,2003-03-03,16.45,78.10205469755118,19.1,25.869297600262946,67.49048739976567,1,287.981586668434,57.949374794959674,42.050625205040326,Monsoon,0,1
Arun Jaitley Stadium,Delhi,India,Test,2024-06-24,35.05,20.887962211424547,14.9,12.10310968753914,17.760311612807026,5,267.641937174694,48.0,52.0,Winter,1,2
Maharashtra Cricket Association Stadium,Pune,India,T20,2011-01-25,24.049999999999997,58.640462343331876,9.7,14.779790194950573,18.175107668222573,2,198.26060764444145,45.87475570929243,54.12524429070757,Winter,1,0
Narendra Modi Stadium,Ahmedabad,India,Test,2002-03-14,27.25,20.0,15.3,10.489642426609525,24.59794197238374,4,307.30898942496486,34.190668195682264,65.80933180431774,Summer,0,2
Rajiv Gandhi International Stadium,Hyderabad,India,T20,2006-02-08,23.4,53.00544133376207,12.6,16.605876103837403,16.47053711758471,4,187.98748484699578,46.53097223616492,53.46902776383508,Winter,1,0
Arun Jaitley Stadium,Delhi,India,ODI,2017-04-05,29.23076923076923,46.0,14.384615384615389,9.768630226882957,18.289621114078614,4,280.618791258523,39.59537383373919,60.40462616626081,Winter,1,2
M. Chinnaswamy Stadium,Bengaluru,India,ODI,2024-01-12,21.4,45.75072003082918,23.4,17.513818284637043,30.264302725454783,2,311.6352246152317,48.20724173307925,51.79275826692075,Summer,0,0
Eden Gardens,Kolkata,India,Test,2018-01-20,17.5,80.00887353355505,10.5,25.461307432487217,72.35069513501391,2,324.8135540742019,64.38952780444608,35.610472195553925,Monsoon,0,1
Punjab Cricket Association IS Bindra Stadium,Mohali,India,T20,2022-10-20,24.5,76.22365025563641,11.5,19.553505858013434,85.30933758331479,2,199.88338677503353,58.502189041734134,41.497810958265866,Monsoon,1,1
M. A. Chidambaram Stadium,Chennai,India,ODI,2000-02-08,26.450000000000003,84.82161943518692,20.8,24.023141871532154,66.42977404931959,2,282.15034641607565,63.97579003208428,36.02420996791572,Post-Monsoon,1,1
Eden Gardens,Kolkata,India,T20,2019-01-10,18.75,79.80987756083746,9.3,19.46325176197669,86.74007730122344,1,152.23457016136194,61.79528749027046,38.20471250972954,Monsoon,0,1
Maharashtra Cricket Association Stadium,Pune,India,ODI,2014-05-13,28.7,53.30841075668782,15.9,23.55581528634614,11.587610093651248,2,293.76488599581126,40.0,60.0,Post-Monsoon,1,0
Rajiv Gandhi International Stadium,Hyderabad,India,Test,2024-06-21,28.6,44.54495032663455,22.8,17.541144859911384,28.64755295191631,2,348.74141835434847,49.15680307985166,50.84319692014834,Summer,1,0
M. A. Chidambaram Stadium,Chennai,India,Test,2004-10-18,26.1,90.8,14.8,24.4,88.6,4,304.16591800110916,38.773225257137916,61.226774742862084,Summer,0,1
Wankhede Stadium,Mumbai,India,T20,2001-12-30,25.85,60.90459519751203,10.6,17.672261036686585,38.524000513817526,3,175.5485493886294,53.687892664166036,46.312107335833964,Summer,1,0
Sawai Mansingh Stadium,Jaipur,India,T20,2003-11-24,19.95,40.73244440752408,11.7,8.039428764715288,16.03777723246312,4,164.52149111699927,36.11331211969128,63.88668788030872,Summer,0,2
Sawai Mansingh Stadium,Jaipur,India,ODI,2005-10-07,28.15,43.7076836995559,15.0,10.704747774026659,19.959513816355745,4,248.2188814589581,34.68245535774237,65.31754464225763,Summer,0,2
Rajiv Gandhi International Stadium,Hyderabad,India,Test,2020-04-21,30.200000000000003,58.781183361049116,17.8,11.640627838026527,14.119400780193754,3,335.72417450288066,50.72068400937814,49.27931599062186,Winter,0,0
Wankhede Stadium,Mumbai,India,T20,2002-07-29,27.4,73.53797088351146,19.2,23.51514878796525,73.52192881771904,1,168.16077764589568,59.087583008660886,40.912416991339114,Monsoon,1,1
Eden Gardens,Kolkata,India,T20,2021-10-06,28.450000000000003,74.73339645844041,10.0,20.210864997100547,66.45506255704355,2,174.4030227055286,58.01356302052467,41.98643697947533,Monsoon,0,1
Wankhede Stadium,Mumbai,India,ODI,2021-02-24,27.55,40.0,19.4,18.66632260372823,37.520750212585895,4,291.1908165255622,54.54816701692667,45.45183298307333,Post-Monsoon,0,1
Sawai Mansingh Stadium,Jaipur,India,T20,2006-06-28,29.05,38.098763659409116,12.7,8.049258509219566,13.495199380157567,4,153.169660570428,37.61440231060265,62.38559768939735,Summer,0,2
Sawai Mansingh Stadium,Jaipur,India,T20,2014-06-18,34.400000000000006,29.014576143296306,22.8,7.094531743336707,20.371064160934036,5,179.09923300475967,42.443412844814816,57.556587155185184,Summer,0,2
Arun Jaitley Stadium,Delhi,India,T20,2004-12-14,17.65,31.796743007917172,14.8,12.070726547647114,9.29353765556246,4,132.06393279886623,39.4884483309557,60.5115516690443,Winter,1,2
Arun Jaitley Stadium,Delhi,India,Test,2006-03-28,22.9,30.555171562483903,14.8,15.813229988106063,6.619194809735863,5,282.57168769849596,43.19569415682897,56.80430584317103,Summer,1,2
Eden Gardens,Kolkata,India,Test,2012-09-05,26.450000000000003,39.73952332242609,17.1,10.699106997669775,17.08542265596202,5,315.6660435441212,35.760206282681494,64.2397937173185,Summer,0,2
M. A. Chidambaram Stadium,Chennai,India,T20,2019-06-11,34.6,53.2,32.1,23.2,53.8,1,173.39437706916522,71.93487919472412,28.065120805275882,Winter,1,1
Eden Gardens,Kolkata,India,ODI,2021-08-01,29.25,91.61325856819585,13.0,22.058690361637257,75.98479822140021,2,287.9948607366547,62.41048858231212,37.58951141768788,Post-Monsoon,0,1
Maharashtra Cricket Association Stadium,Pune,India,T20,2022-09-01,25.2,62.80613512351525,12.2,11.998218900970123,17.079293432402576,4,190.36608138868797,49.56388475308556,50.43611524691444,Post-Monsoon,1,0
M. A. Chidambaram Stadium,Chennai,India,T20,2017-06-25,31.2,63.8,22.3,23.2,51.6,1,160.21631431633514,61.943380741797625,38.056619258202375,Post-Monsoon,0,1
Wankhede Stadium,Mumbai,India,ODI,2000-11-19,25.55,82.84315388112144,12.0,23.022186928542403,82.93945353583511,1,265.2259490159851,59.703003697487546,40.296996302512454,Monsoon,0,1
Wankhede Stadium,Mumbai,India,Test,2009-11-15,26.75,59.17936933783417,11.3,18.418534339577132,37.58471564014041,4,373.10490764549115,48.832198639948516,51.167801360051484,Summer,1,0
Arun Jaitley Stadium,Delhi,India,T20,2021-07-07,36.599999999999994,41.55781454556186,21.6,15.362150544372374,14.34823084620222,5,157.0962223039807,43.221835601065116,56.778164398934884,Summer,1,2
Maharashtra Cricket Association Stadium,Pune,India,T20,2000-09-23,25.799999999999997,85.05553218279366,10.8,24.00038240971677,74.80614876951734,2,211.79638951954126,61.612942827996214,38.387057172003786,Post-Monsoon,1,1
M. A. Chidambaram Stadium,Chennai,India,T20,2009-04-27,31.2,71.1,18.4,25.0,23.5,1,189.01034359838923,59.57563083481265,40.42436916518735,Post-Monsoon,1,1
Eden Gardens,Kolkata,India,T20,2007-12-27,19.65,80.93451958118963,9.8,19.93420290175682,77.78558258784182,1,166.35713546483527,57.609927707397595,42.390072292602405,Monsoon,0,1
M. Chinnaswamy Stadium,Bengaluru,India,T20,2007-03-21,26.700000000000003,54.66387558861836,15.0,15.707394590797147,40.65259705342889,4,191.73997781569372,40.41231895771176,59.58768104228824,Winter,1,0
M. Chinnaswamy Stadium,Bengaluru,India,T20,2002-08-21,22.85,43.02929046446154,22.4,19.880480326773906,24.783435049626014,3,189.28517562990461,48.387635739628436,51.612364260371564,Summer,1,0
Wankhede Stadium,Mumbai,India,T20,2016-09-26,27.0,87.59197236003092,18.6,25.783523354667928,71.08366448043097,1,153.5815723216864,56.348783074964516,43.651216925035484,Winter,1,1
Narendra Modi Stadium,Ahmedabad,India,T20,2001-01-07,20.4,25.218226257006066,11.6,8.658637626474004,2.3658289059633155,6,149.9365743034193,31.319874270699117,68.68012572930088,Summer,1,2
Maharashtra Cricket Association Stadium,Pune,India,Test,2013-10-14,24.8,82.53993081465299,12.7,26.336312257729894,80.5766149516607,2,343.61453150742307,64.00044777631301,35.99955222368699,Post-Monsoon,1,1
Maharashtra Cricket Association Stadium,Pune,India,Test,2007-01-09,21.55,89.19190883879907,12.1,23.695996164682054,63.20467986684653,1,285.3012631338404,60.85472681887275,39.14527318112725,Monsoon,1,1
Wankhede Stadium,Mumbai,India,ODI,2010-04-19,28.85,80.45370063167407,18.7,23.919152483193187,55.0,2,262.089982195835,53.0,47.0,Post-Monsoon,0,1
Wankhede Stadium,Mumbai,India,ODI,2024-08-06,27.200000000000003,61.95152034764476,20.0,10.0,22.40588301524223,4,315.78841630884017,55.6205339197977,44.3794660802023,Winter,1,0
Sawai Mansingh Stadium,Jaipur,India,Test,2022-09-30,27.9,40.510552160856975,16.0,13.678567448968867,11.803919507892836,6,286.5154187746744,43.281854467740544,56.718145532259456,Summer,1,2
Maharashtra Cricket Association Stadium,Pune,India,T20,2007-04-29,31.25,92.2925265867954,13.6,20.837865049655058,57.60631724481194,2,158.02890593950102,65.05882223413874,34.941177765861255,Monsoon,0,1
Wankhede Stadium,Mumbai,India,ODI,2000-03-10,25.05,55.2444618461438,14.4,18.963883572990266,20.313176499426923,3,309.52484649240563,52.65303004892901,47.34696995107099,Summer,1,0
Narendra Modi Stadium,Ahmedabad,India,ODI,2013-06-05,34.1,40.22666351656403,12.1,9.097007019423364,15.084572655486069,4,249.99306090511186,42.10254171718445,57.89745828281555,Summer,0,2
Wankhede Stadium,Mumbai,India,T20,2005-06-26,26.4,44.973410355707244,23.7,13.275549498527141,12.584915901027562,3,211.54373132478372,49.28282515624842,50.71717484375158,Winter,0,0
Arun Jaitley Stadium,Delhi,India,T20,2024-01-23,11.1,48.2700959855896,8.1,4.2737938395929875,10.025833985558757,6,117.24895117407024,36.31645561110013,63.68354438889987,Summer,1,2
M. A. Chidambaram Stadium,Chennai,India,T20,2013-03-17,27.7,68.1,18.4,20.4,25.6,7,155.81508390203848,46.72153561762815,53.27846438237185,Summer,0,2
Eden Gardens,Kolkata,India,T20,2000-03-23,27.799999999999997,82.37771761129612,8.7,21.624312922439444,81.63922442545639,2,154.61201896198284,53.0,47.0,Monsoon,0,1
Sawai Mansingh Stadium,Jaipur,India,T20,2014-10-30,24.25,34.39234538783906,11.7,5.407693903543568,18.792744068175434,6,132.71942202774957,40.93191212980258,59.06808787019742,Summer,0,2
Maharashtra Cricket Association Stadium,Pune,India,T20,2007-08-19,23.95,41.56110967105471,11.3,20.655469765409677,20.949148322061237,3,178.7648928239345,52.0225884411738,47.9774115588262,Winter,1,0
Punjab Cricket Association IS Bindra Stadium,Mohali,India,ODI,2010-02-02,16.0,81.95565221291972,12.4,22.810287477485694,79.0358044605776,1,252.50888625854577,59.64878962300812,40.35121037699188,Winter,1,1
M. A. Chidambaram Stadium,Chennai,India,Test,2010-06-18,29.6,74.4,27.7,24.5,77.9,1,330.9464984192683,61.580141986434356,38.419858013565644,Monsoon,1,1
Wankhede Stadium,Mumbai,India,T20,2022-12-13,28.45,75.13357712770065,14.6,21.61499763529088,55.0,1,147.56228418487308,69.82678078246812,30.17321921753188,Monsoon,1,1
Rajiv Gandhi International Stadium,Hyderabad,India,ODI,2011-07-01,29.299999999999997,56.042101684501816,18.6,22.875120667178727,24.169064238140038,3,298.1711942436745,43.21082594597199,56.78917405402801,Summer,1,0
Punjab Cricket Association IS Bindra Stadium,Mohali,India,ODI,2016-02-21,21.0,61.125,17.137500000000003,21.750380006180364,61.31078813090708,2,272.1873365128406,66.75292388496513,33.24707611503487,Monsoon,1,1
Sawai Mansingh Stadium,Jaipur,India,ODI,2010-07-07,30.05,51.71451743987453,11.2,12.012479416456518,9.95914888923698,7,266.4079241290927,40.79010614373421,59.20989385626579,Summer,1,2
M. Chinnaswamy Stadium,Bengaluru,India,ODI,2023-06-13,25.4,58.73786025741699,19.1,17.641341295619547,17.303000996659833,2,291.0416224882944,41.97843597099162,58.02156402900838,Summer,1,0
Narendra Modi Stadium,Ahmedabad,India,T20,2012-10-27,26.549999999999997,31.27501034268684,16.0,16.53931955273432,15.930456166065143,4,152.8034562172235,42.61723321240077,57.38276678759923,Winter,1,2
Eden Gardens,Kolkata,India,ODI,2005-02-22,25.3,83.96145775369195,11.9,23.362423425769567,83.44186283473138,2,254.02504137976052,66.42176687333925,33.57823312666075,Monsoon,0,1
Wankhede Stadium,Mumbai,India,T20,2015-04-10,27.85,77.61773265280357,18.1,22.087364142836314,56.33813229079523,1,145.6910819951938,68.00932813816613,31.990671861833874,Monsoon,1,1
Narendra Modi Stadium,Ahmedabad,India,ODI,2009-01-23,24.450000000000003,31.509629321706008,14.8,5.0640029993319295,25.41101398266597,6,257.4801547288053,43.853396298360835,56.146603701639165,Summer,1,2
Narendra Modi Stadium,Ahmedabad,India,Test,2000-11-10,28.55,48.31924421409336,9.8,8.920087318398727,18.318654145785075,5,297.6647706493195,45.64105352852875,54.35894647147125,Summer,0,2
M. Chinnaswamy Stadium,Bengaluru,India,T20,2018-06-07,23.9,44.31176295879142,24.7,18.653615634720236,23.57543124062081,4,191.587519996402,59.48657835916036,40.51342164083964,Winter,1,0
Wankhede Stadium,Mumbai,India,ODI,2017-01-31,24.200000000000003,57.648309175189894,21.0,16.052174992514594,31.095856814126602,4,298.70648167997086,50.330111735882376,49.669888264117624,Winter,1,0
Wankhede Stadium,Mumbai,India,T20,2002-10-21,27.45,81.93984488807932,10.9,24.973235944860093,64.05795618400316,2,181.49115595344665,66.4249226754198,33.57507732458021,Monsoon,0,1
Rajiv Gandhi International Stadium,Hyderabad,India,T20,2020-02-17,23.799999999999997,52.1986683070643,10.5,16.89062380114351,26.81947756343537,2,179.67163203653283,47.85925886785665,52.14074113214335,Winter,1,0
Eden Gardens,Kolkata,India,T20,2023-08-22,28.7,90.15479761091777,17.7,21.849824863431994,60.553942229511385,1,161.2786702581519,58.1531719815346,41.8468280184654,Monsoon,1,1
M. Chinnaswamy Stadium,Bengaluru,India,ODI,2010-02-01,21.549999999999997,55.2986188651484,14.1,11.842556463436075,39.23002521144603,2,297.8651241231547,48.23416842321553,51.76583157678447,Post-Monsoon,1,0
Eden Gardens,Kolkata,India,T20,2012-04-22,32.8,39.830160231431506,21.9,11.878801470491874,5.288819486570199,6,169.13043354469235,40.619046471648296,59.380953528351704,Summer,1,2
Narendra Modi Stadium,Ahmedabad,India,Test,2018-08-11,28.6,42.24939554947084,20.4,11.373812128236265,31.78728605550639,5,296.1910572279358,33.991349844802244,66.00865015519776,Summer,0,2
Rajiv Gandhi International Stadium,Hyderabad,India,ODI,2012-07-27,25.6,59.94076478417334,25.9,10.757060852668246,16.74164480313129,2,296.9830296487928,47.596641948667354,52.403358051332646,Post-Monsoon,1,0
Wankhede Stadium,Mumbai,India,Test,2015-01-16,23.95,54.128989650610656,13.1,19.234479004605575,17.330302806598343,2,357.8730966436924,56.29452844657909,43.70547155342091,Summer,0,1
Punjab Cricket Association IS Bindra Stadium,Mohali,India,T20,2009-10-25,23.15,92.16519384748479,14.8,23.46163051907715,68.0631321607653,2,168.81857289644302,67.11188131333064,32.88811868666936,Winter,0,1
Wankhede Stadium,Mumbai,India,T20,2009-01-03,24.049999999999997,49.428598608468775,13.5,17.075147948209782,23.740517067750524,2,178.88084268303976,46.77673638823957,53.22326361176043,Summer,1,0
Eden Gardens,Kolkata,India,T20,2006-10-03,28.9,94.48700646578479,6.9,26.273700851166804,78.71356974948127,2,172.7602359215325,58.88670464746406,41.11329535253594,Winter,0,1
M. A. Chidambaram Stadium,Chennai,India,T20,2001-07-30,30.25,33.94315775657407,14.2,10.238111965856657,14.977547737933824,7,170.930000756182,48.0,52.0,Summer,0,2
Sawai Mansingh Stadium,Jaipur,India,ODI,2019-06-17,32.55,44.71767949247973,26.3,13.366537139456822,19.552832864390655,4,248.51412364725968,38.11797714256386,61.88202285743614,Winter,1,2
Maharashtra Cricket Association Stadium,Pune,India,T20,2024-09-01,24.0,53.148327972960864,22.3,20.23950673699904,5.0,2,216.82230897310922,51.45509399572146,48.54490600427854,Winter,0,0
Narendra Modi Stadium,Ahmedabad,India,T20,2008-10-21,27.45,55.86477390953027,8.7,21.116599403346,5.175702391878939,2,147.55100307405422,43.520899349194806,56.479100650805194,Summer,1,0
M. Chinnaswamy Stadium,Bengaluru,India,T20,2021-10-29,22.25,40.0,22.3,19.636333174887433,14.656667298690273,4,203.02564143936482,51.44638575601312,48.55361424398688,Post-Monsoon,1,0
Arun Jaitley Stadium,Delhi,India,ODI,2014-11-16,18.25,47.625,2.55,14.187600548929751,9.019014491293477,4,275.55745640140134,38.09532526575715,61.90467473424285,Summer,1,2
Eden Gardens,Kolkata,India,Test,2023-07-02,29.75,35.94145691787462,16.6,13.66311877035174,26.977024158679257,7,299.509222101468,39.82911142137713,60.17088857862287,Winter,0,2
Narendra Modi Stadium,Ahmedabad,India,T20,2012-08-25,28.049999999999997,28.893386184312458,13.4,9.576461199142884,12.625218081910354,6,175.67676275477496,41.57894743077503,58.42105256922497,Winter,0,2
Sawai Mansingh Stadium,Jaipur,India,Test,2011-12-29,13.4,36.469248106439515,8.7,9.672392864323449,29.64036461016569,6,298.8734323498404,39.342570915972736,60.657429084027264,Summer,0,2
Eden Gardens,Kolkata,India,ODI,2021-07-03,30.049999999999997,90.01229618620076,15.5,22.022646173794264,70.70977879386189,1,244.8866552118891,60.124953178141936,39.875046821858064,Post-Monsoon,1,1
Eden Gardens,Kolkata,India,T20,2000-12-10,19.549999999999997,81.22164988593647,10.0,22.948150361335994,61.607243707684354,1,184.00844668627605,54.596412816408105,45.403587183591895,Monsoon,0,1
Arun Jaitley Stadium,Delhi,India,T20,2016-04-07,29.933333333333334,37.0,10.85,14.39993980867463,31.312928870156853,4,163.26399614682046,41.316883377239876,58.683116622760124,Winter,0,2
Maharashtra Cricket Association Stadium,Pune,India,T20,2024-04-29,33.6,90.49953237696653,21.4,24.44946363464047,68.97341798990196,2,181.70251768471294,62.03345350239873,37.96654649760127,Post-Monsoon,1,1
Eden Gardens,Kolkata,India,T20,2012-08-12,27.4,78.6941524748871,11.0,19.096658516244318,70.8525125830977,2,137.15491690522896,65.08129807293597,34.918701927064035,Post-Monsoon,0,1
Sawai Mansingh Stadium,Jaipur,India,T20,2006-12-05,21.4,39.78876439019746,13.9,11.202737208466674,20.312955189519872,5,136.142662702165,36.8435588708073,63.1564411291927,Summer,1,2
Eden Gardens,Kolkata,India,T20,2010-10-31,25.9,80.8486745153655,6.3,22.3847332846105,86.81788075441224,1,149.7621732304533,54.17040087877548,45.82959912122452,Winter,0,1
Eden Gardens,Kolkata,India,T20,2012-08-22,28.1,79.77577238267547,16.6,23.06110160416879,72.2405770306318,2,168.03251908708418,56.712912768242234,43.287087231757766,Monsoon,0,1
Maharashtra Cricket Association Stadium,Pune,India,T20,2022-01-24,16.35,75.83363824009741,10.9,22.56220761832125,88.09633702309094,2,204.341650151623,64.21792689716564,35.78207310283436,Monsoon,1,1
Eden Gardens,Kolkata,India,ODI,2007-03-05,22.700000000000003,21.744534479650373,10.4,11.934288121400193,15.73570255303213,7,249.87518610901657,38.88137920836898,61.11862079163102,Summer,1,2
Maharashtra Cricket Association Stadium,Pune,India,T20,2015-04-19,31.1,40.0,13.3,18.556547828789473,37.00617466309892,2,213.88809050852666,49.62142467110856,50.37857532889144,Winter,0,0
M. A. Chidambaram Stadium,Chennai,India,T20,2018-03-19,28.6,69.4,24.1,21.9,26.7,1,143.11330947848185,67.98928989288768,32.01071010711232,Winter,1,1
Arun Jaitley Stadium,Delhi,India,ODI,2010-12-06,15.55,47.221463019852564,10.4,6.649461889369213,29.28933739319421,4,240.88177131658767,45.85722593013134,54.14277406986866,Summer,1,2
Narendra Modi Stadium,Ahmedabad,India,Test,2017-11-02,26.450000000000003,39.50378869988884,11.3,10.796059232046785,20.09628649659505,4,297.84765089256166,44.49847393243877,55.50152606756123,Summer,0,2
Punjab Cricket Association IS Bindra Stadium,Mohali,India,T20,2006-01-10,13.25,74.58901616694712,9.3,24.620112603702584,80.3939671709991,2,170.2754045900788,60.540759623874614,39.459240376125386,Monsoon,1,1
Rajiv Gandhi International Stadium,Hyderabad,India,ODI,2023-02-26,26.5,45.37264432284364,11.7,18.35852435267695,25.803351052398085,2,319.96285092344726,47.15296878901779,52.84703121098221,Summer,1,0
Wankhede Stadium,Mumbai,India,ODI,2013-04-16,26.549999999999997,53.24103868716594,16.2,20.158244743635898,19.218324680904022,2,315.564147171325,45.59900859162992,54.40099140837008,Summer,1,0
M. A. Chidambaram Stadium,Chennai,India,Test,2019-12-19,27.4,75.3,27.7,22.5,45.9,1,277.09763406309014,60.92859693801533,39.07140306198467,Monsoon,0,1
Eden Gardens,Kolkata,India,ODI,2009-08-22,28.8,81.3849597345239,11.4,19.79896746763259,66.19588638136858,1,259.05867586549925,57.215438878477535,42.784561121522465,Monsoon,1,1
Eden Gardens,Kolkata,India,T20,2005-01-14,17.799999999999997,80.26954929424097,11.5,17.0,82.68694152984698,2,152.21109655302314,64.93302676887406,35.06697323112594,Monsoon,1,1
Wankhede Stadium,Mumbai,India,ODI,2014-12-24,24.5,46.66644508898048,15.6,17.343053022961335,26.55250325040974,3,289.72583113100745,51.42873473395626,48.57126526604374,Summer,0,0
Wankhede Stadium,Mumbai,India,ODI,2000-05-08,29.049999999999997,82.99612630537982,18.6,26.24461610384138,89.74685341587455,1,238.81969238074655,64.81654587751247,35.18345412248753,Monsoon,0,1
Sawai Mansingh Stadium,Jaipur,India,T20,2017-02-25,20.75,39.09325205003066,16.5,13.984866792699993,12.579679896744809,5,184.71557688863442,38.20823674492982,61.79176325507018,Summer,1,2
M. A. Chidambaram Stadium,Chennai,India,T20,2000-08-15,27.75,42.30492349603141,19.7,10.536482962250298,12.432459106634376,5,160.64860037680566,38.78751604364389,61.21248395635611,Summer,0,2
Sawai Mansingh Stadium,Jaipur,India,Test,2018-11-21,22.05,42.77544794258476,10.8,9.93570898293355,14.356450698642798,7,292.59068289818845,47.74922893994625,52.25077106005375,Winter,1,2
Sawai Mansingh Stadium,Jaipur,India,ODI,2003-07-30,26.549999999999997,44.08106468300683,29.4,12.5901941168044,12.36261389704094,5,270.3079271312613,39.016119516715214,60.983880483284786,Winter,1,2
Maharashtra Cricket Association Stadium,Pune,India,T20,2009-02-14,23.1,56.642369462663375,10.9,20.912779101721917,22.132867648036303,3,165.5571755663984,54.09734452937066,45.90265547062934,Winter,1,0
M. A. Chidambaram Stadium,Chennai,India,ODI,2016-09-03,29.1,77.0,22.3,24.3,84.4,5,255.0018061935254,39.1185368945177,60.8814631054823,Winter,0,1
Wankhede Stadium,Mumbai,India,ODI,2001-11-22,27.05,83.85310334982259,13.8,22.182865008502542,58.770630570968194,1,255.2588749566247,69.30606921786155,30.69393078213845,Post-Monsoon,1,1
Rajiv Gandhi International Stadium,Hyderabad,India,T20,2015-10-06,26.75,52.394610478997016,13.8,17.114380446462324,17.93205191371824,2,200.51965509988375,53.676084656619715,46.323915343380285,Winter,1,0
Wankhede Stadium,Mumbai,India,T20,2011-01-09,23.8,51.97605788467922,14.4,15.171142902389745,39.519363006285246,3,172.75456212668962,40.0,60.0,Post-Monsoon,1,0
Eden Gardens,Kolkata,India,T20,2020-12-16,22.8,36.28604365303272,10.6,8.896322022105695,21.510532186893574,5,141.077798943619,46.56814054502082,53.43185945497918,Summer,0,2
Narendra Modi Stadium,Ahmedabad,India,T20,2013-07-16,27.55,63.353576226664444,12.9,13.441355182790197,14.051896117240437,4,212.00758975163632,42.01739238269254,57.98260761730746,Winter,1,0
Narendra Modi Stadium,Ahmedabad,India,T20,2005-02-02,19.6,44.74924882472664,12.7,16.0257669708647,22.482943416431628,2,208.23905249950215,49.632563635136584,50.367436364863416,Winter,1,0
Sawai Mansingh Stadium,Jaipur,India,ODI,2010-05-16,35.95,42.482633425858054,16.1,12.720087410518836,12.851511000394815,5,271.114165183786,35.150977563041266,64.84902243695873,Summer,1,2
M. A. Chidambaram Stadium,Chennai,India,ODI,2024-08-26,48.0,65.5,16.1,32.0,64.3,5,253.0684067299246,44.96742967403209,55.03257032596791,Summer,0,2
M. A. Chidambaram Stadium,Chennai,India,ODI,2007-01-14,25.0,68.7,14.8,18.6,44.5,1,227.67764411786027,62.36817432558014,37.63182567441986,Monsoon,1,1
Narendra Modi Stadium,Ahmedabad,India,ODI,2001-04-14,30.9,38.56335301861831,12.2,8.667182216755199,12.959339917954644,6,242.2216909065238,45.28577437069137,54.71422562930863,Summer,0,2
Maharashtra Cricket Association Stadium,Pune,India,ODI,2002-09-01,22.1,58.76637762684079,9.6,13.684847521356595,15.944981011475654,3,321.02038614954495,46.96409537221148,53.03590462778852,Summer,0,0
M. A. Chidambaram Stadium,Chennai,India,T20,2017-03-06,29.4,75.9,21.0,24.6,36.4,6,167.10938337479666,47.04684693779271,52.95315306220729,Summer,0,2
Wankhede Stadium,Mumbai,India,ODI,2010-05-15,29.85,50.163088304959935,16.9,18.21974520553585,16.854671028220533,2,317.82955528435434,51.8762240478088,48.1237759521912,Summer,1,0
Eden Gardens,Kolkata,India,T20,2015-05-03,29.85,73.67267616930627,19.1,21.021563993586458,55.0,2,117.9452906726208,59.24437131087467,40.75562868912533,Winter,0,1
Eden Gardens,Kolkata,India,T20,2001-10-19,26.5,24.088102182400714,7.9,10.856848945488709,1.155685774328127,4,154.76860169771814,41.23806516562213,58.76193483437787,Summer,1,2
Narendra Modi Stadium,Ahmedabad,India,T20,2021-12-24,21.8,47.64683469930024,11.5,18.62153718162286,16.388101465856728,4,207.0775216025079,48.91357552943286,51.08642447056714,Summer,1,2
Maharashtra Cricket Association Stadium,Pune,India,ODI,2024-09-16,24.450000000000003,48.01853675331729,16.5,20.92851891299833,43.72865696593197,4,287.76341339075003,41.632030109039704,58.367969890960296,Winter,0,2
M. Chinnaswamy Stadium,Bengaluru,India,T20,2017-01-09,20.95,45.73736107590584,19.7,15.96073783448012,24.88478384488404,4,192.5666618338854,50.999054374585796,49.000945625414204,Post-Monsoon,1,0
Eden Gardens,Kolkata,India,T20,2019-07-19,30.1,33.254238521037124,16.4,12.529694745429607,17.15820692599303,6,156.28685162333244,32.664093746454796,67.3359062535452,Winter,1,2
Wankhede Stadium,Mumbai,India,ODI,2008-09-11,27.35,49.65031325027974,13.6,12.91542145736543,28.94822858148318,3,280.53069983973234,43.81211017741006,56.18788982258994,Post-Monsoon,0,0
Rajiv Gandhi International Stadium,Hyderabad,India,ODI,2008-06-06,30.5,57.727411906265196,22.3,14.566446224761595,38.39647829141671,3,337.52017844469606,49.2630221283958,50.7369778716042,Post-Monsoon,1,0
Wankhede Stadium,Mumbai,India,ODI,2023-03-12,30.549999999999997,82.78904172671707,21.5,21.935878750175352,94.11202574256224,2,262.6885735090365,65.66087188620442,34.33912811379558,Monsoon,1,1
Narendra Modi Stadium,Ahmedabad,India,T20,2014-10-11,28.799999999999997,35.602775487557075,6.9,12.005127102612239,18.413586571428915,5,165.61592677457378,37.59485667618172,62.40514332381828,Summer,0,2
M. A. Chidambaram Stadium,Chennai,India,T20,2007-10-11,28.0,80.4,7.6,24.2,58.9,1,120.32496581598471,60.81568048511487,39.18431951488513,Monsoon,1,1
Punjab Cricket Association IS Bindra Stadium,Mohali,India,Test,2017-04-25,30.25,72.56514751723935,23.2,21.447946132842276,85.07720691969865,1,305.6110734906117,62.12786748614287,37.87213251385713,Monsoon,1,1
Sawai Mansingh Stadium,Jaipur,India,ODI,2005-05-15,34.1,36.41573441248879,17.7,6.375015966252123,34.41615699010635,6,243.98869893873606,32.86475270880396,67.13524729119604,Summer,1,2
M. A. Chidambaram Stadium,Chennai,India,ODI,2007-02-10,25.3,71.9,18.4,19.7,37.8,6,278.3600637599971,45.333896187787,54.666103812213,Winter,1,2
Narendra Modi Stadium,Ahmedabad,India,Test,2002-10-17,30.05,23.51829343130547,10.5,7.721314276703752,6.423963388679875,4,299.0929377703866,31.388200290021757,68.61179970997824,Summer,0,2
Narendra Modi Stadium,Ahmedabad,India,Test,2013-08-01,26.15,35.27282736443986,11.5,7.1622380834742,22.209616144991166,4,290.7385149195883,39.49915181003263,60.50084818996737,Winter,0,2
Maharashtra Cricket Association Stadium,Pune,India,Test,2022-12-30,24.049999999999997,76.3898543553307,9.4,19.137172737220897,66.44789902998416,1,348.59095488825034,58.14162467357418,41.85837532642582,Winter,0,1
M. Chinnaswamy Stadium,Bengaluru,India,ODI,2001-04-07,25.9,56.023616114876454,15.1,18.92665186835739,13.216267211392186,2,316.9356199989952,47.79807670302367,52.20192329697633,Winter,1,0
Maharashtra Cricket Association Stadium,Pune,India,T20,2008-10-24,24.6,83.41187335809396,17.9,22.772663993906466,80.88454430970421,2,144.8858889827609,60.9686551320407,39.0313448679593,Winter,1,1
Maharashtra Cricket Association Stadium,Pune,India,T20,2015-09-11,26.1,93.7473955477351,8.3,22.73124288667283,80.39230940788232,2,178.67962663461006,59.92504114905331,40.07495885094669,Winter,1,1
M. A. Chidambaram Stadium,Chennai,India,ODI,2001-09-09,30.55,41.43005150769291,17.2,11.549703311665718,8.204247746235998,7,282.7639189834687,46.84079599622832,53.15920400377168,Summer,0,2
Narendra Modi Stadium,Ahmedabad,India,ODI,2010-01-19,22.05,58.67117292630127,10.0,16.53350574005639,11.116577523644729,2,303.8355676236136,56.04575014403226,43.95424985596774,Winter,1,0
Narendra Modi Stadium,Ahmedabad,India,ODI,2006-04-23,30.35,47.70498600372373,15.1,11.625997696891949,24.08920439845056,4,257.87448558421664,41.442763901282,58.557236098718,Summer,1,2
Narendra Modi Stadium,Ahmedabad,India,ODI,2013-02-16,19.85,27.3430605647211,19.2,7.215274812806604,3.2170390415566654,5,280.6302736170596,45.42589685055289,54.57410314944711,Summer,1,2
Wankhede Stadium,Mumbai,India,T20,2002-04-09,28.4,47.091042469220085,18.6,15.197365829283168,43.34579088711422,4,176.7788380569288,49.05117169193798,50.94882830806202,Winter,0,0
Narendra Modi Stadium,Ahmedabad,India,T20,2002-01-10,22.35,54.74015979057987,14.8,15.068564407252703,29.505404075967654,3,170.4864685744652,48.250975178596704,51.749024821403296,Winter,0,0
Punjab Cricket Association IS Bindra Stadium,Mohali,India,Test,2011-05-13,32.8,83.21535037426887,16.8,21.76447172605044,72.16922253283076,2,336.92931021577584,53.0,47.0,Monsoon,1,1
Punjab Cricket Association IS Bindra Stadium,Mohali,India,ODI,2023-01-08,11.2,74.74537255826837,14.0,26.05186610582216,63.122664496000766,1,269.9450256720968,64.66658932300166,35.33341067699834,Monsoon,1,1
M. A. Chidambaram Stadium,Chennai,India,T20,2003-12-31,24.0,33.82762304214877,19.5,8.951476176603435,12.098574577724026,4,186.11197849791586,41.415521578280604,58.584478421719396,Winter,1,2
Arun Jaitley Stadium,Delhi,India,T20,2015-10-03,30.0,52.333333333333336,18.785714285714285,15.42023924432527,19.463317841029642,6,145.7626002802335,38.09364304959512,61.90635695040488,Summer,0,2
Narendra Modi Stadium,Ahmedabad,India,ODI,2021-09-16,27.7,45.26934842258764,17.6,17.65177546182556,28.411344435019647,2,263.8308986496282,50.73402629289002,49.26597370710998,Winter,1,0
M. Chinnaswamy Stadium,Bengaluru,India,T20,2020-08-25,23.950000000000003,40.0,9.7,19.161313949254442,26.445110914155013,4,155.04467165068542,49.78261812200248,50.21738187799752,Post-Monsoon,1,0
Narendra Modi Stadium,Ahmedabad,India,T20,2016-06-04,35.849999999999994,58.41960597507202,16.6,13.977068183515936,30.216223418559668,3,217.24636021614845,54.11658975887507,45.88341024112493,Winter,1,0
Narendra Modi Stadium,Ahmedabad,India,ODI,2007-11-12,25.7,53.68024728678933,6.0,14.32612316168103,21.09028399196506,4,304.14750102358045,46.9581791213355,53.0418208786645,Post-Monsoon,1,2
Wankhede Stadium,Mumbai,India,ODI,2009-04-22,28.7,62.82605235902173,17.0,18.342367700868376,21.838885654873085,3,307.7280377040585,54.89086713503865,45.10913286496135,Winter,0,0
Maharashtra Cricket Association Stadium,Pune,India,Test,2007-08-09,23.7,76.91258916535118,22.7,21.745236260246415,72.6968937906109,1,329.6139666202649,56.97986239435954,43.02013760564046,Post-Monsoon,1,1
Eden Gardens,Kolkata,India,T20,2003-03-17,26.1,32.653995404363435,11.3,15.302054854218568,22.03366014827566,4,162.4425437694311,42.82401675551213,57.17598324448787,Summer,1,2
M. A. Chidambaram Stadium,Chennai,India,T20,2021-04-27,30.5,69.9,21.6,24.3,37.1,2,183.40784367396117,57.58367045904738,42.41632954095262,Winter,0,1
Rajiv Gandhi International Stadium,Hyderabad,India,T20,2014-04-22,30.55,65.16877808971296,11.3,24.0,7.948453326747277,3,199.91390851900587,41.400365133818426,58.599634866181574,Winter,1,0
Arun Jaitley Stadium,Delhi,India,ODI,2014-04-24,29.375,35.875,7.875,10.24021517102357,12.078607165646183,4,251.28871283715483,44.738385014211886,55.261614985788114,Winter,0,2
Maharashtra Cricket Association Stadium,Pune,India,T20,2003-01-15,23.049999999999997,56.02104034002637,15.5,16.840323746380836,16.455063784137714,3,192.06986572594283,47.24145351569148,52.75854648430852,Summer,1,0
Wankhede Stadium,Mumbai,India,T20,2013-12-23,24.6,83.6966784657303,12.0,21.87968562573822,73.71988749926206,2,171.21970825430097,57.453559045910026,42.546440954089974,Post-Monsoon,1,1
Punjab Cricket Association IS Bindra Stadium,Mohali,India,T20,2019-05-04,30.95,78.85719339311433,23.1,24.669889763237286,68.5538029394242,2,139.11935806158195,65.50990647587957,34.490093524120425,Post-Monsoon,1,1
Wankhede Stadium,Mumbai,India,T20,2012-02-09,22.15,72.66490787906679,18.8,26.11625604362124,76.62157819708926,1,177.84993120113754,58.118077292991295,41.881922707008705,Monsoon,1,1
Narendra Modi Stadium,Ahmedabad,India,T20,2023-06-01,33.8,54.8118186861914,23.3,15.994050925905716,28.82627664261244,3,178.03526908172688,44.345953430169686,55.654046569830314,Post-Monsoon,1,2
Maharashtra Cricket Association Stadium,Pune,India,T20,2015-09-24,25.4,74.19629503434552,12.1,23.824137621169992,71.13772412889782,1,155.82307138680156,64.65984401542869,35.34015598457131,Monsoon,1,1
Wankhede Stadium,Mumbai,India,ODI,2005-09-14,26.75,55.68160152032192,29.8,24.0,27.123244819025153,2,306.4371756515925,51.57099946270121,48.42900053729879,Winter,1,0
Punjab Cricket Association IS Bindra Stadium,Mohali,India,ODI,2003-10-28,23.75,83.12418544630759,8.7,24.254725949182827,65.57584586108275,1,282.23173074842737,53.40470862539533,46.59529137460467,Post-Monsoon,1,1
Rajiv Gandhi International Stadium,Hyderabad,India,ODI,2009-12-14,23.25,54.40957553483778,11.7,19.03648987506215,15.879497419711274,2,325.5102708773882,53.42861405772126,46.57138594227874,Post-Monsoon,1,0
Rajiv Gandhi International Stadium,Hyderabad,India,T20,2004-07-02,26.95,64.61210137267095,23.1,17.07355075861528,31.7627642745509,2,198.25963363447917,52.749349922454485,47.250650077545515,Post-Monsoon,1,0
Narendra Modi Stadium,Ahmedabad,India,T20,2002-01-05,21.05,30.991120606176338,16.1,13.241816153430365,18.45928057150526,5,164.21924427540054,45.58663801025637,54.41336198974363,Summer,1,2
Narendra Modi Stadium,Ahmedabad,India,ODI,2010-06-02,34.3,55.45677676949255,23.3,17.141158843468627,29.802433341567212,2,329.8924806636977,45.685244915381,54.314755084619,Summer,1,0
Eden Gardens,Kolkata,India,T20,2012-11-08,24.35,91.33662543031319,9.5,20.704416343986445,69.32929461616911,2,152.3163253111955,59.82445425795926,40.17554574204074,Monsoon,0,1
Wankhede Stadium,Mumbai,India,ODI,2014-05-20,31.85,47.33647202416288,17.5,14.792375080027382,23.454159445594755,2,291.06939421668665,49.22354831377305,50.77645168622695,Summer,1,0
Punjab Cricket Association IS Bindra Stadium,Mohali,India,ODI,2018-02-10,16.25,83.81719908700921,10.9,26.432720331515387,76.25022593995374,1,277.5346612909976,58.35733396924952,41.64266603075048,Monsoon,1,1
M. Chinnaswamy Stadium,Bengaluru,India,T20,2018-01-04,22.0,56.39372968328031,15.6,13.491138595475416,30.015055532044023,3,164.51978502822274,46.707234861593626,53.292765138406374,Winter,1,0
Rajiv Gandhi International Stadium,Hyderabad,India,T20,2022-09-05,26.35,62.19958959251979,14.8,12.850601108758406,21.346209938861033,2,195.15358563619446,46.03950585471106,53.96049414528894,Winter,1,0
Narendra Modi Stadium,Ahmedabad,India,Test,2021-04-08,32.6,35.10983659997244,13.6,8.034118551696181,21.602538224350504,4,283.75279992573223,39.984457249071816,60.015542750928184,Summer,1,2
Narendra Modi Stadium,Ahmedabad,India,Test,2014-07-07,33.9,48.7574407394265,15.9,15.85252480559893,5.708271466011631,4,403.03153464038166,46.99249635178242,53.00750364821758,Summer,0,2
Sawai Mansingh Stadium,Jaipur,India,ODI,2000-04-17,31.85,34.82244552066341,18.8,8.547324805010103,21.372934639278636,6,248.0663277101311,43.31586875318382,56.68413124681618,Summer,1,2
M. A. Chidambaram Stadium,Chennai,India,T20,2006-10-08,29.4,75.7,18.4,24.4,60.0,7,138.19266523764443,37.91264020628993,62.08735979371007,Summer,1,2
Maharashtra Cricket Association Stadium,Pune,India,Test,2023-08-18,25.6,80.90090704235737,23.6,21.120908005434725,70.02262770381886,2,334.32071115590344,63.86965307683214,36.13034692316786,Winter,1,1
M. A. Chidambaram Stadium,Chennai,India,T20,2002-08-08,30.35,80.38904784526483,20.7,23.43202672657644,71.60140266889728,1,153.70426291356486,57.15413263037512,42.84586736962488,Post-Monsoon,1,1
Narendra Modi Stadium,Ahmedabad,India,T20,2014-08-28,28.35,47.339810078475395,8.2,22.250701048406658,46.977875602358964,4,176.0509050992702,44.80067247110229,55.19932752889771,Summer,0,2
Sawai Mansingh Stadium,Jaipur,India,T20,2006-05-23,31.5,30.71274228640035,12.1,12.544352710887228,8.530229377877745,4,187.8911420125298,48.0,52.0,Summer,0,2
Narendra Modi Stadium,Ahmedabad,India,ODI,2008-03-05,25.400000000000002,33.53622393163046,9.3,12.263039907381657,6.960154672770434,6,271.63592261707646,44.55019444600574,55.44980555399426,Summer,1,2
M. Chinnaswamy Stadium,Bengaluru,India,T20,2023-02-20,23.15,58.66666370686126,14.5,20.292564516934718,21.905301481436595,4,200.2685572277378,40.0,60.0,Winter,1,0
Rajiv Gandhi International Stadium,Hyderabad,India,Test,2012-01-15,19.1,53.205044086757994,10.7,15.85869899705163,17.516459795602017,2,346.70207555226943,56.947538991140824,43.052461008859176,Post-Monsoon,1,0
Arun Jaitley Stadium,Delhi,India,T20,2015-04-19,32.125,41.0,4.175,10.12188750673554,24.05694694939556,5,162.9546096826632,41.798308393336534,58.201691606663466,Summer,0,2
M. A. Chidambaram Stadium,Chennai,India,ODI,2004-12-05,26.3,67.9,22.3,19.7,37.2,1,248.16184337263638,59.56001554500437,40.43998445499563,Monsoon,1,1
Maharashtra Cricket Association Stadium,Pune,India,ODI,2005-02-03,21.55,60.90090575207099,11.0,17.711044388368244,29.80780183109315,4,318.21075510957127,57.16906566636981,42.83093433363019,Summer,0,0
Rajiv Gandhi International Stadium,Hyderabad,India,ODI,2019-01-15,22.85,45.78163816071464,11.3,13.895749093218164,19.66795413508591,2,344.72021971382026,48.13083982920095,51.86916017079905,Post-Monsoon,1,0
Narendra Modi Stadium,Ahmedabad,India,T20,2005-07-23,29.9,51.18921074026051,17.1,22.136272780682816,18.313630136860983,2,191.2400757148063,42.43474837406322,57.56525162593678,Winter,1,0
Eden Gardens,Kolkata,India,Test,2019-01-10,18.75,37.33333898402709,9.3,15.062901396516867,23.291827157163848,7,285.29083113869024,44.3781436624837,55.6218563375163,Summer,1,2
Maharashtra Cricket Association Stadium,Pune,India,Test,2008-10-16,24.75,87.99465490189218,13.4,19.317937253825786,70.5697373021709,1,335.1634643485127,64.24530940279446,35.75469059720554,Winter,1,1
Narendra Modi Stadium,Ahmedabad,India,T20,2018-12-20,19.6,41.80335249283392,12.9,15.46075573709446,13.008918747602895,4,185.30225096287128,53.83638370043498,46.16361629956502,Post-Monsoon,1,2
Wankhede Stadium,Mumbai,India,Test,2020-12-06,26.6,81.947809779947,15.3,26.121414451893514,66.6074251837918,1,281.35304255344676,59.539518184892735,40.460481815107265,Monsoon,1,1
Wankhede Stadium,Mumbai,India,T20,2020-10-05,26.9,63.688116182596914,13.6,15.828378143591427,21.938544202193324,2,187.00488690201428,57.647068941522114,42.352931058477886,Post-Monsoon,1,0
Arun Jaitley Stadium,Delhi,India,ODI,2005-12-26,14.95,24.521097315927,14.9,9.359664733207328,20.643102045247854,7,257.32293929230735,46.54462238426743,53.45537761573257,Summer,1,2
Narendra Modi Stadium,Ahmedabad,India,T20,2010-07-20,29.299999999999997,43.91117573121627,11.9,16.512295970921574,18.424736086594073,2,172.89552970340847,47.735612243658295,52.264387756341705,Winter,1,2
M. Chinnaswamy Stadium,Bengaluru,India,ODI,2005-01-10,20.65,54.478577179705816,9.3,17.025801413187544,29.611806655547586,3,276.3197535577226,51.585043808223524,48.414956191776476,Winter,1,0
Arun Jaitley Stadium,Delhi,India,T20,2001-10-10,28.15,39.77586222141017,10.7,12.922187330608761,31.019210715717485,6,193.85334065977707,40.29521108652528,59.70478891347472,Summer,0,2
M. Chinnaswamy Stadium,Bengaluru,India,Test,2011-02-04,20.75,53.675413017299526,13.3,20.782151848937335,38.24294364846529,4,348.6437845906649,57.092327291548756,42.907672708451244,Post-Monsoon,0,0
M. A. Chidambaram Stadium,Chennai,India,Test,2005-12-30,23.6,72.6,18.4,17.9,57.6,2,321.74598464344365,62.87840461261416,37.12159538738584,Post-Monsoon,1,1
Wankhede Stadium,Mumbai,India,T20,2015-02-13,25.05,55.82095650999669,15.6,17.539433593072378,13.551948152366649,2,166.02816120963925,47.86787593692177,52.13212406307823,Post-Monsoon,1,0
Maharashtra Cricket Association Stadium,Pune,India,ODI,2002-06-03,26.0,58.05041284614976,14.1,15.260741999571598,26.91282897257473,3,295.7180221805274,52.845789078896765,47.154210921103235,Summer,1,0
Rajiv Gandhi International Stadium,Hyderabad,India,T20,2018-01-11,23.4,40.0,9.4,15.644818668661413,17.512572288636655,4,188.69299554018193,48.642442251768976,51.357557748231024,Summer,1,0
Eden Gardens,Kolkata,India,T20,2011-03-04,26.4,50.31881189224196,8.9,14.153677921177778,32.20558425892571,4,155.1018046886271,44.25471611905785,55.74528388094215,Summer,0,2
Wankhede Stadium,Mumbai,India,ODI,2000-09-06,26.15,43.82925029121532,14.6,18.928693189465264,19.834571993875265,2,317.486821339655,46.27744460633241,53.72255539366759,Post-Monsoon,1,0
Maharashtra Cricket Association Stadium,Pune,India,ODI,2000-09-25,26.0,47.61225056662241,6.6,19.186374154516347,10.890165624261009,2,288.87843310799747,46.424616052074256,53.575383947925744,Post-Monsoon,1,0
M. A. Chidambaram Stadium,Chennai,India,ODI,2014-10-15,29.5,78.4,22.3,25.2,45.3,7,238.14011857904833,37.762896443988105,62.237103556011895,Winter,0,2
Maharashtra Cricket Association Stadium,Pune,India,ODI,2018-12-30,18.299999999999997,42.19978438848817,11.9,23.996919904117654,25.630752184082876,2,287.58338970778664,49.84633603444563,50.15366396555437,Summer,1,1
M. Chinnaswamy Stadium,Bengaluru,India,T20,2013-09-02,23.6,64.36124615861539,10.1,20.03465431723597,29.37234543865172,3,175.61285852939605,56.455701924340744,43.544298075659256,Summer,1,0
M. A. Chidambaram Stadium,Chennai,India,T20,2019-07-02,33.0,59.1,36.5,23.5,68.6,7,160.02685177802124,47.99026187638357,52.00973812361643,Winter,0,2
Punjab Cricket Association IS Bindra Stadium,Mohali,India,Test,2001-09-07,29.75,84.3525808315587,11.2,22.35107171094714,55.0,1,339.65534596895463,53.0,47.0,Winter,1,1
Rajiv Gandhi International Stadium,Hyderabad,India,ODI,2009-05-28,34.25,45.727403218828925,17.1,17.657930942366242,22.6956264723521,2,294.69075385061706,49.16655737559392,50.83344262440608,Post-Monsoon,1,0
Eden Gardens,Kolkata,India,Test,2003-11-07,24.55,88.34183359108562,7.6,24.272800965331896,70.70082820020993,2,299.86281107822555,64.95570319247118,35.04429680752882,Monsoon,1,1
M. Chinnaswamy Stadium,Bengaluru,India,T20,2004-11-08,20.7,68.0,16.0,20.089753652640884,39.54522561000454,3,144.1243093811692,52.88816145600452,47.11183854399548,Winter,1,0
Sawai Mansingh Stadium,Jaipur,India,T20,2005-08-14,30.05,20.62241488115529,14.5,10.836155357449817,19.84391714743884,7,145.98360061496842,48.0,52.0,Summer,1,2
Maharashtra Cricket Association Stadium,Pune,India,ODI,2016-11-04,23.5,68.0,8.0,17.503646854476177,38.65984275129685,3,279.29213538652493,56.19844122254208,43.80155877745792,Post-Monsoon,1,0
Arun Jaitley Stadium,Delhi,India,ODI,2000-03-10,19.65,55.0,12.7,12.266867057376079,26.547696537954387,5,293.06767678758246,39.509990429503084,60.490009570496916,Winter,1,2
M. A. Chidambaram Stadium,Chennai,India,T20,2005-02-21,26.5,71.4,22.3,20.5,52.9,2,157.65484571159973,57.026205941485095,42.973794058514905,Winter,0,1
Arun Jaitley Stadium,Delhi,India,ODI,2020-09-20,31.900000000000002,27.566141875254054,17.2,6.732174204570143,16.39829752302001,7,257.54722714281223,34.770847041196504,65.2291529588035,Summer,0,2
Narendra Modi Stadium,Ahmedabad,India,T20,2003-04-26,32.7,41.647858971852905,14.5,16.110860190696883,26.66563787988602,4,183.28019058240227,52.34538891008641,47.65461108991359,Winter,1,2
M. Chinnaswamy Stadium,Bengaluru,India,T20,2021-02-07,21.25,54.70760598770169,20.6,12.40195290097815,21.879551851921256,3,183.438718209183,54.34051785782307,45.65948214217693,Post-Monsoon,1,0
M. A. Chidambaram Stadium,Chennai,India,Test,2013-01-16,24.9,77.1,16.6,20.3,40.0,7,311.26879587195765,38.76658425194628,61.23341574805372,Winter,1,2
Narendra Modi Stadium,Ahmedabad,India,ODI,2010-01-24,22.25,51.500424315893106,10.1,6.595208720393458,16.14106208498583,4,266.08956829414313,39.11204441538204,60.88795558461796,Summer,1,2
Eden Gardens,Kolkata,India,ODI,2014-10-25,25.85,35.40890380223528,6.6,13.106908361064042,28.487506799091523,5,262.7771011916159,43.31173894339948,56.68826105660052,Winter,0,2
M. A. Chidambaram Stadium,Chennai,India,Test,2000-12-15,23.0,43.15318669721586,18.9,11.955434200389742,16.1802589791413,5,296.7715519750969,37.49395836442893,62.50604163557107,Summer,0,2
Eden Gardens,Kolkata,India,Test,2016-08-10,25.75,33.6595374391054,17.6,5.386345651817039,32.89854049115904,5,292.26250236024606,36.986737768467506,63.013262231532494,Winter,0,2
M. A. Chidambaram Stadium,Chennai,India,Test,2019-01-30,25.7,73.9,22.3,20.5,37.2,6,300.49499400475065,37.51939645955607,62.48060354044393,Summer,0,2
M. A. Chidambaram Stadium,Chennai,India,T20,2000-08-09,29.0,88.63923591155468,20.2,20.356665391308336,88.22514138086417,2,111.06890455951736,58.72239938061676,41.27760061938324,Post-Monsoon,1,1
M. A. Chidambaram Stadium,Chennai,India,T20,2010-10-02,27.5,87.7,13.0,25.2,64.8,1,148.9474555408054,66.84244465414234,33.15755534585766,Monsoon,0,1
Narendra Modi Stadium,Ahmedabad,India,T20,2007-06-01,35.6,53.31864649793981,13.8,16.19085309117532,19.965415809224943,2,209.94815169332924,47.5027656854206,52.4972343145794,Post-Monsoon,1,0
Narendra Modi Stadium,Ahmedabad,India,T20,2011-12-24,20.55,64.915806813172,8.4,18.18237759766961,35.07242310584759,3,194.25930983744104,51.00513448108064,48.99486551891936,Post-Monsoon,0,0
M. Chinnaswamy Stadium,Bengaluru,India,ODI,2013-12-06,20.450000000000003,59.86453499561448,16.2,22.12124828577923,11.349711136100955,3,309.09815754019337,49.65880945568001,50.34119054431999,Post-Monsoon,1,0
Maharashtra Cricket Association Stadium,Pune,India,T20,2011-10-17,25.8,61.586375662988004,7.2,17.07780369369682,19.633422699017366,4,174.85164396261058,53.97715592085913,46.02284407914087,Winter,1,0
Punjab Cricket Association IS Bindra Stadium,Mohali,India,ODI,2001-07-20,28.4,79.81003787968774,13.0,22.95736044027379,72.52093451235125,1,266.54550554493835,64.4824996214773,35.5175003785227,Monsoon,1,1
Narendra Modi Stadium,Ahmedabad,India,T20,2007-08-02,28.6,52.25467635735502,15.2,18.904175567537663,30.16653082813986,2,152.7318949383154,50.42818853828088,49.57181146171912,Summer,1,0
Wankhede Stadium,Mumbai,India,ODI,2009-09-22,28.55,56.26738011639407,13.4,13.303514881104734,16.603025025706017,2,316.79648022378444,56.523118099276246,43.476881900723754,Summer,1,0
M. A. Chidambaram Stadium,Chennai,India,T20,2019-06-11,34.6,53.2,32.1,23.2,53.8,2,204.04792717105082,54.68373691093651,45.31626308906349,Monsoon,1,2
M. A. Chidambaram Stadium,Chennai,India,T20,2005-09-07,27.1,82.4,14.8,23.8,87.4,1,161.46427284701215,56.41352350044205,43.58647649955795,Monsoon,1,1
Arun Jaitley Stadium,Delhi,India,T20,2019-10-06,27.0,38.391507141664896,13.2,11.49164230722812,13.209389236345725,4,157.32863538146307,40.59293794412415,59.40706205587585,Summer,0,2
Arun Jaitley Stadium,Delhi,India,ODI,2020-09-09,30.25,41.74007473801637,14.8,12.106252352247497,10.328939193368008,7,255.22706454682108,40.24962955493127,59.75037044506873,Summer,1,2
Maharashtra Cricket Association Stadium,Pune,India,T20,2006-11-23,24.6,62.89550711175445,8.3,17.16936669962682,23.295509667769892,4,197.0439855877423,51.46341065967257,48.53658934032743,Summer,1,0
Narendra Modi Stadium,Ahmedabad,India,T20,2003-06-16,32.6,34.69107318119434,18.0,6.7164991012600535,31.15229052291909,5,162.76277267754347,40.111366393172325,59.888633606827675,Summer,0,2
M. Chinnaswamy Stadium,Bengaluru,India,T20,2018-06-30,23.3,58.53509289915734,14.5,16.37969999740651,15.748837256952585,3,177.02856970890974,40.0,60.0,Winter,1,0
Eden Gardens,Kolkata,India,ODI,2022-03-16,29.3,86.1017050993056,16.8,20.694540213224787,68.741600031236,2,265.048188295178,58.20682105473665,41.79317894526335,Post-Monsoon,1,1
Wankhede Stadium,Mumbai,India,ODI,2018-12-10,23.85,58.64822241301156,20.2,16.179896938762038,27.336248609193042,2,290.23849443122975,53.72044240153106,46.27955759846894,Winter,1,0
Eden Gardens,Kolkata,India,T20,2012-06-21,28.05,90.35716079926709,16.4,21.005294303603925,72.26560685981022,2,154.87141431160907,57.3506620853538,42.6493379146462,Winter,0,1
Wankhede Stadium,Mumbai,India,ODI,2023-01-16,20.25,55.91099459955876,14.5,14.195521359006664,9.104927562276226,3,308.3515354242136,52.23198574739734,47.76801425260266,Post-Monsoon,1,0
M. A. Chidambaram Stadium,Chennai,India,T20,2001-04-24,29.450000000000003,74.82323360705946,15.5,22.60197403140141,77.72608562173241,1,177.75427293975864,63.95928659864977,36.04071340135023,Winter,0,1
Maharashtra Cricket Association Stadium,Pune,India,ODI,2003-03-12,26.200000000000003,47.3260820487684,13.4,15.145177745892639,42.38283284501031,2,311.78282551368153,49.81963717000453,50.18036282999547,Winter,1,0
Rajiv Gandhi International Stadium,Hyderabad,India,T20,2007-03-02,26.05,49.33800991144888,19.0,13.27440538810573,29.37284274600409,3,173.49775599984076,45.68963011365074,54.31036988634926,Winter,1,0
Maharashtra Cricket Association Stadium,Pune,India,T20,2009-06-19,28.200000000000003,62.38551713190546,11.7,19.259414705361095,15.180149188738207,4,173.77904529153818,40.0,60.0,Winter,1,2
Eden Gardens,Kolkata,India,T20,2011-01-05,17.5,36.196223722398095,11.1,12.413201824548173,20.20552586193638,4,168.05332185487387,39.330326281206716,60.669673718793284,Winter,1,2
Eden Gardens,Kolkata,India,Test,2003-10-02,28.299999999999997,29.129268949701853,5.7,7.764221709989799,17.48239934760381,4,292.153844439904,38.661912454844426,61.338087545155574,Winter,1,2
Eden Gardens,Kolkata,India,T20,2011-07-02,29.450000000000003,81.24192638281264,12.7,19.029813347143467,98.88112232862922,1,177.59291241503723,64.53592011637014,35.464079883629864,Monsoon,1,1
Narendra Modi Stadium,Ahmedabad,India,T20,2003-10-30,27.55,23.178177106477776,13.7,14.5747808425477,12.389246801889268,4,162.92410943121547,41.32770237314618,58.67229762685382,Summer,1,2
Narendra Modi Stadium,Ahmedabad,India,Test,2003-04-27,32.1,23.022594073035407,14.7,10.230423327972199,17.444589065448923,7,296.1838781902484,43.96526888065288,56.03473111934712,Winter,1,2
Eden Gardens,Kolkata,India,Test,2015-11-13,25.3,91.31010827047325,9.4,21.11885098961755,83.06426805968518,1,308.0155758344231,59.64189678743483,40.35810321256517,Monsoon,1,1
M. A. Chidambaram Stadium,Chennai,India,ODI,2000-02-03,26.05,90.97176801513413,19.5,26.962214219318803,78.69614760229355,1,273.37523683808377,63.21023842167656,36.78976157832344,Post-Monsoon,0,1
Sawai Mansingh Stadium,Jaipur,India,ODI,2006-09-03,26.7,26.943827603031025,15.0,17.41904523217314,11.051107276461726,7,267.2570088311038,32.93237824099512,67.06762175900488,Winter,1,2
Eden Gardens,Kolkata,India,T20,2003-09-26,27.25,81.63585879441051,9.7,21.343824753469743,74.45538384773221,2,167.9777906065198,66.01103707218932,33.988962927810675,Post-Monsoon,1,1
M. Chinnaswamy Stadium,Bengaluru,India,T20,2020-04-14,27.1,58.14892137276861,19.8,16.12116175445861,14.570636607020663,4,181.3855650743132,46.20667135330624,53.79332864669376,Post-Monsoon,1,0
Maharashtra Cricket Association Stadium,Pune,India,Test,2023-03-08,25.0,76.81712068491802,13.5,21.707312033526613,62.39255886842449,2,329.20261647280154,71.5156976669525,28.484302333047495,Monsoon,1,1
Eden Gardens,Kolkata,India,Test,2004-11-28,22.4,79.09110386500993,9.0,20.66777400895564,71.45845135777463,2,324.7580338839222,59.10671857730332,40.89328142269668,Post-Monsoon,0,1
Wankhede Stadium,Mumbai,India,T20,2008-11-22,29.45,88.5475250675799,15.6,22.783782197474796,88.99139442929958,2,149.1094831676418,59.07997357827597,40.92002642172403,Winter,1,1
Maharashtra Cricket Association Stadium,Pune,India,ODI,2019-06-04,30.0,88.13626249491327,19.8,24.371595179584016,65.56306693936945,1,264.75593488862387,64.65258819665105,35.34741180334895,Winter,0,1
Maharashtra Cricket Association Stadium,Pune,India,T20,2011-10-24,24.1,51.14553727421557,14.1,12.549489784572554,27.446916683935164,2,205.67658110385344,56.39663661359911,43.60336338640089,Winter,0,0
Eden Gardens,Kolkata,India,ODI,2005-02-19,28.0,79.85925787816277,10.1,23.006154588969043,66.55539109985762,1,300.23374003452386,60.31566055316665,39.68433944683335,Monsoon,1,1
Wankhede Stadium,Mumbai,India,T20,2024-06-21,28.1,62.51807347179202,20.9,16.711514175561003,27.78159143855511,2,185.37929318966357,44.988812836024366,55.011187163975634,Winter,0,0
Eden Gardens,Kolkata,India,T20,2017-10-12,28.25,83.32477059728785,12.3,23.813488627713305,55.0,2,140.7736364526762,61.4887321646471,38.5112678353529,Monsoon,1,1
Maharashtra Cricket Association Stadium,Pune,India,T20,2016-12-27,20.95,61.723098645810346,10.0,17.269950736448887,25.60630089731278,3,194.5432263212653,44.7621902467601,55.2378097532399,Winter,1,0
Maharashtra Cricket Association Stadium,Pune,India,ODI,2022-01-26,18.3,84.28660056765916,10.7,21.10192061372512,74.44470606368907,2,241.42931868821105,68.74709976869889,31.252900231301112,Monsoon,1,1
Wankhede Stadium,Mumbai,India,T20,2004-02-07,25.05,50.050129313605964,14.9,17.20297010663514,11.263687222051688,3,170.01043190024615,47.07267023291324,52.92732976708676,Winter,1,0
Narendra Modi Stadium,Ahmedabad,India,Test,2017-05-17,34.05,55.92188629695838,21.2,15.697058966289738,27.413262450066114,3,394.21400963869473,58.78673737605149,41.21326262394851,Post-Monsoon,1,0
Wankhede Stadium,Mumbai,India,ODI,2005-02-01,23.35,54.45813726309829,17.4,22.15809534009885,35.36341887367967,2,300.61383975983694,40.0,60.0,Summer,1,1
Punjab Cricket Association IS Bindra Stadium,Mohali,India,ODI,2010-06-11,33.0,89.8324371807656,17.5,21.02161983231145,75.3629921400906,2,265.3555076150685,64.16976466604764,35.83023533395236,Post-Monsoon,0,1
Eden Gardens,Kolkata,India,ODI,2018-12-03,21.6,41.61617308627381,10.9,16.954865041351347,12.116421446080846,6,271.38082340654745,36.80418667055091,63.19581332944909,Summer,0,2
Wankhede Stadium,Mumbai,India,T20,2004-09-21,27.1,83.52545761766908,12.9,22.14669571952709,70.918259782533,1,174.96137818943157,63.50409611049458,36.49590388950542,Winter,0,1
M. Chinnaswamy Stadium,Bengaluru,India,T20,2005-07-26,21.7,56.20959428953927,31.5,21.957794272371327,24.71852368658384,4,175.43489263173933,44.19958461178199,55.80041538821801,Summer,1,0
M. Chinnaswamy Stadium,Bengaluru,India,T20,2006-10-05,23.15,45.88412442726841,16.6,11.42097052753204,30.943760855698613,2,198.66061926950144,56.23395137862742,43.76604862137258,Post-Monsoon,1,0
Eden Gardens,Kolkata,India,ODI,2015-02-24,26.049999999999997,82.76473302903443,11.9,22.39361958995424,75.63784945649955,1,258.9419521276716,56.75614954726011,43.24385045273989,Monsoon,1,1
M. A. Chidambaram Stadium,Chennai,India,T20,2020-01-02,27.2,86.4,14.8,24.6,46.6,2,153.7183634374101,60.0883649371601,39.9116350628399,Monsoon,1,1
Eden Gardens,Kolkata,India,ODI,2021-01-22,19.5,33.883209285726814,10.1,4.818413158627063,28.29673807957529,4,245.97841830367204,43.20816219569008,56.79183780430992,Summer,1,2
Rajiv Gandhi International Stadium,Hyderabad,India,T20,2023-07-11,27.0,54.7296038542262,21.1,19.75557859909434,17.658990997698183,2,217.45975348616557,48.52147954752122,51.47852045247878,Winter,1,0
M. Chinnaswamy Stadium,Bengaluru,India,ODI,2002-10-04,24.65,55.453752968323904,14.2,18.52642809815045,35.20957354692794,3,302.97804945169025,45.56796327479877,54.43203672520123,Winter,1,0
Narendra Modi Stadium,Ahmedabad,India,Test,2008-03-22,27.35,68.0,10.3,19.22674761198501,14.389647281336714,2,355.76472016657715,53.97911018519026,46.02088981480974,Summer,0,0
Rajiv Gandhi International Stadium,Hyderabad,India,T20,2016-04-01,30.5,45.90925378525809,13.6,15.300344977318677,23.90063023581709,2,177.34557878270348,45.893228423905725,54.106771576094275,Winter,0,0
Eden Gardens,Kolkata,India,T20,2002-10-18,26.65,41.46075561380922,13.6,11.331187176836655,14.733334697386645,5,167.7986732492184,47.718126012610405,52.281873987389595,Summer,1,2
Eden Gardens,Kolkata,India,T20,2008-06-21,29.2,93.13635928790022,15.3,24.066594544487664,73.05521934002884,2,167.31840314443332,66.46443778920454,33.53556221079546,Post-Monsoon,0,1
Eden Gardens,Kolkata,India,ODI,2010-10-30,25.25,44.69538228499301,11.1,10.252895882168591,8.961636813631586,5,259.09387337575697,31.20944541892831,68.79055458107169,Winter,1,2
Wankhede Stadium,Mumbai,India,ODI,2014-04-22,30.700000000000003,81.24940767500931,18.5,22.030535310075123,68.52906817884815,1,261.5562471989891,58.751667303910395,41.248332696089605,Winter,0,1
Maharashtra Cricket Association Stadium,Pune,India,ODI,2006-10-12,25.45,71.87334779272405,6.0,22.41995494721804,78.82599637679891,1,280.1806786234153,60.856959823731145,39.143040176268855,Monsoon,0,1
Rajiv Gandhi International Stadium,Hyderabad,India,T20,2019-10-18,24.950000000000003,48.22717343310694,15.3,14.90865246243441,9.590606974480139,2,199.77033788743665,46.2396106514719,53.7603893485281,Post-Monsoon,0,0
Punjab Cricket Association IS Bindra Stadium,Mohali,India,T20,2024-04-22,30.8,83.16454977701908,24.2,20.532695263123372,87.28266367208985,1,169.6881765032662,55.20449206911715,44.79550793088285,Monsoon,1,1
Arun Jaitley Stadium,Delhi,India,Test,2012-06-26,36.3,39.20064904276019,28.8,14.627793705276133,30.57068652865894,7,280.02964610059183,32.15000757500526,67.84999242499474,Summer,0,2
M. A. Chidambaram Stadium,Chennai,India,T20,2017-01-04,24.9,74.8,13.0,19.7,27.0,7,147.82475181738283,35.56586835600399,64.43413164399601,Winter,1,2
Punjab Cricket Association IS Bindra Stadium,Mohali,India,T20,2002-03-04,18.5,89.39892955789801,19.9,22.38813206549182,68.1251526784164,1,166.4626140813421,57.51147714681127,42.48852285318873,Monsoon,1,1
M. A. Chidambaram Stadium,Chennai,India,T20,2017-03-30,30.2,71.6,14.8,24.2,16.6,4,184.91347668992879,38.54933336455622,61.45066663544378,Summer,0,2
Maharashtra Cricket Association Stadium,Pune,India,ODI,2017-01-28,22.8,62.23920571943009,13.7,16.554631427207283,12.847222542004877,3,297.0670670888934,51.13278464065822,48.86721535934178,Winter,1,0
Maharashtra Cricket Association Stadium,Pune,India,T20,2007-04-16,30.25,80.50799864735583,13.7,27.051911671937564,61.001388861800855,1,171.4361091431481,64.43196129620772,35.56803870379228,Monsoon,1,1
Wankhede Stadium,Mumbai,India,T20,2015-08-20,27.200000000000003,83.80786174428329,17.5,24.954386493761252,71.7917059884415,1,187.07861527437595,59.666801888451445,40.333198111548555,Monsoon,0,1
M. A. Chidambaram Stadium,Chennai,India,T20,2007-10-01,28.4,76.1,13.0,23.7,84.3,2,147.91551253460835,64.67170144235968,35.32829855764032,Post-Monsoon,1,1
Wankhede Stadium,Mumbai,India,ODI,2009-05-20,30.049999999999997,70.1959006782143,20.1,26.072302788092586,84.1401625093406,1,277.3379074317105,64.30058186423176,35.69941813576824,Monsoon,1,1
Narendra Modi Stadium,Ahmedabad,India,ODI,2018-04-12,31.85,57.06392820279658,15.5,16.091853492971307,40.27988390161892,3,284.3118578896586,47.50159520699476,52.49840479300524,Summer,0,0
Rajiv Gandhi International Stadium,Hyderabad,India,ODI,2000-01-16,25.2,68.0,13.6,15.348014153514464,27.055403928462198,2,308.89191718402856,53.15416813384646,46.84583186615354,Summer,0,0
Wankhede Stadium,Mumbai,India,Test,2003-08-27,25.9,78.25372729255962,21.7,21.164938826945406,83.08950572956428,2,304.72507833876614,67.16683775040272,32.83316224959728,Monsoon,1,1
Narendra Modi Stadium,Ahmedabad,India,T20,2022-01-04,23.25,41.83466074054429,9.6,16.873121382462067,28.122004566335367,2,198.12365090413547,48.19830318260727,51.80169681739273,Summer,0,0
Sawai Mansingh Stadium,Jaipur,India,T20,2007-03-08,19.9,41.77960811484241,10.1,13.39181768350784,18.134005672573938,5,160.2702040048511,25.0,75.0,Winter,1,2
Sawai Mansingh Stadium,Jaipur,India,T20,2002-04-29,31.75,49.70013866095982,19.6,12.649340782946577,17.030281562211044,4,137.75604813520408,38.69126952641401,61.30873047358599,Summer,0,2
Narendra Modi Stadium,Ahmedabad,India,ODI,2017-11-22,24.05,68.0,13.4,15.562418328753182,18.246595635639295,2,306.946302242434,49.96815126332471,50.03184873667529,Summer,1,0
Eden Gardens,Kolkata,India,ODI,2023-09-17,29.55,55.0,12.9,6.258982046463395,21.573292122231226,5,276.0405120980422,34.29259615948391,65.7074038405161,Winter,0,2
Maharashtra Cricket Association Stadium,Pune,India,ODI,2024-02-19,26.65,60.582783335177666,17.1,10.0,28.35505352303248,2,321.6200563181526,49.751086684185914,50.248913315814086,Winter,1,0
Rajiv Gandhi International Stadium,Hyderabad,India,Test,2009-12-20,23.15,51.17469049590647,13.1,17.724170383993346,5.0,3,364.73097589492295,51.36233537945595,48.63766462054405,Winter,1,0
Narendra Modi Stadium,Ahmedabad,India,Test,2009-04-20,33.0,61.23677015911304,19.9,13.422550607123203,32.54400132166804,3,329.57013357680137,56.797667792753835,43.202332207246165,Winter,0,0
Rajiv Gandhi International Stadium,Hyderabad,India,T20,2001-12-01,24.3,56.003462851153685,12.9,18.880663164354576,13.05939519975353,3,202.0997789409234,58.979174046896375,41.020825953103625,Summer,0,0
Narendra Modi Stadium,Ahmedabad,India,T20,2007-04-01,31.25,40.68998597081897,15.1,11.978896830294683,18.30303995591679,7,161.68920964094255,39.78274987824271,60.21725012175729,Summer,0,2
Narendra Modi Stadium,Ahmedabad,India,T20,2002-09-14,26.9,50.850889205045746,10.5,12.104030109483556,10.08643382695457,5,135.5283448752793,34.70123194590883,65.29876805409117,Summer,1,2
M. Chinnaswamy Stadium,Bengaluru,India,ODI,2003-12-07,19.3,59.28539457694358,13.3,18.826203078183244,34.3492648284365,3,285.542716015986,48.02245454973686,51.97754545026314,Winter,1,0
Eden Gardens,Kolkata,India,Test,2018-11-16,24.85,35.85764341059854,10.4,11.636341103393672,21.05352427583691,7,285.7453074436783,34.568370415634845,65.43162958436515,Summer,0,2
Maharashtra Cricket Association Stadium,Pune,India,T20,2011-06-26,23.8,91.0501646097084,17.1,23.280586704604893,78.0334658437797,2,124.04242411271241,57.62119792684484,42.37880207315516,Monsoon,1,1
Wankhede Stadium,Mumbai,India,T20,2004-03-01,27.7,84.31279206843257,18.4,24.45212856566878,77.49892526562027,1,167.29638403081782,57.04624108971754,42.95375891028246,Winter,1,1
Eden Gardens,Kolkata,India,ODI,2006-10-09,28.4,86.05258282766066,7.7,21.589306345224642,63.74635203909235,2,296.60717317015457,56.11086873051776,43.88913126948224,Post-Monsoon,1,1
Narendra Modi Stadium,Ahmedabad,India,T20,2000-03-16,25.9,54.68449811437586,10.8,14.674210609603369,25.82462647462552,4,179.18282678325053,54.710632959156,45.289367040844,Summer,1,0
Maharashtra Cricket Association Stadium,Pune,India,T20,2003-07-28,23.799999999999997,69.42172337853727,20.8,19.799548735623944,77.23472755147051,1,113.43794619706874,63.066633117427486,36.933366882572514,Monsoon,1,1
Wankhede Stadium,Mumbai,India,T20,2015-07-28,26.85,86.89128434192553,32.8,21.985784845290787,90.73382640813455,2,191.78143267762488,67.4224062170985,32.5775937829015,Winter,1,1
Narendra Modi Stadium,Ahmedabad,India,T20,2000-07-06,29.549999999999997,28.878712646990156,14.9,12.34344115016813,18.466194647483572,4,155.18493513607322,37.25630590567937,62.74369409432063,Summer,0,2
Wankhede Stadium,Mumbai,India,T20,2007-08-19,25.85,42.45783813710624,17.3,22.368816787379238,18.32754233769007,4,196.94789530096517,55.01554611827618,44.98445388172382,Post-Monsoon,0,1
Punjab Cricket Association IS Bindra Stadium,Mohali,India,T20,2002-08-21,28.9,83.61298102297286,15.9,23.908656216161965,77.75528851913309,1,169.45000181305738,68.47982979910866,31.520170200891343,Monsoon,1,1
Sawai Mansingh Stadium,Jaipur,India,ODI,2012-08-31,27.15,37.29632759215058,10.2,10.351483330034103,18.811200267242054,6,265.0430455052374,38.85271762777669,61.14728237222331,Summer,1,2
M. A. Chidambaram Stadium,Chennai,India,T20,2003-06-15,31.35,55.0,23.4,11.30042873738023,6.034717992997061,6,151.36290585724984,44.66612775344667,55.33387224655333,Summer,1,2
Wankhede Stadium,Mumbai,India,T20,2011-11-26,27.95,51.19269115933681,15.6,18.76341317680087,20.199784893249113,3,164.8479278489648,43.54232029509986,56.45767970490014,Summer,1,0
Eden Gardens,Kolkata,India,T20,2022-07-16,29.450000000000003,35.018026397537426,22.9,8.158250299312098,15.616192937524833,5,170.17123072519578,42.240604038277716,57.759395961722284,Winter,0,2
Wankhede Stadium,Mumbai,India,ODI,2015-05-29,30.799999999999997,62.62838230739528,22.0,10.0,18.442073645627346,4,296.7612987047727,50.512029824330526,49.487970175669474,Summer,1,0
Eden Gardens,Kolkata,India,ODI,2001-03-23,27.75,20.0,9.5,15.664585493081407,9.766465253831415,5,280.2343469904269,36.72337012710411,63.27662987289589,Winter,1,2
Eden Gardens,Kolkata,India,T20,2008-03-29,30.400000000000002,78.24792524337087,17.2,24.64899352648573,63.26027439354259,2,168.32926798242028,65.11270125080847,34.88729874919153,Post-Monsoon,1,1
Eden Gardens,Kolkata,India,ODI,2009-01-02,20.15,80.90290061614424,8.0,25.24780870999778,57.27729384166314,2,279.9247593168242,59.57350918806225,40.42649081193775,Monsoon,0,1
Sawai Mansingh Stadium,Jaipur,India,ODI,2008-07-26,30.85,37.29658072464082,14.4,16.551389701531264,18.687992520041725,5,299.09256199662457,40.46992716392311,59.53007283607689,Summer,0,2
Punjab Cricket Association IS Bindra Stadium,Mohali,India,T20,2010-03-24,29.5,83.13181422447859,9.8,23.52924689867453,79.5879623149816,2,170.10024210827106,60.79070397967478,39.20929602032522,Monsoon,1,1
Eden Gardens,Kolkata,India,T20,2002-08-31,27.0,81.03265366177575,13.7,22.728394564887125,67.41790125780511,1,177.22449582741135,63.27229311471727,36.72770688528273,Post-Monsoon,1,1
Narendra Modi Stadium,Ahmedabad,India,Test,2015-12-16,19.55,29.382177004201928,12.7,12.84952322740341,17.98742396424643,5,296.5972929190402,45.224044471532935,54.775955528467065,Summer,1,2
Eden Gardens,Kolkata,India,T20,2015-10-12,27.15,85.16474385488192,8.4,26.53048344583228,73.5971638439554,2,175.75870133417288,55.82617029724707,44.17382970275293,Post-Monsoon,1,1
M. Chinnaswamy Stadium,Bengaluru,India,T20,2012-06-01,26.05,56.62639076723597,20.5,19.12047608257388,23.103159862097286,4,201.9947427939877,54.13622214355965,45.86377785644035,Summer,0,0
Wankhede Stadium,Mumbai,India,T20,2011-11-26,27.95,86.21285111382494,15.6,21.72344602765156,72.82184352067756,1,133.0871058189795,64.62134669358872,35.37865330641128,Winter,0,1
M. Chinnaswamy Stadium,Bengaluru,India,T20,2003-02-08,23.15,46.460972062153445,19.7,18.473489255628355,25.03218375537778,4,190.85731994910088,55.61993176743184,44.38006823256816,Post-Monsoon,1,0
Narendra Modi Stadium,Ahmedabad,India,Test,2005-11-13,23.35,33.9407953887966,9.0,9.529333549883674,10.879834001891176,6,300.54037089549854,42.17349736861567,57.82650263138433,Winter,0,2
Arun Jaitley Stadium,Delhi,India,T20,2021-04-06,30.0,30.79446253029859,15.8,11.032956540582576,25.03163222160714,6,127.43407238397924,46.551483748827195,53.448516251172805,Winter,1,2
Eden Gardens,Kolkata,India,T20,2002-07-03,28.25,90.30797414795727,15.6,21.063261900629495,57.4706053306962,2,178.84111893561462,57.242244357434615,42.757755642565385,Monsoon,1,1
M. A. Chidambaram Stadium,Chennai,India,T20,2021-02-06,24.9,68.5,24.1,18.2,28.4,7,164.38883446979165,46.60067324988749,53.39932675011251,Summer,1,2
Wankhede Stadium,Mumbai,India,ODI,2015-12-28,25.05,77.92544542905283,14.1,26.102654812522008,65.58135537106519,1,263.03706835841723,69.89530103928192,30.104698960718082,Monsoon,1,1
Punjab Cricket Association IS Bindra Stadium,Mohali,India,T20,2020-09-09,30.25,82.73754770684393,14.8,24.009072931994762,84.40730325309526,1,150.45719320800274,58.78527259845077,41.21472740154923,Post-Monsoon,0,1
Eden Gardens,Kolkata,India,T20,2010-08-01,27.85,82.48821966372242,15.2,19.702221361689958,84.43088607597892,2,156.58693862069245,55.779054865650714,44.220945134349286,Monsoon,1,1
Punjab Cricket Association IS Bindra Stadium,Mohali,India,ODI,2012-09-17,27.35,85.08867131106209,7.9,26.49354692844736,79.72111378774017,1,235.31968796232601,66.72669715267052,33.273302847329475,Monsoon,1,1
Narendra Modi Stadium,Ahmedabad,India,T20,2012-12-05,25.450000000000003,49.771276337357165,14.3,17.835275211051112,18.324631175286385,2,166.91569374859955,46.772304768202055,53.227695231797945,Post-Monsoon,1,2
Maharashtra Cricket Association Stadium,Pune,India,T20,2020-11-29,24.35,67.58090932377114,18.9,22.711719588604673,25.42430994583139,4,181.42670346256105,52.43791769935019,47.56208230064981,Summer,1,0
Sawai Mansingh Stadium,Jaipur,India,T20,2019-06-14,34.4,42.19350274250217,19.1,6.761702348322901,0.0,5,150.92335949542496,39.72823207304809,60.27176792695191,Summer,1,2
Narendra Modi Stadium,Ahmedabad,India,Test,2001-02-09,22.1,28.913631304880816,11.5,13.098529419376234,3.741807380742067,5,293.236082742227,48.0,52.0,Summer,1,2
Wankhede Stadium,Mumbai,India,ODI,2011-12-27,23.75,93.41020626639514,17.7,18.982728471843885,81.88075214519394,1,301.780064567718,56.90628531739561,43.09371468260439,Monsoon,1,1
Wankhede Stadium,Mumbai,India,T20,2016-03-11,29.299999999999997,87.05219770824525,17.7,26.697414335912878,77.08019416461367,2,140.04445044526997,59.834362410684676,40.165637589315324,Monsoon,1,1
Narendra Modi Stadium,Ahmedabad,India,T20,2002-08-21,28.0,40.0,13.9,19.47871531173302,10.533781374358256,4,169.58862987698453,52.090233268997835,47.909766731002165,Summer,1,2
Wankhede Stadium,Mumbai,India,T20,2023-10-19,29.35,90.82447279293274,16.1,23.5638577969263,70.1681298270416,1,185.86525829559142,62.951096802920695,37.048903197079305,Monsoon,0,1
Maharashtra Cricket Association Stadium,Pune,India,ODI,2000-05-07,29.299999999999997,61.092684489739945,17.1,17.099437160520136,32.13014861077521,2,297.6435176220578,55.47811828002018,44.52188171997982,Winter,1,0
M. A. Chidambaram Stadium,Chennai,India,ODI,2010-11-12,27.3,85.5,18.4,24.6,49.4,5,262.9731254270054,36.80620309162011,63.19379690837989,Summer,0,1
Narendra Modi Stadium,Ahmedabad,India,T20,2024-05-06,34.05,52.34198487668325,16.6,21.238094342480046,15.500268109844692,3,198.50413089856661,46.1268028312509,53.8731971687491,Winter,0,0
Arun Jaitley Stadium,Delhi,India,Test,2020-11-23,15.649999999999999,20.0,9.0,6.864307569193673,16.107155804413367,5,308.8062174751092,38.97171679702551,61.02828320297449,Summer,0,2
Eden Gardens,Kolkata,India,T20,2009-01-12,22.15,88.60005661292462,9.7,25.396485201943364,77.16068537674701,1,145.31662143533168,53.0,47.0,Winter,0,1
Narendra Modi Stadium,Ahmedabad,India,T20,2003-10-24,26.45,56.87610648950599,10.2,15.476592641416836,26.895736941628705,2,156.320753173777,50.9080403840027,49.0919596159973,Post-Monsoon,1,0
M. Chinnaswamy Stadium,Bengaluru,India,T20,2006-02-23,22.3,52.50666704497861,18.2,16.528336140827566,34.87517960731158,2,213.99429556134126,51.10019523643367,48.89980476356633,Post-Monsoon,0,0
Eden Gardens,Kolkata,India,Test,2022-08-03,28.6,39.605654865292806,10.7,11.442471963298816,15.111852522189665,6,305.07227342513926,46.71376974641255,53.28623025358745,Summer,0,2
Eden Gardens,Kolkata,India,T20,2019-08-17,27.55,80.26408777461351,11.5,24.496677324679943,82.94548275233457,2,169.87396719710244,54.297043759924584,45.702956240075416,Post-Monsoon,0,1
Eden Gardens,Kolkata,India,T20,2019-06-29,30.65,81.22936468659378,13.4,21.042755701033425,70.64462873251722,1,181.65935391901954,60.1128620307731,39.8871379692269,Monsoon,1,1
Maharashtra Cricket Association Stadium,Pune,India,ODI,2005-11-22,22.2,43.18261828540626,15.6,21.501563326583636,24.752081229317575,4,307.3410682524217,60.0,40.0,Winter,1,0
Arun Jaitley Stadium,Delhi,India,T20,2023-04-14,29.599999999999998,53.314603268830254,17.0,14.504010155979774,7.863292774960195,7,168.82492939714234,45.14004648948254,54.85995351051746,Summer,0,2
M. A. Chidambaram Stadium,Chennai,India,ODI,2023-01-22,26.6,71.0,22.3,20.8,53.4,7,300.18973872358083,33.76394289428775,66.23605710571225,Winter,1,2
M. Chinnaswamy Stadium,Bengaluru,India,ODI,2020-02-04,22.05,56.15364638818549,18.8,15.658519721194299,23.26925141668224,4,305.9844639406431,49.8017236023419,50.1982763976581,Winter,1,0
Eden Gardens,Kolkata,India,Test,2007-08-27,27.85,93.03635333316883,14.7,25.286630960184837,70.51265409232792,1,320.54041785591215,61.08939216254201,38.91060783745799,Monsoon,1,1
Wankhede Stadium,Mumbai,India,ODI,2010-11-22,26.95,68.0,15.6,11.071688949470579,25.96995687447359,4,314.4693609632254,56.91905874427805,43.08094125572195,Summer,1,0
Wankhede Stadium,Mumbai,India,ODI,2018-11-10,28.7,80.88484378705485,17.5,25.996628974629722,68.37162799366513,1,265.22938057367304,68.1303906110634,31.869609388936595,Monsoon,1,1
Sawai Mansingh Stadium,Jaipur,India,T20,2009-05-30,30.05,47.40548322584813,13.6,14.56500961507681,15.503237439629668,5,138.14861859855193,36.342528450975664,63.657471549024336,Summer,1,2
M. A. Chidambaram Stadium,Chennai,India,T20,2000-09-01,30.700000000000003,38.3984002761755,14.9,6.591674885840947,17.70141296760211,6,152.44731484069894,45.8642442764204,54.1357557235796,Summer,0,2
M. Chinnaswamy Stadium,Bengaluru,India,T20,2004-04-14,26.8,44.2178259487758,9.0,19.047225384614492,30.189737958276073,2,180.13938592950052,50.6579308936083,49.3420691063917,Winter,1,0
Sawai Mansingh Stadium,Jaipur,India,ODI,2011-05-07,30.549999999999997,33.76448458107141,17.0,10.717212337242328,3.9381728691469498,5,238.68866128088953,29.35376443985851,70.64623556014149,Winter,1,2
Sawai Mansingh Stadium,Jaipur,India,ODI,2020-06-23,32.8,44.9430088005209,20.9,9.375272414617166,34.35858598781317,5,244.76128599974885,41.19341861531739,58.80658138468261,Summer,1,2
Punjab Cricket Association IS Bindra Stadium,Mohali,India,T20,2009-01-16,18.5,83.92267458870903,9.2,26.235400809792882,81.44412306477038,2,184.0339960545521,56.494071746951484,43.505928253048516,Post-Monsoon,1,1
Rajiv Gandhi International Stadium,Hyderabad,India,T20,2000-08-05,26.95,40.988752580114934,10.3,11.713410688586176,17.723532607286874,4,171.80388244689655,43.422638600059436,56.577361399940564,Summer,1,2
Wankhede Stadium,Mumbai,India,T20,2004-07-18,27.1,70.77907230074948,23.2,19.717438345614376,69.84388505050605,2,155.5293655887185,53.0,47.0,Winter,1,1
Eden Gardens,Kolkata,India,T20,2020-06-07,30.25,79.68512463344298,11.9,18.935768483717993,69.13490944621809,2,165.33447814864934,68.68852800398571,31.31147199601429,Monsoon,1,1
Eden Gardens,Kolkata,India,T20,2013-12-30,19.3,84.6110120278903,11.6,22.517805100274767,83.7560033823085,2,168.70669832692568,68.07400293092194,31.925997069078065,Post-Monsoon,1,1
Narendra Modi Stadium,Ahmedabad,India,T20,2021-08-25,29.85,38.44191407431093,16.8,9.962145109500367,12.479160735582933,5,174.36807635879245,39.77221089443202,60.22778910556798,Summer,0,2
Maharashtra Cricket Association Stadium,Pune,India,Test,2022-07-15,24.25,44.68803436535992,28.7,17.190545530295005,9.834499082624465,3,337.2659693720628,46.81503550989397,53.18496449010603,Winter,1,0
Narendra Modi Stadium,Ahmedabad,India,Test,2006-03-18,27.25,44.220876242228286,12.8,13.6341757367246,7.015975864915687,6,297.6811144492949,38.35816013584231,61.64183986415769,Summer,1,2
Wankhede Stadium,Mumbai,India,Test,2020-05-14,30.2,41.55297533487024,24.3,12.287800987181212,31.738647663719263,3,376.89757276864395,47.55103446232242,52.44896553767758,Winter,1,0
M. A. Chidambaram Stadium,Chennai,India,T20,2024-02-06,26.7,76.4,18.4,22.1,36.4,1,168.76739894085236,61.46725094771877,38.53274905228123,Winter,1,1
M. A. Chidambaram Stadium,Chennai,India,T20,2016-10-20,28.8,70.2,16.6,22.4,28.2,5,171.91318665970314,37.76929497876163,62.23070502123837,Summer,0,2
M. A. Chidambaram Stadium,Chennai,India,T20,2013-05-12,33.2,59.7,18.4,23.6,37.5,2,166.3492615593129,56.887261567682515,43.112738432317485,Post-Monsoon,0,1
Narendra Modi Stadium,Ahmedabad,India,T20,2000-01-18,22.95,29.73091467584871,17.4,10.468176015548002,17.78856036207442,6,169.38555717477553,34.63733317644903,65.36266682355097,Winter,0,2
Rajiv Gandhi International Stadium,Hyderabad,India,ODI,2012-11-28,23.2,49.73874677638973,10.0,12.497403202590077,26.328183931214124,4,310.52629553046995,53.378426929222144,46.621573070777856,Winter,1,0
Wankhede Stadium,Mumbai,India,T20,2024-05-24,31.5,60.574315391464694,18.4,16.236278530291138,24.823633499677246,4,186.06531047504637,44.36834569903711,55.63165430096289,Winter,1,0
Wankhede Stadium,Mumbai,India,T20,2010-09-13,26.5,81.44206890935581,18.0,19.641499795287874,79.33689731403035,2,183.84001169296712,58.669495016545966,41.330504983454034,Monsoon,0,1
Eden Gardens,Kolkata,India,T20,2001-05-28,29.4,93.91243816666915,9.5,27.758650749552864,76.0315460115558,1,134.9891078972178,60.75120989181948,39.24879010818052,Monsoon,0,1
M. A. Chidambaram Stadium,Chennai,India,ODI,2020-10-22,27.8,85.5,22.3,24.9,81.3,1,306.0376883634924,63.757869814383646,36.242130185616354,Monsoon,1,1
Maharashtra Cricket Association Stadium,Pune,India,T20,2013-05-12,28.9,71.27891409648534,16.6,22.505815293295246,77.79809844048208,1,172.47356882017579,61.100084510917526,38.899915489082474,Post-Monsoon,1,1
